config_id,epoch,train_mse,train_mae,train_rmse,train_pearson,valid_mse,valid_mae,valid_rmse,valid_pearson,learning_rate
0,1,0.04094544678238856,0.15305975,0.20223597,0.6840431903599986,0.02652624785804181,0.11935735,0.16400555,0.7707624815484049,1e-05
0,2,0.01866031850434657,0.10516671,0.13661513,0.8651538378846102,0.021299274107958708,0.10650356,0.14690804,0.8287678520382954,1e-05
0,3,0.013895901025228842,0.090446636,0.11789514,0.9014191540352677,0.022513677656846726,0.11469096,0.1510929,0.8331675085202352,1e-05
0,4,0.00853222779904886,0.07159148,0.092368454,0.9404283575968427,0.019156424585229682,0.10363891,0.13932168,0.8514881165723097,1e-05
0,5,0.00559676188736078,0.05771956,0.07481293,0.9612910083234841,0.02091746634795089,0.11060369,0.14557527,0.8731416413049833,1e-05
1,1,0.038840340738656394,0.14919966,0.19704321,0.7020471010051007,0.024878471763157804,0.11451888,0.15879194,0.7973333097012216,2e-05
1,2,0.018478673442621024,0.10475166,0.13591656,0.8674935505560231,0.019139975796498995,0.10160606,0.13931794,0.8395274383204917,2e-05
1,3,0.010966892686028417,0.081276104,0.10473018,0.9229403065765229,0.023018433654215187,0.11048554,0.15256184,0.8483476043487223,2e-05
1,4,0.00834850236907042,0.07005616,0.09137452,0.941807833983006,0.022441359744536586,0.11270251,0.15082686,0.8516044471109139,2e-05
1,5,0.005184281065008249,0.056425966,0.072009906,0.9642123598950061,0.020687004590096574,0.105704844,0.14476848,0.8692966294580408,2e-05
2,1,0.06932462722707157,0.20454925,0.2632011,0.32957671145135636,0.0543400760722795,0.18728043,0.23462716,0.4038889615447985,5e-05
2,2,0.050216270813396933,0.17510544,0.22411554,0.5643211097627981,0.032717204118078505,0.13816068,0.1800566,0.7596432790902375,5e-05
2,3,0.024831989302711178,0.114285566,0.15761898,0.8141962798792873,0.0308044619159773,0.129185,0.17635533,0.8001604788435336,5e-05
2,4,0.01810680073529545,0.09524315,0.13459426,0.8684109312297336,0.02060112940886972,0.10013691,0.14443263,0.8355101398487477,5e-05
2,5,0.011676043165794552,0.07957358,0.10805151,0.9173537179982009,0.02030669097762762,0.10370525,0.14339054,0.8462279829173612,5e-05
3,1,0.0582053125347718,0.16083133,0.24116418,0.6018918797383924,0.03264953451192317,0.12682252,0.18164374,0.7356931122247227,0.0001
3,2,0.021876283691190705,0.1129115,0.1479019,0.8420789253590654,0.02108585928282183,0.10240319,0.14599615,0.8239398290959111,0.0001
3,3,0.013615536499821806,0.091385245,0.11666062,0.9038714338289054,0.026956476525541534,0.12200351,0.16498268,0.8369226067421728,0.0001
3,4,0.010066591559666662,0.078140445,0.100312166,0.9298006865851844,0.020603427016693685,0.10762382,0.14442962,0.8367501901070369,0.0001
3,5,0.00863431928356077,0.07225915,0.09293658,0.9398813869985009,0.01781209851442664,0.09893596,0.13417852,0.8617575693272754,0.0001
4,1,0.03198780377817593,0.13554282,0.17882243,0.7618620545041744,0.02419882405350313,0.11412905,0.15665136,0.7944842811573947,1e-05
4,2,0.014513293410940792,0.09242217,0.12047179,0.8968610684033521,0.019600997088235563,0.10134283,0.14072146,0.8349730177788965,1e-05
4,3,0.010642982208660681,0.080483645,0.10316691,0.9253470382485591,0.029816643231444888,0.13514458,0.17330611,0.8184469629938586,1e-05
4,4,0.006504743981686345,0.062973924,0.08066169,0.9549621040384398,0.019059954935477838,0.103160776,0.13899966,0.8506919296982194,1e-05
4,5,0.0048545064537903046,0.053326774,0.06965787,0.9665620475300024,0.022799999341023742,0.1149748,0.15153262,0.8608038381686963,1e-05
4,6,0.003554308296269117,0.04599198,0.05961582,0.9756498939910422,0.017415258091339772,0.09686868,0.13186757,0.8657429615845114,1e-05
4,7,0.0031733467017232633,0.043897137,0.056348223,0.9782704811238386,0.01682412017059202,0.09167667,0.1305452,0.861687849576256,1e-05
4,8,0.0026434177852934226,0.038826197,0.051397447,0.9819221445431054,0.015730925399111584,0.08942422,0.12593015,0.880364450856597,1e-05
4,9,0.0025255858888846897,0.038223997,0.050228916,0.9827947300347902,0.015207589386220745,0.0932273,0.12415663,0.8768389580465911,1e-05
4,10,0.00297279349714164,0.041936148,0.054520365,0.9797126489414278,0.018699522496684006,0.1014061,0.13668326,0.8739574085785466,1e-05
5,1,0.037136935489007414,0.14604484,0.19269934,0.72095123219765,0.025105545782328893,0.1185918,0.1593761,0.8119656933132384,2e-05
5,2,0.01702908553981666,0.101122454,0.13048604,0.8788271747658453,0.017272859105206508,0.0976288,0.13232218,0.8554786511107172,2e-05
5,3,0.011310512891893871,0.082668036,0.106346965,0.9206841352625738,0.03055795868082593,0.13588879,0.17528266,0.8451951875793194,2e-05
5,4,0.00654559169381054,0.06299483,0.080917805,0.9546910313152035,0.01810001129396605,0.09786253,0.13541825,0.8548978491972591,2e-05
5,5,0.004802796931233677,0.053678118,0.0692764,0.9669529836590166,0.01882264764841508,0.09984242,0.13813466,0.8745177968268425,2e-05
5,6,0.003797504158300798,0.047545888,0.061625145,0.9739608736741612,0.018921242308958124,0.10082342,0.13817444,0.8649714595603571,2e-05
5,7,0.003797994054714925,0.048227854,0.06163241,0.9740050225505305,0.016448871232838697,0.09328561,0.12914282,0.8646094687750373,2e-05
5,8,0.0037978830120333,0.047431767,0.06163525,0.9739822351910915,0.01693033878432794,0.09424674,0.13093765,0.8752149369977388,2e-05
5,9,0.003361035194281281,0.045282904,0.05789176,0.977055467458075,0.018540897042300827,0.10659059,0.13687977,0.8752713898799354,2e-05
5,10,0.0036684958348449192,0.047436904,0.060578365,0.9749376567660647,0.020177548699494865,0.105274394,0.1427472,0.8705491128361641,2e-05
6,1,0.09858349744702698,0.24663888,0.3138969,0.011222027754061852,0.06449466645372687,0.20847306,0.25549367,-0.15624305943519767,5e-05
6,2,0.07565245914455747,0.22428192,0.2750185,-0.017257653528038815,0.06918162488620039,0.21948853,0.26423982,0.23889529794239217,5e-05
6,3,0.07616202542003436,0.2261394,0.27597615,0.004503738682232306,0.08999100198141402,0.2618185,0.30069193,0.374430191742376,5e-05
6,4,0.0770458845393384,0.22763969,0.27758455,-0.007162659008268964,0.07796418899670243,0.23750173,0.2801651,0.4539113498461834,5e-05
6,5,0.07659381199285396,0.22634007,0.27682003,-0.020661255302952795,0.06441158867717066,0.2064482,0.25540912,0.5383357693477854,5e-05
6,6,0.07464457678534613,0.22327198,0.27326825,0.13092463883973657,0.06807498440698341,0.21718286,0.26217657,-0.22397985689879638,5e-05
6,7,0.07668130002153176,0.22648336,0.27699023,-0.04418260567331314,0.06480051035544386,0.20979807,0.25604442,-0.29407677339435845,5e-05
6,8,0.07596421967071229,0.22570184,0.27557683,-0.03575184862446687,0.07025721246652582,0.22171329,0.26623452,-0.18026367984643463,5e-05
6,9,0.07673648686477888,0.22703524,0.2769298,-0.015000806759824441,0.0669814537934683,0.21495995,0.26012743,0.07108788800813678,5e-05
6,10,0.07551191745230179,0.2246583,0.2747451,0.014466295652051367,0.06587624142843264,0.21259773,0.25805113,0.24841935885977498,5e-05
7,1,0.05497820564914521,0.16548136,0.23439145,0.5955685361645514,0.027913113227609924,0.120516494,0.16823097,0.7649350778745753,0.0001
7,2,0.02242615002057315,0.11306581,0.14972323,0.8383390992565944,0.02055300924284556,0.10333029,0.14433898,0.8318534822288188,0.0001
7,3,0.01550370816131303,0.09717735,0.124515876,0.8903227038064246,0.02070515935257491,0.10696823,0.14468938,0.865211963737312,0.0001
7,4,0.011105317329140881,0.08272976,0.10539083,0.9221432668841382,0.026637284115336283,0.109307356,0.16434878,0.8258403518066886,0.0001
7,5,0.009978023837834584,0.0783596,0.09990165,0.9304215939004612,0.014702877610371043,0.089705765,0.12210328,0.8895616777800285,0.0001
7,6,0.007103590463867757,0.06489772,0.0843047,0.950796755395769,0.017781825263581495,0.09567959,0.13428393,0.8550853334873081,0.0001
7,7,0.0063613297003948304,0.06263138,0.07977938,0.956046669984003,0.01857255674473924,0.09774252,0.13723202,0.8652423927623208,0.0001
7,8,0.006104439390107142,0.059434477,0.07813979,0.9579427550888753,0.017386231755490707,0.100576594,0.13277353,0.8717335997067345,0.0001
7,9,0.006943975301093866,0.064858474,0.08332708,0.952097971576352,0.019136752917094983,0.09895047,0.13926716,0.8515577692546114,0.0001
7,10,0.007812407721817563,0.0685058,0.08839868,0.9459552040490875,0.019187797187542956,0.10337115,0.13936523,0.8623215935543316,0.0001
8,1,0.037651339302815404,0.14342584,0.19400975,0.7235432139593893,0.024468710954408834,0.11757979,0.15752244,0.7930916715423172,1e-05
8,2,0.015501137440844664,0.09621848,0.12449958,0.8894628816299481,0.017755048166253364,0.09969414,0.13408373,0.8533639573881109,1e-05
8,3,0.01108370868028925,0.081270896,0.105296716,0.9221165964501525,0.024029211738336557,0.118334986,0.15588407,0.814724934710494,1e-05
8,4,0.0071045549261853184,0.06602531,0.084286824,0.9507180220428093,0.01777554614926447,0.10254659,0.13419417,0.852472131494782,1e-05
8,5,0.005255778814966803,0.05539301,0.072489776,0.9637381390423797,0.020891474408994394,0.1103243,0.14533533,0.8686324940328368,1e-05
8,6,0.003786049336659429,0.047997594,0.061528124,0.9740437191071647,0.015807999084817885,0.091560684,0.12660538,0.8704115325825674,1e-05
8,7,0.0033340771479938624,0.044240322,0.057755835,0.9771597927896057,0.016029978390886553,0.09291408,0.12745783,0.8684431507188382,1e-05
8,8,0.0028147170907737813,0.040127013,0.05302345,0.9807504235877981,0.017122228089310403,0.09823315,0.13174763,0.8654364812562716,1e-05
8,9,0.0025076166764116587,0.037995633,0.050044898,0.9828906816747444,0.01611295528172613,0.09237387,0.12782733,0.8692246903008602,1e-05
8,10,0.0023880179599209696,0.03745672,0.048874266,0.9836917892607075,0.01732466247200069,0.09698451,0.1322261,0.8756120249875704,1e-05
8,11,0.004160225041852976,0.048571326,0.064503215,0.9716027680980907,0.016201123476666572,0.09491495,0.12786077,0.8720990557612462,1e-05
8,12,0.0032801037939981,0.04284487,0.05719967,0.9775902337666068,0.014964079444393132,0.08860414,0.12318411,0.8771232461910309,1e-05
8,13,0.002302264644054176,0.036050353,0.0479929,0.9842857019381127,0.014335142125168608,0.08739913,0.12053985,0.8825550509115146,1e-05
8,14,0.02470093533731211,0.10006874,0.15720978,0.8154951094444691,0.021312144514889008,0.11002398,0.14699,0.8313241291642154,1e-05
8,15,0.012092893459033395,0.08419866,0.109988324,0.91426570043321,0.016642270195276337,0.09115806,0.1298945,0.8661819535425397,1e-05
8,16,0.0064924120054108084,0.062751055,0.080591135,0.9549056771983172,0.01621596717861259,0.08918142,0.1282336,0.8795826973251304,1e-05
8,17,0.0039198400422719715,0.04809102,0.06260969,0.9730351911082206,0.014565799358361229,0.08601882,0.12151335,0.8821878040566012,1e-05
8,18,0.0023563484998457146,0.036258604,0.04833807,0.984017109382436,0.01410383609860825,0.084290534,0.11950433,0.886420150224037,1e-05
8,19,0.0018764108575188428,0.031803414,0.04328793,0.9872014128303237,0.014666398275747068,0.08675882,0.12185238,0.8789484159437507,1e-05
8,20,0.0015212063203762227,0.028091954,0.038938135,0.9896569070675928,0.015076076414078233,0.08533306,0.12358135,0.8805093280056306,1e-05
9,1,0.03614019460700182,0.14417543,0.19005537,0.7311696197542996,0.023882963839073287,0.1144792,0.15533319,0.8156441108957195,2e-05
9,2,0.015977350203293186,0.09694539,0.1264051,0.8863956686006297,0.017634107272493163,0.09520627,0.13372442,0.8528352337836116,2e-05
9,3,0.009549326424391191,0.07556737,0.09774314,0.9332643746156133,0.030374392155661352,0.14144416,0.17515883,0.8535068572084412,2e-05
9,4,0.0062604978246501184,0.061487533,0.07909718,0.956810400645766,0.01871320209034753,0.09920066,0.1376915,0.8513991592318619,2e-05
9,5,0.004106253507875111,0.04962202,0.06408998,0.9717605146328345,0.01893098809523508,0.09995196,0.13851596,0.8712762238174226,2e-05
9,6,0.003242399130919192,0.043153487,0.056944955,0.9778279275125967,0.016704486617257958,0.09262613,0.13006437,0.8723566364228357,2e-05
9,7,0.0038628320035739,0.04913835,0.062106322,0.9735708706710423,0.0159470128343889,0.09054574,0.12708919,0.8687293235936443,2e-05
9,8,0.004029113285537065,0.048785433,0.063398264,0.9724737325934651,0.016800205241586944,0.09617448,0.13026299,0.8803170374406318,2e-05
9,9,0.004355411955002977,0.051437244,0.06599481,0.9701504412312282,0.01541173184415567,0.09145101,0.12468665,0.8777850603690339,2e-05
9,10,0.0031078285276031647,0.043350484,0.055762157,0.9787342631481657,0.017718928002674755,0.09694145,0.13397211,0.8763515161725189,2e-05
9,11,0.004181638510472622,0.048607387,0.0646458,0.9714965781572075,0.018912257355016966,0.10478434,0.13833539,0.883832540121009,2e-05
9,12,0.0029258440459398968,0.04091735,0.054027796,0.9800314853893769,0.014267680710771755,0.085238695,0.12028359,0.8839827835302364,2e-05
9,13,0.0023621966978187576,0.03692808,0.048593696,0.9838821614485451,0.01412438898077434,0.085283145,0.119678415,0.887568566212024,2e-05
9,14,0.002307627669741072,0.03664178,0.04802858,0.9842545088972788,0.01459807110519183,0.08877119,0.12165569,0.8802537000136651,2e-05
9,15,0.002638948322613109,0.039594874,0.05136556,0.9819885356854279,0.014604177641794431,0.08940347,0.12165352,0.8844502052157371,2e-05
9,16,0.002705048821018149,0.04035427,0.05199336,0.9815263216509524,0.014890450494864059,0.09075291,0.122316256,0.8840352133134267,2e-05
9,17,0.0021892393408698154,0.036285512,0.04679068,0.9850584337261146,0.013690004956494042,0.08351427,0.11782535,0.8906421078031461,2e-05
9,18,0.002207124725182184,0.03607983,0.046850607,0.9850185335072038,0.015037541382264829,0.09021675,0.12326611,0.8828528613281921,2e-05
9,19,0.002388331821816579,0.03698022,0.048874147,0.9837024313127988,0.017680612845449813,0.0928049,0.13389628,0.8746245639189467,2e-05
9,20,0.002144360666814838,0.03565658,0.046288226,0.985386946607242,0.017362665638318977,0.09296439,0.13261603,0.8796174530209633,2e-05
10,1,0.04264360891775311,0.15196311,0.20644897,0.6840310343146013,0.026346073121211937,0.114236616,0.16345376,0.7769810175238461,5e-05
10,2,0.018123484757907305,0.103454515,0.13462509,0.8704030813591099,0.017888211831666046,0.09352703,0.13464755,0.8560007632644395,5e-05
10,3,0.01113356232030825,0.082070865,0.10553013,0.922035062263987,0.026185017682749917,0.124137424,0.16162343,0.845857263837887,5e-05
10,4,0.008158390382500626,0.07004024,0.090288386,0.9433861256847551,0.017042516432680982,0.09850501,0.13145721,0.8587782154159416,5e-05
10,5,0.008237268033621846,0.065570824,0.09075065,0.9429911021258053,0.01944365460291953,0.10172071,0.14038652,0.8521840004223352,5e-05
10,6,0.010404499573218278,0.079093605,0.10201186,0.9271274162270534,0.01694973386582677,0.09770781,0.13082963,0.8733574156754421,5e-05
10,7,0.005898946660440785,0.06048115,0.076824434,0.9593291013199384,0.015192612030120843,0.08571155,0.12409247,0.8797041305042571,5e-05
10,8,0.00385762245476093,0.047443055,0.062114235,0.9735411742668232,0.016379706402033293,0.092778005,0.12881263,0.8760200136267949,5e-05
10,9,0.0037145727911533487,0.045256767,0.060933482,0.9745489110075753,0.015392565725724798,0.08894638,0.12491628,0.8754201352602681,5e-05
10,10,0.00337048789664992,0.044758264,0.058066647,0.9769115358490668,0.01426467664768333,0.08492089,0.12010111,0.8916532715445764,5e-05
10,11,0.004239454999023849,0.05033324,0.0650813,0.970972968186006,0.01688473029989163,0.096684396,0.13065736,0.8798133355536992,5e-05
10,12,0.004934871081004701,0.053729087,0.07019494,0.9661217436796338,0.017760818389231443,0.09778694,0.13418624,0.8791743266340389,5e-05
10,13,0.005638511200571731,0.058296666,0.07510156,0.9612136366865646,0.020426164361803483,0.11016457,0.14312707,0.8776413066229464,5e-05
10,14,0.004510406539321873,0.052156217,0.067166224,0.9690229610634432,0.021277911223781604,0.112568334,0.14659886,0.8739148857241387,5e-05
10,15,0.0042341290254201075,0.050895143,0.06506002,0.9709587034783517,0.018050751573927874,0.09736537,0.13526991,0.87130655152842,5e-05
10,16,0.00404717614138658,0.04829431,0.06360455,0.9722516250404539,0.0161657279204519,0.08941073,0.12803063,0.8799763965109143,5e-05
10,17,0.002032677827333131,0.033808727,0.045077674,0.9861143130859589,0.014666183699133669,0.08157877,0.12195158,0.8856414065085073,5e-05
10,18,0.0011909980066095464,0.02543535,0.034349564,0.9919608604795538,0.014384321784746135,0.08155837,0.12077079,0.8857743427550859,5e-05
10,19,0.0008621827966038343,0.021265125,0.029351413,0.9941365455725626,0.014094727188917331,0.08060963,0.11955434,0.8864090335691122,5e-05
10,20,0.0007060335533126724,0.018867653,0.02657563,0.9951955956656094,0.015108508549423682,0.08349941,0.12375051,0.8854063111441479,5e-05
11,1,0.060063569724848644,0.16662288,0.24508782,0.5835962059907377,0.026532147899868304,0.119035535,0.164028,0.7728484385709897,0.0001
11,2,0.06603899369452575,0.2039557,0.2569387,0.3408875489761204,0.06793036375677695,0.21689118,0.2619057,0.32614872342872714,0.0001
11,3,0.076408546691038,0.226535,0.2764259,0.007016637815709446,0.09916327365984519,0.27763298,0.31547543,0.3771364188075278,0.0001
11,4,0.07750994242971466,0.22832973,0.27841923,-0.001726478831149106,0.07848150848790451,0.23866932,0.28107733,0.38773779711566847,0.0001
11,5,0.0773736598479037,0.22746073,0.2782266,-0.025426693608183455,0.06430685572774598,0.20593761,0.25521216,0.448038100162537,0.0001
11,6,0.08160865492357168,0.23105513,0.2857432,0.06033470425905934,0.06452810509061371,0.2086618,0.25555158,0.16011804762541515,0.0001
11,7,0.07785777550432221,0.22773688,0.2791068,-0.027282087071141246,0.06493538523230839,0.21025652,0.2562928,0.14399158561598357,0.0001
11,8,0.0740166840284397,0.22213472,0.2720214,-0.0229209370814792,0.07086759296901247,0.22301003,0.2673609,0.14574923162141304,0.0001
11,9,0.07415285254349914,0.2227313,0.27221948,-0.030428798779418193,0.06560031100417729,0.21192499,0.25753367,0.14747787619783898,0.0001
11,10,0.07388780884570921,0.22209033,0.27176794,0.03185508222274788,0.06537588535704547,0.2114306,0.2571133,0.1478856787782472,0.0001
11,11,0.07410528494217042,0.22277069,0.27219704,-0.007871350950771659,0.06508736636627603,0.21070246,0.25657487,0.14658346932538238,0.0001
11,12,0.0744257932248695,0.22287785,0.27279463,-0.016478972086865086,0.06952353739352138,0.22020492,0.26487517,0.14955374246842187,0.0001
11,13,0.07437013167774775,0.22292031,0.27268574,-0.034813732952077875,0.06728927718682422,0.21555214,0.26070493,0.14831005304470635,0.0001
11,14,0.0737657479402744,0.2211567,0.27152494,0.008078896921361753,0.06910240450115115,0.21931672,0.2640926,0.14855930231264916,0.0001
11,15,0.07384371580273157,0.22235975,0.2717075,-0.04471488952064895,0.06836274714657554,0.21776573,0.26271397,0.1486303007309755,0.0001
11,16,0.07375363028764934,0.2220709,0.27157277,-0.015176493483353969,0.06779818373076894,0.21660803,0.2616585,0.14811570186068163,0.0001
11,17,0.07376728099596765,0.22175728,0.27167636,-0.034663127384440384,0.06873007577464536,0.21849777,0.26339924,0.15042534161864518,0.0001
11,18,0.07378816012745705,0.22180393,0.27156493,-0.01652172037308202,0.06777248131456198,0.21655312,0.2616104,0.14832510507246718,0.0001
11,19,0.07380455713332892,0.22181132,0.27167732,-0.04186074214605964,0.06895243809385984,0.21899092,0.26381347,0.15093851954232876,0.0001
11,20,0.07374623409803156,0.22197227,0.27147356,-0.045711416558407644,0.06885435813348051,0.21877491,0.2636308,0.14903751875657473,0.0001
12,1,0.037688140112201673,0.14541465,0.19411646,0.7188191230754563,0.027792421238565887,0.1210938,0.16725343,0.7783145525698619,1e-05
12,2,0.01627452631816094,0.09917189,0.1275729,0.8833700819070663,0.024309063054345274,0.1136457,0.15560399,0.8131267796265651,1e-05
12,3,0.010602855430937712,0.07913706,0.102943145,0.9253959340287751,0.024438708675680338,0.10935417,0.15590118,0.8187218680714957,1e-05
12,4,0.007767618440143833,0.067691185,0.08813868,0.9460229983607336,0.021531600125685887,0.107688494,0.1468789,0.8426092646986838,1e-05
12,5,0.0059653948385934305,0.06075158,0.07723637,0.9587084167543748,0.019514335310776478,0.101789035,0.13967879,0.8384951651655788,1e-05
13,1,0.04336129569243988,0.14769764,0.20824903,0.6884855947249724,0.028316303501250566,0.13111788,0.16855435,0.7986778739862236,2e-05
13,2,0.0162943188317564,0.09948867,0.12766224,0.8834299383550674,0.019249809957626794,0.09973554,0.13906941,0.8427760870198563,2e-05
13,3,0.00980289280468981,0.075781934,0.0989831,0.9312909982291259,0.02688108733855188,0.12639637,0.16446193,0.8387604305236069,2e-05
13,4,0.005690967512075467,0.058414727,0.0754523,0.9606538499681748,0.017912525744004933,0.09883048,0.13425979,0.8534404527980224,2e-05
13,5,0.004227628819339813,0.051159758,0.06503133,0.9709220138943898,0.017875787017315074,0.09844301,0.13399608,0.863277394168117,2e-05
14,1,0.04861858949308919,0.15237258,0.22048748,0.6657961060361488,0.03983784611854288,0.16021664,0.19994211,0.7826141146140784,5e-05
14,2,0.015817930844664645,0.096174575,0.12577254,0.887327410125508,0.018101605396993733,0.09727118,0.1340254,0.85385359155096,5e-05
14,3,0.03441512071860467,0.12161233,0.18548042,0.7554282211048471,0.0647633130558663,0.20846525,0.25557312,-0.09736147367926458,5e-05
14,4,0.07290173345027823,0.220831,0.26998803,0.10864183940070553,0.06832703772104448,0.21721,0.26215902,0.36206136172476494,5e-05
14,5,0.06692180820418714,0.20984736,0.25874406,0.30942103401148846,0.046933678841149365,0.17871377,0.21749084,0.5467607125915488,5e-05
15,1,0.05712920028463911,0.1719632,0.23903133,0.5594466004755732,0.02673198606956888,0.12718962,0.1639115,0.7890878644764827,0.0001
15,2,0.019953808968094674,0.10987578,0.14126465,0.8556856035929978,0.025100406138571323,0.11305396,0.1581928,0.8165657506057902,0.0001
15,3,0.014698637292555002,0.09347593,0.12120039,0.8963919652336769,0.028569357383444353,0.13037089,0.16899472,0.8374829774956333,0.0001
15,4,0.011347275171820596,0.082440645,0.10653849,0.9204715965375996,0.017369840298434375,0.093556866,0.13191888,0.8674392569442443,0.0001
15,5,0.005780757363384076,0.05918181,0.076036565,0.96005397250457,0.018436346097452636,0.09534771,0.1358134,0.8648794480829981,0.0001
16,1,0.0482472273756132,0.15988953,0.2196365,0.6564276253023805,0.023344176579956657,0.11430065,0.15278038,0.8171272641290148,1e-05
16,2,0.017388572302760086,0.10362114,0.13188803,0.8748858304354541,0.020350439232532627,0.10578435,0.14217256,0.8342259945521295,1e-05
16,3,0.011682392665942279,0.08355791,0.10809082,0.9174015494018747,0.023131415472124463,0.11061723,0.15143779,0.8409671850206426,1e-05
16,4,0.008700046867837206,0.07211778,0.09326693,0.9393648989590572,0.020566413000105293,0.104062825,0.14263752,0.8437657396067242,1e-05
16,5,0.005814597889983365,0.05889055,0.0762597,0.9597331279422604,0.018042236523426795,0.10060351,0.13358374,0.8533923966349625,1e-05
16,6,0.004569779729816593,0.052448194,0.06760797,0.9685412368807046,0.018279720166767086,0.10071217,0.13466053,0.8504903925872208,1e-05
16,7,0.003613065425295679,0.046407077,0.06012179,0.97517905347551,0.01837582290776212,0.097532004,0.13468516,0.856961196766705,1e-05
16,8,0.002339495177039111,0.03692627,0.04835167,0.9840116449504441,0.01940212857530073,0.102634914,0.13846292,0.8593021834024669,1e-05
16,9,0.002219987352091436,0.03565565,0.04711888,0.9848397372251109,0.018720527990134777,0.09938264,0.13603473,0.8581586959257134,1e-05
16,10,0.0020270105328946157,0.03371755,0.045021433,0.9861679379038186,0.017398075054020242,0.09512514,0.13147232,0.8598279083089181,1e-05
17,1,0.03638467630784889,0.14156218,0.1906953,0.7273670895393796,0.032177758791173496,0.13959967,0.17940964,0.8227508124826758,2e-05
17,2,0.01698068442491153,0.10044926,0.13032441,0.8785856990180203,0.0182090290925569,0.09524704,0.13472268,0.8543374950612759,2e-05
17,3,0.010377705200557884,0.07946918,0.10184113,0.9273056041427377,0.02761369200285386,0.12664935,0.16618916,0.8355056788264968,2e-05
17,4,0.006314016580766624,0.06222808,0.07946937,0.9562835295315346,0.01800579828624096,0.09366194,0.13398798,0.8603516431699466,2e-05
17,5,0.003996285498109603,0.04888412,0.06322103,0.9725198625864531,0.020218667350019568,0.102285385,0.14220962,0.8624028571207085,2e-05
17,6,0.002762900079245827,0.040615078,0.052560862,0.9810889759029092,0.02046936489986601,0.10166338,0.14289512,0.8606190408713645,2e-05
17,7,0.002523292259356142,0.038423315,0.05024127,0.9827709772550953,0.017080149570204043,0.09237241,0.13039833,0.8632602072041837,2e-05
17,8,0.0024802664384054388,0.038634725,0.049776807,0.9830711315636588,0.021418299448365968,0.10550308,0.14607012,0.8619377155218372,2e-05
17,9,0.001965462705463162,0.033791002,0.044326913,0.9865851653726866,0.017677988287889294,0.09111612,0.13278963,0.866182654532359,2e-05
17,10,0.0020316264481407757,0.033985753,0.04508391,0.9861384912363104,0.017069273550684255,0.0917939,0.13029496,0.871418572941032,2e-05
18,1,0.04731584654002512,0.14410982,0.21752296,0.6719787164978058,0.025729689574627963,0.12145042,0.1606219,0.8049875294550138,5e-05
18,2,0.014484830012993243,0.09302586,0.12037114,0.8973500741583883,0.022158387832826486,0.10943791,0.14864047,0.8490557850645334,5e-05
18,3,0.009683364473509594,0.07714477,0.09838799,0.9326174894425294,0.021461400306887098,0.11366929,0.14650768,0.8400787800225652,5e-05
18,4,0.006188485489355261,0.06161044,0.0786685,0.9573371006931676,0.018434079467422433,0.09769191,0.13579917,0.8647905959370856,5e-05
18,5,0.004975455782102055,0.055006187,0.070544146,0.9657878579965421,0.017075968587219163,0.095041335,0.13102204,0.8613793335025037,5e-05
18,6,0.003156821501591443,0.043490387,0.056185745,0.9783819268682488,0.020187137570853036,0.10359139,0.14226641,0.8772334264776118,5e-05
18,7,0.0032603549887970196,0.042961214,0.057106763,0.977688031211872,0.016513260663487017,0.092858724,0.12868385,0.872911845512144,5e-05
18,8,0.003887554088544327,0.047719326,0.06230426,0.9734647168871909,0.0195282985870209,0.104988635,0.13992848,0.8732380491436421,5e-05
18,9,0.003526932194885563,0.046379432,0.059384532,0.9758600560872023,0.016385339347093745,0.08979633,0.12823504,0.879126555198279,5e-05
18,10,0.0027709633218577115,0.04075015,0.052651413,0.9810634596579354,0.017773389505843323,0.09636769,0.1335358,0.8800677945575008,5e-05
19,1,0.06538767308849737,0.158532,0.25573778,0.6099766792482026,0.026401341668571585,0.11813801,0.16296203,0.7881749903773485,0.0001
19,2,0.013871728071603471,0.091763325,0.11777757,0.9019914805531781,0.019853175997182174,0.10720041,0.14103004,0.867185712640237,0.0001
19,3,0.010191869089667138,0.07972722,0.10096552,0.9296208195798349,0.020423256705894514,0.10730389,0.14336029,0.8305652867797698,0.0001
19,4,0.007517109570641802,0.066822045,0.08671476,0.9478796349734828,0.017455004491946764,0.09387194,0.13237211,0.8557196250997471,0.0001
19,5,0.005823831619024625,0.05852311,0.07631883,0.9598038184396536,0.016023170875592366,0.08830784,0.1269849,0.8708708371575252,0.0001
19,6,0.0035963530516769805,0.04514565,0.059969336,0.9753535676006306,0.015901842913417903,0.08835751,0.12645398,0.879178440801552,0.0001
19,7,0.004150932611898675,0.049415063,0.064440146,0.9716508152225067,0.017485890408150025,0.09398393,0.13259444,0.8775682640801636,0.0001
19,8,0.0034672906736529945,0.045022544,0.058854207,0.9763073825017909,0.015063980042382522,0.084434256,0.122930795,0.8808362427102217,0.0001
19,9,0.0030335151158201413,0.04208532,0.055063777,0.9792656585198369,0.01568405816969634,0.08594513,0.12548862,0.8785932004442116,0.0001
19,10,0.004117222293932861,0.05011625,0.064173386,0.9719245860057084,0.018592075850055727,0.098945454,0.13668276,0.8746030452528228,0.0001
20,1,0.03870253785291391,0.14691539,0.1967242,0.7067542106161898,0.02312663316519724,0.11581677,0.15272065,0.8186735879030389,1e-05
20,2,0.016225817741686913,0.09878524,0.12739982,0.8835113092394756,0.018919675507479243,0.09926922,0.13753484,0.8499918250393167,1e-05
20,3,0.011013588440500061,0.08068371,0.10493508,0.922373717784689,0.023858826245284744,0.11611853,0.15473656,0.844050620516846,1e-05
20,4,0.0074879037467632265,0.066489205,0.086542614,0.94791896790387,0.01755450696994861,0.09652817,0.13246483,0.8658754512882139,1e-05
20,5,0.005653436087609365,0.058089826,0.075193785,0.9609090733521755,0.017261979894505605,0.095704556,0.13155772,0.8666808433547976,1e-05
20,6,0.0036635675972651813,0.04693208,0.060533572,0.974842640788719,0.0184062076387582,0.096791774,0.13603216,0.8637047388285516,1e-05
20,7,0.00299264416729631,0.042324193,0.05471299,0.9794886467389233,0.01781120501389658,0.09348412,0.13349013,0.867989784651763,1e-05
20,8,0.002042545523292115,0.034082856,0.045179997,0.9860543742888414,0.017836455048786268,0.095456086,0.13370663,0.8658826288922173,1e-05
20,9,0.0015591970265725471,0.029856635,0.03949184,0.9893689490315575,0.016555553517752775,0.09103797,0.1285467,0.8696175508567555,1e-05
20,10,0.0015224286227374965,0.02908545,0.039023127,0.9896279453936591,0.017403449664858205,0.094819635,0.13212503,0.8735505781674205,1e-05
20,11,0.0014755551726530114,0.028506223,0.038420096,0.9899404558909592,0.017616825842264074,0.09709441,0.13302591,0.8685142454699509,1e-05
20,12,0.0015257636713332968,0.028576229,0.039042965,0.9896084465077339,0.018356973029397154,0.0985642,0.13556446,0.8723377855909357,1e-05
20,13,0.0015445545303638564,0.028945921,0.03930006,0.9894793004823036,0.017120696949186148,0.093701,0.13095655,0.8692847072752905,1e-05
20,14,0.002008341373571099,0.03385979,0.044820204,0.9863028425872493,0.019750912432317382,0.102327175,0.14086573,0.8682901115740493,1e-05
20,15,0.001941023562424468,0.03394421,0.044067618,0.9867537144814501,0.017022457698153123,0.09244906,0.13046727,0.870147118451909,1e-05
20,16,0.001059067592403697,0.023611655,0.032544274,0.9927953338586972,0.01621152402367443,0.08910889,0.12733473,0.8750020515532072,1e-05
20,17,0.0007190600285569323,0.019042898,0.026820594,0.9951069467464175,0.016170414820037508,0.089040816,0.12718238,0.8752344712168941,1e-05
20,18,0.000573292239495688,0.016639488,0.023824468,0.9961407541125459,0.015907683586529282,0.088539444,0.12611571,0.875775065165984,1e-05
20,19,0.0005065222694866292,0.015430515,0.02250106,0.9965582837853049,0.01584348461538967,0.08785678,0.12583652,0.8756215462712074,1e-05
20,20,0.00042260956806190546,0.013728318,0.020562613,0.9971267652409014,0.01587762673713129,0.087977685,0.12600495,0.8762377930391118,1e-05
21,1,0.051627540648653755,0.15760697,0.22721331,0.6271374111141019,0.03347205211994825,0.13977289,0.18294212,0.7871695348131791,2e-05
21,2,0.015787532645828203,0.096779995,0.12566195,0.8869558081458008,0.024640084002856857,0.11829536,0.15643437,0.8307968218705155,2e-05
21,3,0.011661457907512923,0.083767824,0.10793006,0.9180092163323081,0.03188565711456316,0.13838384,0.17761268,0.8301016559660672,2e-05
21,4,0.00700607676348414,0.06505133,0.08369837,0.9513916730607097,0.021498535078501812,0.10671651,0.14627694,0.8400466774577316,2e-05
21,5,0.005007695579394332,0.054721408,0.07075641,0.9654833656356813,0.018567435262310836,0.1016715,0.13588727,0.8487473840419879,2e-05
21,6,0.00409256399361086,0.04946429,0.063952945,0.9719463959014559,0.022494953496519615,0.10915196,0.14926887,0.8587083648696189,2e-05
21,7,0.0034842323409839506,0.046006404,0.05903994,0.9761352031366503,0.017630213694819423,0.094506234,0.13224614,0.8614055618560941,2e-05
21,8,0.0024293493198651915,0.03754627,0.049272895,0.9834042422046784,0.01950969851437818,0.09874779,0.1390399,0.8622669824782958,2e-05
21,9,0.001981353274289253,0.034065675,0.044513658,0.9864730540262175,0.01712524331243778,0.09408468,0.1303672,0.868659488164395,2e-05
21,10,0.0020970918524305326,0.035076883,0.045798283,0.9856988839038066,0.01790171625368573,0.09678336,0.13340233,0.8615800989501959,2e-05
21,11,0.0020009819945868835,0.03428293,0.04473709,0.986349487814849,0.018676761304959655,0.098182574,0.1361391,0.8607851778243035,2e-05
21,12,0.0022433622251699947,0.035735827,0.047359772,0.984681779820993,0.02187597518786788,0.10801473,0.14752086,0.8638496885712603,2e-05
21,13,0.0020212763971426072,0.03372056,0.044953287,0.9862139461529006,0.017009660886186693,0.09313014,0.13000788,0.8680782554973807,2e-05
21,14,0.002322474433274811,0.036832552,0.04820114,0.9841476685711512,0.018008495068729476,0.09484734,0.13386331,0.8637492292442827,2e-05
21,15,0.0024493840397536867,0.037983496,0.049495086,0.9832682309406704,0.018743188368346268,0.097896986,0.13675673,0.8511757229470847,2e-05
21,16,0.002259994392439932,0.036732487,0.047532544,0.984609214047321,0.020430099719238502,0.10286432,0.1428001,0.8609724041676833,2e-05
21,17,0.0034465908235271907,0.045389574,0.058713928,0.9764595022484833,0.01718602915018521,0.0929504,0.13074133,0.8639442626697232,2e-05
21,18,0.002213235142046181,0.03600191,0.046935875,0.9849450952128767,0.016308211876700323,0.09097437,0.12726638,0.8698560967826523,2e-05
21,19,0.001898436111256058,0.03270392,0.0435486,0.9870694205318562,0.018339711077580298,0.095032774,0.13497259,0.8646768412262807,2e-05
21,20,0.0017022577893134711,0.031966213,0.0412625,0.988402440367869,0.016896835580054257,0.09033367,0.12972204,0.8707426735395505,2e-05
22,1,0.05356876468383838,0.16208808,0.23138513,0.6164402865481358,0.06392397724643901,0.21045573,0.2536862,0.23916200469941987,5e-05
22,2,0.057429363668208645,0.19255376,0.23968256,0.46963209451203075,0.0361550352708609,0.14745809,0.19020016,0.6769314613471279,5e-05
22,3,0.024764198782662294,0.12248479,0.15739518,0.8147543183207213,0.025333422356871544,0.111426964,0.15915072,0.7862009201278459,5e-05
22,4,0.026465701297791588,0.119408,0.16271743,0.8010756841588794,0.04753441520518175,0.16012873,0.2184106,0.74687546713994,5e-05
22,5,0.018046246432464257,0.10146249,0.13434242,0.868948438927256,0.01975360069492901,0.103348985,0.14060572,0.8365939139124486,5e-05
22,6,0.01335968493938742,0.085208714,0.11556685,0.9048362793521356,0.018945953463790594,0.105035365,0.13775654,0.8449042303313532,5e-05
22,7,0.013797177171288928,0.088488296,0.117488265,0.9014722506570472,0.020940038116855755,0.1019044,0.14491677,0.846572102383257,5e-05
22,8,0.00981984321418584,0.075612694,0.099092044,0.9309834804970887,0.025154893476240062,0.11377679,0.15885498,0.8494975718766361,5e-05
22,9,0.007549267820633129,0.06560928,0.08685092,0.9474307927067341,0.021986763406958845,0.10145254,0.14851205,0.8482821407681194,5e-05
22,10,0.00751090035382136,0.06478417,0.08666735,0.947664731835152,0.018164438359370386,0.09630583,0.13480803,0.8534447433615329,5e-05
22,11,0.00529087099538263,0.05372196,0.072743356,0.9634220772070194,0.017329497280082217,0.09561454,0.13199525,0.8643829933004581,5e-05
22,12,0.004388665684137633,0.050158057,0.06622297,0.9697813199276434,0.0175433943082613,0.09444877,0.13267003,0.8704520003334655,5e-05
22,13,0.0053473088991497515,0.053892147,0.07313934,0.9630223934496757,0.020389608383454657,0.1027325,0.14312233,0.8401625947862985,5e-05
22,14,0.004127696405108322,0.048907958,0.064257994,0.9715755935225999,0.022247268473384558,0.10652874,0.14950112,0.8597483646831123,5e-05
22,15,0.00443463501842501,0.046226397,0.066571444,0.969457721948642,0.024333671787408768,0.11461102,0.15649809,0.8476097115909808,5e-05
22,16,0.003471123865178882,0.044796024,0.058884993,0.9761871639027302,0.017891688125759916,0.093788005,0.13368563,0.8679152996838096,5e-05
22,17,0.003432896390239595,0.04425031,0.05857219,0.9764474759818836,0.018641038297641056,0.09616314,0.13673492,0.8611703284731467,5e-05
22,18,0.0017102608210641116,0.030356871,0.041257612,0.9884010050107983,0.01743077238400777,0.09240196,0.13212986,0.868225451040251,5e-05
22,19,0.0013242685031357969,0.02622377,0.0363731,0.9909806625537826,0.01681901342925374,0.09034172,0.12982027,0.8706282508084412,5e-05
22,20,0.001139647749471032,0.024291292,0.033726122,0.9922520451767316,0.017330151792891598,0.09176992,0.13180359,0.8694671902726276,5e-05
23,1,0.06981216030082205,0.16695249,0.2642528,0.5594210371269664,0.030108359111990366,0.1314257,0.17427829,0.7577346468715316,0.0001
23,2,0.017599854931653103,0.102969155,0.13266657,0.8736298695447944,0.019938212922877736,0.10283736,0.14084965,0.8352091446916019,0.0001
23,3,0.012634674619739683,0.08844022,0.112411045,0.9114604147818318,0.019933071711825,0.10400657,0.14174809,0.8341822940432715,0.0001
23,4,0.009008686002191573,0.07373088,0.0949252,0.9371263709696895,0.02031213856578149,0.10345813,0.14301491,0.8604818094522475,0.0001
23,5,0.005431931000474893,0.057669573,0.073718406,0.962508420986226,0.017792482265374727,0.09503387,0.13369189,0.8603618945942361,0.0001
23,6,0.003871443901057616,0.047967914,0.06222144,0.9734297762281441,0.017927022685331327,0.100776345,0.13432269,0.8606745055793709,0.0001
23,7,0.003641174815945484,0.046312887,0.060349885,0.9750544811850198,0.01570301673685511,0.089049995,0.1256827,0.875039332950148,0.0001
23,8,0.002382242350777063,0.037004903,0.048768684,0.983743674814887,0.019166149285242514,0.099016,0.13867068,0.8699375055066528,0.0001
23,9,0.0027514089220671296,0.03948114,0.05243721,0.9812018704054406,0.01773769956909948,0.09105953,0.13346823,0.8656630838095115,0.0001
23,10,0.0031061379889583338,0.043211367,0.05573909,0.9787681574869558,0.016010303201188368,0.090498604,0.12684534,0.8741142412039383,0.0001
23,11,0.0033159963743082275,0.044986065,0.05759281,0.9773106499495149,0.015495709798954151,0.08936011,0.12489705,0.8734367255244304,0.0001
23,12,0.00395216185340623,0.048288,0.06285277,0.9729532990839146,0.018594046399273253,0.09695232,0.13672364,0.8658265241896672,0.0001
23,13,0.003993782399099311,0.04937728,0.06320462,0.9726686873435311,0.014932534571185156,0.087122455,0.122675024,0.8793736368217783,0.0001
23,14,0.004206562350165735,0.050390255,0.06486595,0.9711704870320135,0.015599053775615714,0.08917513,0.12519683,0.8738605693397438,0.0001
23,15,0.003606638201745227,0.046751868,0.060061615,0.9752761542432031,0.017341894847858284,0.09227416,0.131991,0.8720313965676396,0.0001
23,16,0.0031046676347478265,0.043601576,0.055715762,0.9787758748868882,0.01537202414194191,0.08704738,0.124420896,0.8743285643362542,0.0001
23,17,0.0035099294088986512,0.046321724,0.059258897,0.9760004782881555,0.017567184227691206,0.09298702,0.13270903,0.8701865181661194,0.0001
23,18,0.0028430174010893915,0.040478,0.05326356,0.9805953093434253,0.017110749540195144,0.09238549,0.13110034,0.8724946988776388,0.0001
23,19,0.002859739127305606,0.0412316,0.053451262,0.9805086229158998,0.017132888660179795,0.09079437,0.13119553,0.870738270909949,0.0001
23,20,0.001557929168926404,0.029286223,0.039468452,0.9893828350464858,0.014641252398076985,0.08424997,0.121217966,0.8830819122531094,0.0001
24,1,0.042270050305768705,0.15594338,0.20558806,0.6727959591912425,0.03261484391987324,0.12541962,0.18136948,0.7503052052871645,1e-05
24,2,0.018303008689153417,0.105970055,0.13529155,0.8673841961657273,0.024514278130871908,0.11476107,0.15744728,0.787778823376355,1e-05
24,3,0.012393116548431114,0.085313514,0.11132166,0.9120963571445351,0.024385727077190365,0.10928253,0.15609454,0.8031437278039252,1e-05
24,4,0.009016023021818044,0.07264074,0.09495025,0.9368773903818437,0.02160305479940559,0.10328715,0.14696744,0.8223328163613529,1e-05
24,5,0.0073032939728245,0.06592526,0.08545973,0.9491609520030354,0.022359774181885377,0.105567105,0.15012966,0.818262346167799,1e-05
25,1,0.041276178501163406,0.14855798,0.20317936,0.6914399563017386,0.024359146864818677,0.11567448,0.15653138,0.7937457889291635,2e-05
25,2,0.017543365567417764,0.1032403,0.13246265,0.8736154250406674,0.03100437205284834,0.13459694,0.17560108,0.8431211257896167,2e-05
25,3,0.012876093518162999,0.08680218,0.11346979,0.908777490917161,0.01787741927962218,0.09731599,0.1335433,0.8603731935340262,2e-05
25,4,0.008157431371031311,0.069567494,0.09029967,0.9431054786376594,0.01750480001127081,0.09475233,0.13190085,0.8617740589427274,2e-05
25,5,0.007680293069238487,0.068669826,0.08764413,0.9467334340284551,0.017875336010807326,0.095505886,0.1329027,0.8702816226644591,2e-05
26,1,0.06084223853197889,0.16237952,0.24669653,0.6056310484625474,0.025064668618142605,0.117367454,0.15893441,0.8172737320677992,5e-05
26,2,0.013300756227538407,0.08857881,0.11533931,0.9055028431240295,0.017613836031939303,0.098393954,0.13278611,0.8720983750606894,5e-05
26,3,0.008320816333414378,0.0704967,0.09121346,0.9419634258761544,0.016950232475729927,0.09989666,0.13037553,0.8604248357938211,5e-05
26,4,0.005078409280558334,0.055421982,0.071242586,0.9650593182839142,0.01601123038147177,0.09458972,0.12621777,0.8697516731362511,5e-05
26,5,0.004054791682452033,0.05015466,0.06367863,0.9721256391044496,0.01546758458217872,0.0902915,0.12369448,0.8804079425028274,5e-05
27,1,0.10663537284202665,0.24629626,0.32662126,0.14313284279957442,0.0399069181044719,0.15292995,0.20258199,0.6171742111800698,0.0001
27,2,0.025388248565075832,0.12155735,0.15934621,0.8095624775718591,0.02543977671302855,0.12162037,0.16070679,0.8292177970948185,0.0001
27,3,0.014884221289202432,0.09352737,0.12201009,0.8932810271789746,0.017945464201537625,0.10020501,0.13493678,0.849760797492581,0.0001
27,4,0.009191909626509263,0.07320088,0.09587666,0.9355440203188159,0.01739284479325371,0.091933936,0.13252595,0.8702350934907759,0.0001
27,5,0.006026789234846691,0.058582906,0.07762678,0.9582420763929806,0.01665220389674817,0.08831145,0.1290787,0.8729224125489072,0.0001
28,1,0.03969915489727092,0.15151495,0.19927022,0.6997422684711078,0.025207197360162224,0.11968985,0.15986496,0.8260305368029924,1e-05
28,2,0.01596651540059492,0.097154565,0.12635194,0.8852183548306396,0.0196819861552545,0.107226364,0.1416678,0.8381838714652902,1e-05
28,3,0.01138210019627673,0.082133,0.1066749,0.9196606275520341,0.019618215904171978,0.101204135,0.13912912,0.8441649055448557,1e-05
28,4,0.008206293713649579,0.069478996,0.09058647,0.942671472926882,0.016978690334196602,0.09534286,0.12968996,0.8618942137942363,1e-05
28,5,0.0069858446112337795,0.0649085,0.08358162,0.9514655885648939,0.01689578576146492,0.099234425,0.13000377,0.8616566465439582,1e-05
28,6,0.004515052919937559,0.052576266,0.067175575,0.9689127024844079,0.016519105959949747,0.096945025,0.12733966,0.8707083851661124,1e-05
28,7,0.003913590934771662,0.049002703,0.06257143,0.9730782924290643,0.017504544496270164,0.09321362,0.13120249,0.8639889843782872,1e-05
28,8,0.002541444131073098,0.038961913,0.050404243,0.9826104372004756,0.017226815090647767,0.094571754,0.12972313,0.8681182031701901,1e-05
28,9,0.0021822500406007204,0.035850164,0.04671623,0.985099139509363,0.017858076308454787,0.09606672,0.13137776,0.866633198737088,1e-05
28,10,0.0015988254350627485,0.03049434,0.03995062,0.9891184005666596,0.017314008037958826,0.093258366,0.13044341,0.8662760991775366,1e-05
29,1,0.04680133269769009,0.16192493,0.21634033,0.6440834765429727,0.03305581757532699,0.13627152,0.18212348,0.795196719760292,2e-05
29,2,0.01681559689987068,0.09851616,0.12968127,0.878835809936938,0.01967888598197273,0.10246843,0.13994585,0.8382976475701114,2e-05
29,3,0.011969037732614256,0.083346725,0.10938994,0.9153133656402836,0.01974090950430504,0.102230825,0.13927266,0.8497188608898146,2e-05
29,4,0.0077826219706613325,0.06742587,0.08821231,0.9457333437222218,0.01645857541422759,0.09352218,0.12701504,0.869736767222997,2e-05
29,5,0.006016432318540516,0.061164703,0.077563144,0.9583454107391629,0.017336683547390357,0.09493007,0.12968792,0.8746600806208245,2e-05
29,6,0.0038073468587805177,0.048471134,0.06168357,0.9738586564328782,0.015960551532251493,0.09119708,0.12415371,0.8749155590658881,2e-05
29,7,0.003673020750284195,0.046892166,0.060612045,0.9747742192799447,0.0173046622824456,0.092026316,0.12934789,0.8693794509225455,2e-05
29,8,0.0024718980024194467,0.038242843,0.049712084,0.9830913030115839,0.017612433792757138,0.09221814,0.12961745,0.8674892812922846,2e-05
29,9,0.0022116040911038066,0.036207434,0.04702906,0.9849134723519929,0.016761992159964784,0.088427655,0.1257923,0.8742613316490105,2e-05
29,10,0.0018464158739019882,0.03274311,0.042945307,0.9874208212631621,0.017483888759410808,0.09253506,0.12979753,0.8769642484113637,2e-05
30,1,0.05866504492777809,0.15975828,0.24224101,0.6239187006761701,0.027210782880761793,0.12304958,0.1644642,0.8125244951333438,5e-05
30,2,0.012690263143174839,0.0872013,0.11264972,0.9101681266466063,0.020093544386327267,0.10397503,0.14265592,0.848363604832808,5e-05
30,3,0.007693219947341447,0.06841172,0.0877053,0.9464212698597169,0.020374789468145797,0.10322168,0.14259097,0.8390643158881845,5e-05
30,4,0.004525186521192647,0.05266645,0.06725869,0.9689014757914884,0.01839514376063432,0.0960057,0.13530979,0.8568220163075203,5e-05
30,5,0.003511914390435216,0.045546174,0.059258863,0.9759091783252027,0.01757457180480872,0.09380583,0.13185029,0.8613747465552072,5e-05
30,6,0.0022260191859612153,0.0351745,0.047184035,0.9848132916337272,0.018904514710551927,0.10009115,0.13754438,0.8572931690399488,5e-05
30,7,0.0022301298161428946,0.035831794,0.047224432,0.9847661170328553,0.01922454305791429,0.10049341,0.13810664,0.861302714844522,5e-05
30,8,0.0018057159464218802,0.030816004,0.04248243,0.987685240961122,0.021789311165256158,0.10736231,0.14687216,0.8629770363528588,5e-05
30,9,0.0022606965911653,0.036395058,0.047550123,0.9845968735331968,0.022099839789526805,0.10734426,0.1481474,0.8558443453658016,5e-05
30,10,0.002412805187398411,0.037996188,0.04910939,0.9835622338001722,0.017605996457859874,0.09382753,0.13112564,0.8637423843198617,5e-05
31,1,0.1130098782819217,0.1965467,0.33624637,0.46587885569640325,0.023055987831737314,0.11097461,0.1510999,0.8075136537450255,0.0001
31,2,0.014010519979556447,0.09100418,0.11836089,0.9002772234734897,0.02367838911179985,0.11443289,0.15215136,0.837329434759864,0.0001
31,3,0.0075186738074173995,0.06714222,0.08669607,0.9476729301585767,0.019091305755344883,0.10104721,0.13642879,0.8562010199729326,0.0001
31,4,0.004759048882036287,0.053557225,0.068984784,0.9672676070603643,0.01959907789049404,0.10409182,0.13834307,0.8464290352787979,0.0001
31,5,0.003890635197651442,0.04831366,0.062378626,0.9733150534326336,0.01930919080041349,0.10237555,0.13678105,0.8529253630675158,0.0001
31,6,0.0027285373452006377,0.039679218,0.05223048,0.9813572370148071,0.01764636323787272,0.09480402,0.13118502,0.8597887000769905,0.0001
31,7,0.002266879574282565,0.03620369,0.04761461,0.9845114291406107,0.019093494529702833,0.099255614,0.13633373,0.857538642401698,0.0001
31,8,0.002247009647762072,0.035820328,0.047402125,0.9846890672323938,0.018735213970233287,0.095682144,0.13534334,0.8597213945831045,0.0001
31,9,0.001902769678751024,0.032319676,0.043614175,0.9870305899128915,0.01722386382919337,0.09245433,0.13006662,0.8649326228525035,0.0001
31,10,0.002132813368976186,0.035113256,0.04616647,0.985487810322512,0.017844188093606914,0.0943135,0.13132797,0.8613882917168831,0.0001
32,1,0.049889637092041354,0.16868208,0.2233971,0.6251829738880504,0.02523287379049829,0.117450856,0.15970692,0.786543349996826,1e-05
32,2,0.01772951234184275,0.10211522,0.13315076,0.8716487872603531,0.023783100436308553,0.11642764,0.15449671,0.8076763126861786,1e-05
32,3,0.012459821474660083,0.085304,0.11163151,0.9115216179088393,0.02443997754848429,0.11181764,0.15514602,0.8236294831887433,1e-05
32,4,0.00894613905426846,0.07302839,0.094581,0.9373364585275884,0.020148797193542123,0.10508835,0.14117353,0.8355559811032922,1e-05
32,5,0.007044112782002749,0.06457932,0.08393059,0.9509931591698172,0.01958057686819562,0.10249232,0.1386772,0.8444238126144605,1e-05
32,6,0.0049156976633087214,0.0538129,0.0700999,0.9660944070710737,0.018730220584464923,0.103388526,0.13583787,0.8477639626736965,1e-05
32,7,0.0036409098348171216,0.046843313,0.060340364,0.9749797042809879,0.02069412893615663,0.103698365,0.14226398,0.8458663012720101,1e-05
32,8,0.002472068047124858,0.037666526,0.04971649,0.9830833828434927,0.01946097313027297,0.10179237,0.13778307,0.8460660715138075,1e-05
32,9,0.002435229242143926,0.038114082,0.049353257,0.983338342196312,0.021052378562412093,0.10645656,0.14299507,0.8408472977434033,1e-05
32,10,0.001666384348732846,0.03120006,0.040787723,0.98865026213396,0.02013370451251311,0.10315003,0.14045732,0.8479441081632746,1e-05
32,11,0.0012674536319366857,0.02621468,0.03559787,0.9913745608375761,0.020210493056635772,0.10451005,0.14074229,0.8473621436386082,1e-05
32,12,0.0011014353338940173,0.023338174,0.033159513,0.9925104101367801,0.019561084885416285,0.1032686,0.13811846,0.8452068868519257,1e-05
32,13,0.0006484285917157028,0.017397039,0.025468048,0.9955992959680124,0.020215359649487903,0.102430075,0.14015613,0.8487940095657439,1e-05
32,14,0.00047527043937398643,0.01432125,0.021802261,0.9967696929133985,0.02033764629491738,0.10221682,0.14048575,0.8491949610103434,1e-05
32,15,0.00043068091469658016,0.013330585,0.020751305,0.9970750612116435,0.019896620784753134,0.10165519,0.13894098,0.8494184662535097,1e-05
32,16,0.0004037202565188772,0.012592027,0.020096919,0.9972558311895406,0.020131276454776525,0.10195479,0.13975069,0.8492312869839437,1e-05
32,17,0.0003770568134577588,0.011791519,0.019422406,0.9974367035426739,0.020558847447058985,0.10278059,0.1412504,0.8494645587512698,1e-05
32,18,0.00036690497756489577,0.011463226,0.019088035,0.9975250153469006,0.020428140481401767,0.10249715,0.14076382,0.8488231935843907,1e-05
32,19,0.00032158395632879514,0.010371994,0.017923841,0.9978181454626888,0.020356398741049424,0.102311164,0.14050788,0.8488865979655437,1e-05
32,20,0.0003188836769631707,0.01026158,0.017859204,0.9978341233987454,0.020285631995648146,0.1022118,0.14026535,0.8489279596334509,1e-05
33,1,0.0471100268241401,0.1614668,0.21708092,0.6497774748453033,0.0270192855303841,0.11875292,0.16253093,0.7934139660606139,2e-05
33,2,0.015255860100874555,0.09568495,0.123531274,0.8906015110134002,0.01919288870080241,0.09877444,0.13696004,0.845730260575291,2e-05
33,3,0.009487435230376007,0.07564526,0.09739644,0.9334644061020139,0.02510823668645961,0.11977556,0.15636024,0.8350793657190271,2e-05
33,4,0.006273813937381606,0.061214928,0.079200074,0.9564967275705596,0.020433791746784533,0.10255417,0.14006023,0.8530509061887264,2e-05
33,5,0.004608724629680548,0.053139586,0.06789329,0.9682761759585957,0.0234478676159467,0.110754505,0.15148951,0.8508189187469153,2e-05
33,6,0.003203100289836108,0.04437141,0.05659876,0.9780569667158888,0.01760513275595648,0.09511854,0.13174209,0.8650859706463292,2e-05
33,7,0.002414579429798629,0.03770359,0.049144216,0.9834831258962923,0.018664766535429016,0.09540522,0.1347071,0.8568424709216118,2e-05
33,8,0.0018725355493588041,0.032962967,0.04326538,0.9872176025982147,0.017796153435483575,0.093671575,0.13084373,0.8632798609237864,2e-05
33,9,0.0016769753425234111,0.030412048,0.040951703,0.9885654674932028,0.018547211507601396,0.09620151,0.13444942,0.8630723482214268,2e-05
33,10,0.0016748415255618812,0.0313803,0.0408991,0.9885945150546465,0.01775184247110571,0.09362778,0.13226862,0.8673441513729344,2e-05
33,11,0.0014247594444216098,0.028431127,0.037750307,0.9903083009013606,0.01745969627518207,0.094028026,0.13183643,0.8616413547825934,2e-05
33,12,0.0014872136068852426,0.028272444,0.03854057,0.9898692233701457,0.016590709731514965,0.09024644,0.12744823,0.8683172237194089,2e-05
33,13,0.0015735820525491209,0.02982664,0.03967395,0.9892852926856157,0.01685080993255334,0.09152324,0.12827885,0.8673421379136048,2e-05
33,14,0.0012434529941354956,0.02537718,0.035260797,0.9915289575076229,0.01694540702737868,0.09102709,0.12934646,0.8687623444908361,2e-05
33,15,0.0010818113325648966,0.024012363,0.032896914,0.992635619880678,0.017984997797092155,0.09308925,0.1317841,0.8650744355190815,2e-05
33,16,0.001121715164746628,0.024461787,0.033495396,0.9923610612782042,0.017123237551589097,0.09272983,0.13058524,0.8694688505202888,2e-05
33,17,0.0014547245437170544,0.028178424,0.038141448,0.9900993612407437,0.01637010259686836,0.08923336,0.12591247,0.8748903508008516,2e-05
33,18,0.0014558660177074407,0.02875213,0.038098194,0.990118868122739,0.016093177388289144,0.08953689,0.12545313,0.8726649736194085,2e-05
33,19,0.0015943597822132406,0.030063938,0.039936606,0.989138164026083,0.015566115849651396,0.08751155,0.12289373,0.8772631043615339,2e-05
33,20,0.0016319223915696771,0.031410314,0.040406242,0.9888800949708519,0.01827008095902524,0.09330622,0.1337622,0.868698139373519,2e-05
34,1,0.05126928845768638,0.15274735,0.22644971,0.6572902623394904,0.026638403035966412,0.12107071,0.16262197,0.8178069465165452,5e-05
34,2,0.012776608874795035,0.088054575,0.11304268,0.9094641360229506,0.022927972055705532,0.11555703,0.15136105,0.8643109900391454,5e-05
34,3,0.006432159729824166,0.061547715,0.080199875,0.9553924737437085,0.017816798129518117,0.09884817,0.13249181,0.8576483701643839,5e-05
34,4,0.0049121590640186985,0.054930665,0.070073046,0.9662286349660884,0.018254005017557313,0.096813865,0.13477884,0.8616192955627135,5e-05
34,5,0.0038059833492195914,0.0477881,0.061703596,0.9738716550763576,0.01675141492991575,0.09434806,0.12846467,0.8766697781713862,5e-05
34,6,0.0023501426733325225,0.037681244,0.04847948,0.9839645487308291,0.016378477548382113,0.09375638,0.12795474,0.8713466495343054,5e-05
34,7,0.0021196292630596973,0.034549005,0.04602543,0.9855330191925281,0.020366484332563623,0.103283666,0.14254822,0.867534122085937,5e-05
34,8,0.0020442414619724885,0.033794183,0.04520556,0.9860602205961836,0.017164732296285883,0.09532675,0.13102266,0.8712880954615637,5e-05
34,9,0.00253021935975858,0.03875357,0.05031237,0.9827333516036175,0.01851828665738659,0.09491616,0.13601032,0.8717443676118999,5e-05
34,10,0.0019170509849318138,0.03328834,0.043759264,0.9869545141536671,0.01623451363827501,0.09110472,0.1269983,0.8754558657265563,5e-05
34,11,0.002427002299189672,0.03761243,0.049270272,0.9834659657723975,0.01729483885823616,0.09460766,0.13131332,0.8678297081165298,5e-05
34,12,0.002177793151812158,0.03570728,0.046662595,0.985139006604252,0.017953267387513603,0.095972165,0.13396214,0.878191623070167,5e-05
34,13,0.0015826288536713224,0.029730238,0.039789896,0.9892051178493639,0.016695460487556244,0.09135808,0.12830846,0.8724499343059333,5e-05
34,14,0.0013306490512821545,0.026684852,0.036479507,0.9909470013208,0.016658068002600755,0.089762546,0.12862295,0.8756465164793983,5e-05
34,15,0.0014228685062691987,0.028212968,0.037726063,0.9903044778889541,0.015809036026309644,0.08961393,0.12523976,0.8760102270702893,5e-05
34,16,0.0013962632037533848,0.0278098,0.037371915,0.9904891709423453,0.015084656404464372,0.08474132,0.12281447,0.8841648638202996,5e-05
34,17,0.0014748410155853064,0.027550861,0.03840745,0.9899795727322417,0.01797730891433145,0.09640638,0.1340307,0.8808341705121414,5e-05
34,18,0.0016952491556860019,0.031830948,0.041124824,0.9884848704613385,0.015680411930329034,0.08928116,0.12486499,0.8752997888611818,5e-05
34,19,0.0019243471316283864,0.03310772,0.043867413,0.9868912529768539,0.01475592965393194,0.08860306,0.121561706,0.8801946870245705,5e-05
34,20,0.0018640830144547274,0.032348115,0.043172408,0.9872997658987593,0.0154094563331455,0.08930366,0.12366021,0.8772978963029362,5e-05
35,1,0.14839355238478316,0.21658424,0.38530615,0.3562988524465835,0.027239375614694188,0.121190354,0.16564216,0.7972184499857805,0.0001
35,2,0.01669527512809662,0.09880309,0.12922339,0.8798229839300106,0.02247092317390655,0.106452465,0.14920855,0.8423083569321123,0.0001
35,3,0.01121346805262092,0.08066355,0.10589638,0.9210955858236541,0.020004770286115154,0.10377531,0.14193414,0.8329824586806905,0.0001
35,4,0.006864620355245109,0.06417214,0.08284703,0.9523853204904001,0.018177125104037777,0.09618785,0.13492705,0.8497848840091886,0.0001
35,5,0.005104753987376239,0.054988552,0.071457416,0.9648318569711944,0.018525513720565608,0.09826807,0.13604923,0.8575660858187379,0.0001
35,6,0.002772057986008787,0.04021302,0.05263952,0.9810325294281004,0.01913380895608238,0.10038283,0.13834465,0.8613954786629698,0.0001
35,7,0.002163331770168391,0.03471693,0.046518847,0.9852128415028815,0.017884137574583292,0.09539782,0.13395646,0.8592290256315109,0.0001
35,8,0.0019410964010161496,0.03296549,0.044053845,0.986748080723058,0.021389434346929193,0.10599371,0.1462535,0.8575571674285707,0.0001
35,9,0.0019521404258475996,0.03330425,0.044189196,0.9866798976168504,0.01771639071271888,0.09488026,0.13362543,0.8618504878351025,0.0001
35,10,0.0017172656023100228,0.030813312,0.041414764,0.9883095338704425,0.016368773666077426,0.09030298,0.12804799,0.8726979404146349,0.0001
35,11,0.0014302199932193888,0.028004743,0.03782115,0.9902550195518647,0.01926758758989828,0.09932345,0.13916655,0.8551279862890311,0.0001
35,12,0.0020777502735841707,0.034758143,0.04557412,0.9858387703300837,0.024610309462462152,0.12081574,0.15688364,0.8692828455399148,0.0001
35,13,0.002614078977445541,0.039471,0.051132612,0.9821616428806926,0.017374728540224687,0.09274867,0.13242562,0.8624933522151278,0.0001
35,14,0.001907267786723466,0.033322643,0.04367418,0.9869901844824887,0.0179086326887565,0.0945298,0.13336438,0.8674652796765198,0.0001
35,15,0.0019182846620330743,0.03250852,0.043802597,0.9869127212824318,0.01896473575782563,0.098469675,0.13683558,0.8632015868903457,0.0001
35,16,0.0018363991721259065,0.03274395,0.0428497,0.9874921457000749,0.01715423632413149,0.09303833,0.13159128,0.8660367556202725,0.0001
35,17,0.0010054679509963857,0.02240632,0.031715076,0.9931835966813247,0.016546650057924644,0.089961864,0.12865268,0.8731755047920968,0.0001
35,18,0.0006461816351092638,0.017500319,0.025376514,0.9956213171978887,0.016300068236887455,0.089527324,0.12770997,0.8738278909353686,0.0001
35,19,0.0005461390540395455,0.015781421,0.023364805,0.9962885470508089,0.015896764118224382,0.08775156,0.12603965,0.8742611710678164,0.0001
35,20,0.00047467744454445546,0.014378362,0.021789528,0.9967728613769786,0.01667137590370008,0.090429455,0.12899134,0.873861649521192,0.0001
36,1,0.025630628453484936,0.11511279,0.16012621,0.8198735741760342,0.011809188810056421,0.08339756,0.10931374,0.9052016653702876,1e-05
36,2,0.009767184014185021,0.07672107,0.09881834,0.9318604757750049,0.00881722313998681,0.073309645,0.09453306,0.9307693692323792,1e-05
36,3,0.0077654065382851845,0.06886085,0.0881253,0.9460991755550043,0.013058386326991711,0.09599553,0.114719994,0.9317420469773571,1e-05
36,4,0.005972492345867169,0.06151447,0.0772786,0.9587865959088057,0.009922080202226492,0.07902912,0.100277215,0.9206026510078913,1e-05
36,5,0.004803540421290504,0.054191414,0.06928493,0.9669293557528414,0.0086685606472572,0.07265683,0.093756564,0.9335919085773499,1e-05
37,1,0.0270069524534694,0.11386385,0.16434686,0.8119604587902856,0.010365535021130065,0.077867016,0.102384046,0.917131206674402,2e-05
37,2,0.009955430656038312,0.077888705,0.09976327,0.9306545889848854,0.009941382756665007,0.078144506,0.100406006,0.9367699626927992,2e-05
37,3,0.007189585108998447,0.06606706,0.08473098,0.9502299290978633,0.017541260001491064,0.11046693,0.13274872,0.9341340799059775,2e-05
37,4,0.006438434449235025,0.062821254,0.08023831,0.9556127676342264,0.013288125964916415,0.09083052,0.11553574,0.9149515219778697,2e-05
37,5,0.005044147804927268,0.0555229,0.07100836,0.9652612985946811,0.00908399972937938,0.07211449,0.095978454,0.9283075913634433,2e-05
38,1,0.034744843476257184,0.118691474,0.1864341,0.76793578053433,0.01012387967892681,0.075574934,0.10090641,0.9228095219966872,5e-05
38,2,0.010023013550040712,0.07786092,0.10008625,0.9302419066176256,0.008502014094254398,0.07138792,0.09283803,0.9334160401812223,5e-05
38,3,0.007005099728158822,0.06540432,0.083660275,0.9515509130125807,0.012094904439032285,0.087726116,0.11054024,0.9339173209142888,5e-05
38,4,0.006711866202188665,0.064413026,0.08193749,0.9538369516705039,0.010475433870818018,0.08033833,0.10303983,0.9198304805372522,5e-05
38,5,0.005052757168167748,0.055667076,0.071084954,0.9652435435044674,0.009401191711259782,0.07450439,0.09760857,0.928904096364072,5e-05
39,1,0.10389462743070364,0.23926808,0.3222402,-0.020137498215167113,0.06471370167909535,0.20502953,0.25605604,0.3969250843067108,0.0001
39,2,0.07224478773233071,0.21809271,0.26880154,0.18192978970464282,0.05985675788812201,0.19602841,0.24618442,0.49258849227848844,0.0001
39,3,0.08355250033505357,0.22238839,0.2890601,0.22081123982124318,0.12568549897211292,0.31688154,0.35482588,0.09949119231191933,0.0001
39,4,0.07758833750022714,0.227443,0.27856088,0.00989318052419027,0.07790030497643682,0.23735234,0.28005213,0.3273008039934848,0.0001
39,5,0.07691745443196715,0.22683369,0.27740484,-0.023057704811315572,0.06447472181861047,0.20620641,0.25554428,0.3415047091345229,0.0001
40,1,0.02142794455796541,0.10991663,0.14638509,0.8479932396863141,0.011686009139305464,0.08404256,0.108780906,0.9063839003100069,1e-05
40,2,0.0100117761265839,0.07814014,0.10004738,0.9301885392012006,0.009053678732016124,0.07255785,0.09579895,0.9313096456280096,1e-05
40,3,0.007454183176565136,0.06765776,0.086347975,0.94827369539486,0.012703579561612397,0.091033794,0.11306348,0.935840832714782,1e-05
40,4,0.005740488142810901,0.059354637,0.07576586,0.9604206417128616,0.011216091785441947,0.0835291,0.10660345,0.9161019883928132,1e-05
40,5,0.004786100887957848,0.053603664,0.069169365,0.9670278203257346,0.008544211648970505,0.071257606,0.093081735,0.9315958168296005,1e-05
40,6,0.003836619839322874,0.048168592,0.061946813,0.9736737340079393,0.008517060757353815,0.072434396,0.092918396,0.9346856721681018,1e-05
40,7,0.0027294256268989864,0.040538233,0.052250598,0.9813230267919285,0.00916153383527503,0.07337438,0.096365824,0.929291053640747,1e-05
40,8,0.0023423895308866613,0.03679406,0.048374947,0.9840096430689244,0.008403540470344186,0.06966349,0.092266135,0.9364525551166177,1e-05
40,9,0.002152368424945945,0.035288658,0.04638652,0.9853132015959969,0.009412377251363877,0.07396727,0.09757485,0.9311561567900861,1e-05
40,10,0.0019830466548415287,0.03452328,0.044534206,0.9864827665712537,0.007828209343036482,0.069671415,0.08908374,0.9371761709846641,1e-05
41,1,0.025517260390052313,0.11296085,0.1597507,0.8232351162375733,0.00974068017805823,0.075395904,0.09927074,0.9228142681531167,2e-05
41,2,0.010164569413140373,0.078749835,0.100822225,0.9292573875248854,0.007712483865757518,0.06754774,0.08843664,0.9420815728853613,2e-05
41,3,0.007371336314480406,0.06684508,0.08580093,0.9489643168674322,0.016147104691265634,0.105806544,0.12734826,0.932844469616851,2e-05
41,4,0.006439225252107233,0.063050464,0.08025331,0.9556075729184936,0.012907261870741085,0.08975202,0.113894396,0.9141985776385729,2e-05
41,5,0.05704440911440287,0.18537022,0.23886475,0.47498538170422616,0.021807961899968278,0.11815537,0.14866674,0.816217712542244,2e-05
41,6,0.024385066177324985,0.12179615,0.15618253,0.8178986967646732,0.04586363058640725,0.17364186,0.21487983,0.5922639567683009,2e-05
41,7,0.01969640961550089,0.108117655,0.14036432,0.855961213360827,0.013492146360308484,0.08968916,0.11687905,0.8952572097691331,2e-05
41,8,0.016292920505922293,0.097662814,0.1276434,0.8825491815917232,0.01961571106302371,0.110474735,0.14103003,0.8405130802878972,2e-05
41,9,0.01393514501832444,0.09154128,0.11803594,0.9009920457966248,0.015633152222209092,0.09288313,0.12588689,0.8718924006217881,2e-05
41,10,0.011306363560859643,0.081955194,0.10628732,0.9209984468874914,0.02401055706259622,0.10457339,0.15601744,0.7992944924388609,2e-05
42,1,0.024398603942517243,0.11396207,0.15623486,0.8314273331048917,0.008629849965574168,0.07299592,0.09353455,0.9314123099727488,5e-05
42,2,0.009960194880188504,0.07807768,0.09977629,0.9308166163316459,0.017414869378424354,0.10804032,0.1327006,0.9265913207768888,5e-05
42,3,0.007458960802442757,0.06791971,0.08633156,0.9484367084777858,0.011128267871552251,0.0829129,0.10615188,0.938033524963636,5e-05
42,4,0.006268923952010032,0.06226493,0.07918194,0.9568854138138503,0.009307070769460147,0.07595032,0.097022526,0.9259749738900817,5e-05
42,5,0.005735340188056118,0.059986744,0.0757166,0.9605559018188247,0.009211824225160483,0.07407814,0.096613824,0.9264595493063272,5e-05
42,6,0.00412694453557931,0.04968935,0.06423724,0.9716908897859897,0.008129237995658681,0.06932311,0.0907943,0.9368192176622471,5e-05
42,7,0.003584226632304979,0.046948396,0.05984209,0.9754946546904197,0.008366159115313267,0.07006318,0.09210676,0.9331564717314599,5e-05
42,8,0.0037092021080140604,0.047350198,0.060895808,0.9746188422976458,0.008052912100134159,0.07069822,0.09036021,0.9387512624314239,5e-05
42,9,0.0038120989103471205,0.04803535,0.06172333,0.9739344274381198,0.008059952833853593,0.06759358,0.09003255,0.9421429389659796,5e-05
42,10,0.004227447688522984,0.050916027,0.06502914,0.9710709748699119,0.009166843723505735,0.076078504,0.09629301,0.9359963728739632,5e-05
43,1,0.039534698818455595,0.12717998,0.19888341,0.7416092468019075,0.009561556250210506,0.07580947,0.09840536,0.928895532511539,0.0001
43,2,0.01035751802562551,0.07903885,0.101748005,0.9279947608467767,0.019410003808809927,0.11480065,0.13963237,0.9270005459094492,0.0001
43,3,0.008203386577992987,0.07099866,0.09057256,0.9433257970546648,0.00854800121817755,0.068974555,0.09298008,0.9321050937152383,0.0001
43,4,0.005573341139641462,0.057940807,0.074667014,0.9616500443556966,0.009276730929743567,0.073364176,0.09699162,0.9266692266452136,0.0001
43,5,0.006637784291980037,0.06378815,0.08144855,0.9544229501989107,0.01086251862460796,0.081196725,0.10495462,0.9239551729547097,0.0001
43,6,0.005761156975325397,0.059901483,0.075889565,0.960416981610872,0.008054714314682685,0.06790156,0.09013371,0.9372220803741053,0.0001
43,7,0.06496313078173656,0.17875615,0.25494936,0.4693882945789518,0.06694028516196543,0.21487677,0.26005015,0.16797463607799332,0.0001
43,8,0.08006044397964011,0.23296298,0.28293696,-0.05793015778317211,0.08685217925381881,0.25593045,0.29546747,-0.10079043588344747,0.0001
43,9,0.07832115813959216,0.22825739,0.27978194,0.013356927384626037,0.06994636910450128,0.2210617,0.2656592,0.028091948285997835,0.0001
43,10,0.0775492424134461,0.22753191,0.27842245,0.017628065064979218,0.06505064181638537,0.21059956,0.25650665,-0.08120885452578916,0.0001
44,1,0.024030793928780603,0.11380127,0.15500537,0.8302312019821206,0.011060110646886405,0.08144227,0.10583511,0.9104522442539205,1e-05
44,2,0.00992921726889941,0.077757485,0.09963528,0.9306746545925328,0.007718612228658188,0.06875536,0.088454545,0.9418002242975299,1e-05
44,3,0.007807519972170964,0.069388725,0.08837186,0.9457775532230366,0.010659427080234443,0.082053065,0.10371672,0.9341895150039723,1e-05
44,4,0.006375525581308262,0.06280336,0.07984628,0.9559606544225929,0.010399039436715949,0.079519406,0.102683045,0.9187686684524975,1e-05
44,5,0.005189998710856319,0.05609361,0.07203412,0.9641951945423202,0.008936504563920337,0.07365125,0.09517226,0.9310737904105256,1e-05
44,6,0.004271148816871709,0.051692203,0.06535039,0.9706617025725225,0.00846347087591076,0.07250299,0.0926113,0.9379313965235261,1e-05
44,7,0.003266840715194665,0.044235818,0.057163253,0.9776144778946165,0.008603197149501217,0.07297604,0.09333951,0.937752743237255,1e-05
44,8,0.002621001370575401,0.039337195,0.05118117,0.9820840340364254,0.008277205900985454,0.069516085,0.09160557,0.9376819462705558,1e-05
44,9,0.001290010747852308,0.027234478,0.035925757,0.991205444726474,0.007718195560974655,0.06702447,0.08845919,0.9402075695565173,1e-05
44,10,0.0009002830485310666,0.022913842,0.030010438,0.9938693921619575,0.007636671675249495,0.066184714,0.08799514,0.9394099179369891,1e-05
44,11,0.0007794695229995766,0.021120213,0.027917586,0.9946970796700717,0.007557669459924067,0.06634666,0.08751983,0.9402978802543193,1e-05
44,12,0.0006847440236142744,0.01938412,0.026136078,0.9953538178860764,0.007787905427566902,0.06723121,0.088860326,0.9384426888901872,1e-05
44,13,0.0006156880424441624,0.018164624,0.024814097,0.9958129262596577,0.007775575048274024,0.06698272,0.088783935,0.9385402387230819,1e-05
44,14,0.0005546021717262226,0.016883567,0.023553928,0.9962284610528139,0.007646419870272641,0.066204764,0.08803394,0.9393753785263841,1e-05
44,15,0.0004986507598838114,0.01576278,0.022309354,0.9966168068367598,0.007760862384707757,0.066918,0.08868928,0.9379995102442304,1e-05
44,16,0.00044702297243453935,0.014656892,0.021145256,0.9969609799398462,0.00793917656402401,0.06748568,0.089710586,0.9378575365654622,1e-05
44,17,0.0004270296996603456,0.014261151,0.020669295,0.9970964697095254,0.00773631315900679,0.066686764,0.08852878,0.939051805915588,1e-05
44,18,0.0002886679834588657,0.0109210275,0.01699261,0.9980396864145988,0.007820300410963278,0.066880636,0.08899951,0.9386048165934792,1e-05
44,19,0.00027813851392635415,0.010567361,0.016680282,0.9981103423707701,0.007781491509376792,0.06659631,0.088777274,0.9385254387437317,1e-05
44,20,0.000274406074422735,0.010324182,0.016569404,0.9981354428026403,0.00782344838349942,0.06678399,0.08901155,0.9384056392276557,1e-05
45,1,0.021956159384975863,0.107748635,0.1481908,0.8467347310997965,0.010265670139536573,0.07784015,0.101781644,0.9175243065106928,2e-05
45,2,0.009415344695672697,0.07587264,0.097026706,0.934508490283768,0.008179166029195686,0.07047209,0.09107232,0.9415441518684255,2e-05
45,3,0.006633600688941459,0.06309183,0.08142306,0.9540787513683593,0.015980535695605255,0.106337175,0.12653053,0.9433072911779343,2e-05
45,4,0.0063423214307187885,0.0627544,0.07964604,0.9563875515528938,0.014248719551014128,0.096745,0.11982145,0.9201393040900416,2e-05
45,5,0.005031399410416559,0.05462986,0.070923515,0.9653560733396599,0.007777490573693952,0.06733605,0.08880896,0.9381200034912355,2e-05
45,6,0.003527876469480727,0.04625837,0.05936304,0.9758688404346743,0.008589982669541819,0.07354642,0.09314057,0.9365249526154862,2e-05
45,7,0.0027667857135962107,0.041148644,0.05259866,0.9810730525601186,0.008310476235271414,0.07069254,0.09179109,0.9358480648319505,2e-05
45,8,0.0023593553195131,0.038172744,0.048542436,0.983903822887014,0.007268672367057728,0.066774495,0.08584474,0.942359351764582,2e-05
45,9,0.002218251928153333,0.03632953,0.04709968,0.9848642320079497,0.0076526556858206515,0.06705722,0.08798978,0.9402366682157649,2e-05
45,10,0.002307809423068775,0.037187092,0.0480395,0.9842552059148364,0.007666310060476126,0.0690597,0.088077135,0.9390775322878123,2e-05
45,11,0.0024502176349636092,0.038290054,0.049500152,0.9832656033531834,0.007963165446291762,0.06652984,0.0898625,0.9369627551737438,2e-05
45,12,0.0025677831032464094,0.03908908,0.050636485,0.9824977070476874,0.00810876893821707,0.071027316,0.090286344,0.9459962588441369,2e-05
45,13,0.0024718781538875735,0.038480178,0.049716827,0.9831296559033235,0.008619816025236138,0.072183184,0.09325123,0.9408935112434341,2e-05
45,14,0.0020432315846744906,0.03484821,0.04521286,0.9860593134983023,0.009260764496435446,0.07678666,0.096565686,0.9432150586131973,2e-05
45,15,0.001009951445794456,0.02378348,0.031775977,0.9931249459702735,0.007132722662020198,0.06390841,0.084928036,0.9442865560241992,2e-05
45,16,0.0006434414684042516,0.018667756,0.025353784,0.9956279978869853,0.0070290992858914525,0.0631413,0.084280886,0.945424185543304,2e-05
45,17,0.0005134896902669323,0.016441602,0.022658488,0.9965098147348759,0.007030898571462819,0.063429505,0.08429719,0.9455636963271528,2e-05
45,18,0.0004181060524252159,0.014665146,0.020449381,0.9971580748038023,0.006830730464706129,0.061849587,0.08315308,0.9456077498223424,2e-05
45,19,0.0003598852686751326,0.013180006,0.018958224,0.997558033147352,0.006871385002914058,0.06237637,0.08337361,0.9455158636688438,2e-05
45,20,0.00031188345261615104,0.011916283,0.01766277,0.9978805121861919,0.007076002965159541,0.06412281,0.084546715,0.9461112190422796,2e-05
46,1,0.03070547581604009,0.11551606,0.17524749,0.7976060416236357,0.008544936107581533,0.07063869,0.092840225,0.9322596362370845,5e-05
46,2,0.010217716715334769,0.07879257,0.101051114,0.9290389836399252,0.009584858560831182,0.08071018,0.09836692,0.9302567276712073,5e-05
46,3,0.007088374016492597,0.06580424,0.08415115,0.9510068132387072,0.010774075178670938,0.081992865,0.10405566,0.9431716474056911,5e-05
46,4,0.006471366433781492,0.06283903,0.08043407,0.9555475807439956,0.010477486639973466,0.08189843,0.10299704,0.9237190935787978,5e-05
46,5,0.006114198570982901,0.06089436,0.07820347,0.9579672989072425,0.011168970711339541,0.081418626,0.10634783,0.9281147463329831,5e-05
46,6,0.00426062579953115,0.051111784,0.06525613,0.9708015260175709,0.007932042726746726,0.069185205,0.08962825,0.939013177964311,5e-05
46,7,0.003334788975998635,0.045612115,0.057739254,0.9772048425646719,0.009658800277436428,0.07726149,0.098698705,0.9335890064965005,5e-05
46,8,0.0030838563634631023,0.042760003,0.055533648,0.9789134370454442,0.009025133156818035,0.075747475,0.09566464,0.9370936819107459,5e-05
46,9,0.0033276736171628895,0.0453065,0.057679772,0.9772715092103195,0.007028293126765035,0.06289248,0.084408775,0.9454678824825752,5e-05
46,10,0.00505006661563546,0.056165997,0.0710695,0.9654061372894858,0.010086565153431837,0.08186545,0.100684516,0.9363650439352907,5e-05
46,11,0.003497782713821265,0.045725737,0.05914508,0.9760523027173714,0.008707913798624995,0.069008805,0.09389327,0.93271616825163,5e-05
46,12,0.0030143145620662426,0.04270158,0.05482514,0.9794446852446718,0.008420233772119024,0.07123389,0.09209221,0.9380975893567732,5e-05
46,13,0.0029540830114923684,0.04264901,0.054341972,0.9798294531423911,0.008282762725246829,0.07004253,0.091254376,0.9386084665292275,5e-05
46,14,0.002976271759856152,0.041676845,0.054553065,0.9796939926793068,0.01699143950180668,0.10712954,0.13068609,0.929143631407494,5e-05
46,15,0.003298485304984301,0.044962246,0.05742803,0.9774580135064925,0.009671460329695104,0.07860566,0.099021174,0.9314740467354053,5e-05
46,16,0.001808197611149536,0.032261223,0.042526804,0.9876596975999955,0.007622116842496864,0.06514815,0.087897085,0.9395653984340456,5e-05
46,17,0.0009946756463547993,0.023478836,0.03154553,0.9932236057940466,0.007783047259888715,0.06503371,0.08877048,0.9401907922897965,5e-05
46,18,0.0007347199437296873,0.020005284,0.027108414,0.9950007110747239,0.007516976073492077,0.06461388,0.087284446,0.9403391423401387,5e-05
46,19,0.0005530411043005995,0.016870948,0.023508511,0.996242391577853,0.007576085629234849,0.06462038,0.08756387,0.9412529360917894,5e-05
46,20,0.00045403660269627586,0.014846401,0.021313699,0.9969123441928847,0.007892976103229794,0.06644375,0.08934425,0.9413318024908577,5e-05
47,1,0.045276943265167215,0.12687598,0.212828,0.7180287295372605,0.00945042278100219,0.07425154,0.09781498,0.9278732894433617,0.0001
47,2,0.010673166573494803,0.08049092,0.103274666,0.9257947773548583,0.01808980782300717,0.111905344,0.13464206,0.928362148966091,0.0001
47,3,0.008476698954242051,0.07309129,0.09204735,0.9413665070351738,0.009726514794035919,0.07855527,0.09868544,0.9342412952983995,0.0001
47,4,0.007738243190424243,0.06880936,0.087962046,0.9467792988843625,0.009974200739870194,0.08136489,0.100550145,0.9237381904260097,0.0001
47,5,0.006409589272815513,0.06303876,0.08006012,0.9558222922700513,0.008299976641730475,0.07053315,0.091729715,0.9345246059658232,0.0001
47,6,0.005341322770788717,0.056990195,0.07307299,0.9633032853823806,0.009456825977260316,0.07818749,0.0977778,0.9317819069655139,0.0001
47,7,0.005184376830907367,0.056377187,0.07200245,0.964425614362942,0.00961576525285771,0.07218888,0.09842172,0.9279119895899378,0.0001
47,8,0.00454285543442706,0.05237349,0.06741148,0.9688415338427936,0.00915743910310859,0.0715311,0.09624061,0.931370069991916,0.0001
47,9,0.004833933182674619,0.054873835,0.06949466,0.9669298471845509,0.009142716944485006,0.07206429,0.09627451,0.933615479594998,0.0001
47,10,0.005431392619731209,0.058003724,0.07371809,0.9626831017949252,0.01067815528020017,0.07894547,0.10391538,0.9248474874429141,0.0001
47,11,0.042904082689584976,0.13402988,0.20704602,0.6753243277974325,0.0688514089970677,0.2187817,0.26362437,0.20951834862358265,0.0001
47,12,0.07437773145056356,0.2228234,0.27270624,-0.014244351374733275,0.06942619954201358,0.22006126,0.26469103,0.3511455745673981,0.0001
47,13,0.07435065856264364,0.22294292,0.27264994,-0.02712616510464037,0.067204342879079,0.21539868,0.26054502,0.29311968055209536,0.0001
47,14,0.07431913961038411,0.2226129,0.27254832,-0.023927349336714105,0.0713537538562108,0.22401819,0.26825446,0.2703649801532162,0.0001
47,15,0.0744082887078174,0.22396995,0.27274427,0.010273982180918953,0.06744251871067616,0.21583632,0.2609923,0.02236507075110803,0.0001
47,16,0.07404309059232125,0.22234,0.2720877,0.015368460830283705,0.06477288579292319,0.20970285,0.2559933,0.04247147700142963,0.0001
47,17,0.07430155589691337,0.22336061,0.27266026,0.005525510359864559,0.0705598624492133,0.2223648,0.26679346,0.039695918624263894,0.0001
47,18,0.07379940005017131,0.22221036,0.27158538,-0.007265239687609062,0.0679021058259187,0.21682817,0.261853,0.05154140127740225,0.0001
47,19,0.0737914805959858,0.2217881,0.27165326,-0.0439584058481065,0.06891816152535656,0.21891563,0.2637497,0.047898484810067476,0.0001
47,20,0.07384517238144632,0.22203147,0.27165797,-0.0352639954768555,0.06845425721257925,0.21794565,0.26288486,0.04513904492745145,0.0001
48,1,0.027800946683017972,0.11942273,0.16676092,0.807191267079588,0.014156554842850676,0.09038103,0.11938151,0.8927307897758936,1e-05
48,2,0.010829177433755423,0.08213379,0.10406495,0.924215730759802,0.009729953405136863,0.073274896,0.09897542,0.9235080968063565,1e-05
48,3,0.007304400851880418,0.06620567,0.0854703,0.9492339391883025,0.012143221140528718,0.08727796,0.11056133,0.9221669390403993,1e-05
48,4,0.005980626845059951,0.0606034,0.077341884,0.9586421728321891,0.010124726376185814,0.07858436,0.10086529,0.9215329777722672,1e-05
48,5,0.0054369606001511495,0.057562303,0.073730655,0.9624619987522115,0.008829362466241475,0.07129954,0.09411778,0.9296461237426207,1e-05
49,1,0.02978384836411504,0.11827652,0.17262058,0.8005204755936944,0.014666805578464712,0.092961095,0.12132698,0.9008573207089242,2e-05
49,2,0.009639863596650311,0.07676089,0.09818504,0.9326871859340042,0.008643954164452024,0.071871385,0.09319115,0.9325721565496713,2e-05
49,3,0.007308122466392293,0.06670856,0.08548875,0.9492733748016073,0.010088654692043309,0.07919056,0.10070306,0.9319418134740985,2e-05
49,4,0.005355775393284509,0.057603657,0.07318181,0.9630505278471144,0.009625078946420992,0.0772137,0.09826791,0.9269594852474861,2e-05
49,5,0.00474085224842409,0.053428013,0.068858616,0.9673418786761548,0.009338274283369107,0.07511293,0.09675489,0.9280623217190413,2e-05
50,1,0.038989341916259655,0.124584265,0.19748548,0.7483335070254107,0.016394093287763773,0.1026314,0.12784865,0.9179022888083996,5e-05
50,2,0.010947098508346652,0.08174769,0.104626656,0.9236085350982538,0.008594219654764014,0.07126583,0.093104206,0.9364993785420651,5e-05
50,3,0.006811262309936388,0.06399663,0.08252535,0.9529017102927673,0.012501291076963147,0.08972096,0.11210845,0.9182786410257089,5e-05
50,4,0.004970278023528892,0.055258345,0.07049375,0.9657741399807944,0.008637550599545378,0.072200894,0.09307328,0.9337826646959216,5e-05
50,5,0.0037952356042381744,0.048214234,0.061591905,0.9740056248120341,0.014444453262344555,0.100268416,0.12012173,0.9277743039908131,5e-05
51,1,0.048181521575723855,0.13009022,0.21954906,0.7061407547335526,0.011677462452401718,0.084515385,0.10830505,0.9155439481717194,0.0001
51,2,0.011032798641663758,0.081951395,0.10503405,0.9230106069085232,0.011221925400335479,0.0823464,0.106129296,0.9341362437628709,0.0001
51,3,0.008687376244337446,0.07406489,0.0932143,0.9398332566231535,0.010745007251561791,0.08429206,0.10391862,0.9433950864519453,0.0001
51,4,0.005862885595149161,0.06097363,0.07658022,0.9596461198927663,0.008072242957833051,0.06928393,0.08990856,0.9377321436449176,0.0001
51,5,0.003909886279020993,0.04853574,0.06253316,0.9731605342740581,0.008222124737652915,0.067705005,0.090760194,0.9351399010994016,0.0001
52,1,0.04141453593625539,0.13314617,0.2035216,0.7234055934180866,0.013055461307953077,0.08642577,0.1142928,0.9059542870123485,1e-05
52,2,0.011693779458552947,0.08549992,0.10814937,0.9179515261366652,0.009176316472736222,0.07328471,0.09577319,0.9306206926132166,1e-05
52,3,0.00831225888518547,0.07196958,0.09118211,0.9420411086663009,0.010287075247443109,0.07954548,0.101613514,0.933449176041155,1e-05
52,4,0.00693958711475308,0.064851105,0.08330086,0.951939288877748,0.008971873144791634,0.07211623,0.09497572,0.9309622190586733,1e-05
52,5,0.0062371166447443,0.061787657,0.07897893,0.9568047674120254,0.008472800453158992,0.07098357,0.09209429,0.9360304951091915,1e-05
52,6,0.004878729134667491,0.054801464,0.0698335,0.966384044345057,0.009549199569004553,0.076202,0.09806452,0.9407020050760219,1e-05
52,7,0.004361599442499003,0.051537797,0.0660597,0.9699708530339979,0.008162653875640698,0.06973882,0.090358175,0.937618567849232,1e-05
52,8,0.003025242578995492,0.042790357,0.055003747,0.9792583917455165,0.008067236674294152,0.069473326,0.08973469,0.9386082044050669,1e-05
52,9,0.002869714613977785,0.04146838,0.053570356,0.9803380114888167,0.00905994148666246,0.07243098,0.095298745,0.9345116246457594,1e-05
52,10,0.002481730645587755,0.03895852,0.049810093,0.9830678569937623,0.0083678111485723,0.06950876,0.09164359,0.9367396986871709,1e-05
53,1,0.03039889530687828,0.1231614,0.17438611,0.7881312754417439,0.014382285548856965,0.0954847,0.11997453,0.9180277500235348,2e-05
53,2,0.00960414695486026,0.07643906,0.09800387,0.9329650881992974,0.008696901982788134,0.07144,0.0935389,0.9343088127566348,2e-05
53,3,0.007379697130396788,0.06705622,0.08591132,0.948798162037927,0.009720944264834677,0.07810416,0.09886484,0.9353015647595525,2e-05
53,4,0.0054906465551896435,0.05891464,0.07409495,0.9620966766971317,0.0087191187000523,0.071336135,0.093633056,0.9329422388140997,2e-05
53,5,0.0046250772560189396,0.05256087,0.06801216,0.9681516156522815,0.007921767688390834,0.06852638,0.089001074,0.9391200115200431,2e-05
53,6,0.0036122652339731632,0.047467805,0.06008843,0.9752281531814282,0.008232536251415257,0.07134501,0.09082938,0.9396804126904191,2e-05
53,7,0.0027259424241492525,0.040483575,0.05221206,0.9813512435176178,0.008424142970600061,0.072200544,0.09192275,0.9361837897627342,2e-05
53,8,0.00233431515217515,0.03731716,0.04828638,0.9840693837817565,0.010915070815287807,0.083508216,0.10432167,0.9335172690800565,2e-05
53,9,0.0024475067468777856,0.038424022,0.0494755,0.9832840226838103,0.008765001406168772,0.07266084,0.09362942,0.9333205761021176,2e-05
53,10,0.0019826152836294655,0.03453431,0.044534072,0.9864906944292765,0.007674301081957917,0.06735741,0.087588005,0.9400211276344861,2e-05
54,1,0.025618393332360174,0.1126863,0.16009076,0.8207602598165643,0.02225977116850791,0.117796205,0.14981958,0.8672254337781722,5e-05
54,2,0.011375563669075023,0.08279506,0.106654555,0.9208728206586622,0.011422398448404338,0.08390905,0.10711169,0.9373255751723959,5e-05
54,3,0.009061243661426913,0.07419186,0.09520675,0.9374150480781107,0.010333520446524577,0.08298101,0.101933435,0.9365059896810856,5e-05
54,4,0.005425752240677025,0.05761397,0.073659964,0.9625658396167802,0.007877844075361887,0.068896085,0.08884763,0.9408056032707838,5e-05
54,5,0.003575927182427111,0.046567567,0.059784643,0.9754750245777052,0.009283248636940564,0.076250285,0.09658006,0.933614038519737,5e-05
54,6,0.0033107088927982514,0.044541944,0.057528872,0.9773371317357628,0.008144550672214892,0.070945606,0.09028252,0.9405601373472715,5e-05
54,7,0.002815812944611926,0.0415912,0.053075276,0.9807604814302429,0.00816857114572216,0.06950483,0.090543725,0.936575188731779,5e-05
54,8,0.0022750942820680947,0.03626147,0.047673468,0.9844870148069188,0.008284240314323042,0.067954205,0.09098699,0.9378310334176904,5e-05
54,9,0.002014492944135357,0.03410672,0.044882026,0.9862492566194623,0.008104830540509688,0.06970525,0.09004122,0.9377870298414139,5e-05
54,10,0.001823433202206675,0.032878518,0.04271128,0.9875647456303426,0.007990910059393005,0.06672004,0.08929863,0.9368947583382772,5e-05
55,1,0.04111520204993365,0.12883319,0.20281091,0.7355013568174106,0.016085744956163345,0.101528406,0.12752387,0.8929962460215043,0.0001
55,2,0.010200062914094322,0.07973394,0.10098299,0.9289393485491443,0.014806369793842788,0.09737355,0.12197244,0.9385620205096625,0.0001
55,3,0.008410286871775132,0.07246042,0.09170996,0.941938861248331,0.009398283548998061,0.07759605,0.097065516,0.941474324509746,0.0001
55,4,0.005902733085851107,0.06099697,0.07684212,0.9593593118170993,0.009374513118355363,0.07638019,0.09707161,0.9350623096855689,0.0001
55,5,0.0035188683428612286,0.046098486,0.05931706,0.9758683886561824,0.008162039809610212,0.06790382,0.09054812,0.937346429156108,0.0001
55,6,0.0029832503767074827,0.041636273,0.054614756,0.9795961913503296,0.008579285306580088,0.07029312,0.09280234,0.9364126319730202,0.0001
55,7,0.002841030045550656,0.04156713,0.053310253,0.9806044069085955,0.009118632353083403,0.07204566,0.09554721,0.934507972448391,0.0001
55,8,0.0026144176198247926,0.03965358,0.051094238,0.9821819076031938,0.0075264332203746395,0.065018155,0.086904466,0.9431614595194026,0.0001
55,9,0.0024120788583336136,0.03764935,0.049116913,0.9835238245224177,0.00763892890299084,0.06636275,0.087546386,0.9403150942283162,0.0001
55,10,0.0020807104946275147,0.034373276,0.045623597,0.985811536387974,0.009109341746403111,0.073635906,0.09560521,0.9387409429471116,0.0001
56,1,0.0264094379664155,0.11908026,0.1625169,0.814098986665247,0.011490020935458166,0.08407985,0.10722924,0.9078545026888618,1e-05
56,2,0.010938622802985553,0.08191014,0.1045922,0.9234351596519971,0.008273268553980247,0.06813366,0.09097286,0.9345882250141286,1e-05
56,3,0.0074711127713144206,0.06713184,0.08644513,0.9480366349119993,0.00891115013251288,0.073919795,0.09449733,0.9344181458725088,1e-05
56,4,0.006245490757609221,0.061541542,0.07902322,0.9568047471459082,0.008753939148004132,0.07356172,0.09356772,0.9336943447053339,1e-05
56,5,0.005885166108714869,0.05947733,0.07671919,0.9593155346552944,0.008053763528113012,0.06938679,0.08973681,0.936311832552225,1e-05
56,6,0.004368805599607806,0.05098161,0.066071875,0.9699576196672973,0.009370521659514418,0.07812562,0.09682151,0.9360724981269305,1e-05
56,7,0.0038111457222023823,0.04826197,0.061744917,0.9738085773904127,0.007741220347169373,0.068107,0.08777831,0.9399132247244807,1e-05
56,8,0.0028555816947645725,0.04157026,0.053429633,0.9804409549686519,0.008737272031053348,0.07263622,0.0933205,0.9361988596531858,1e-05
56,9,0.0025640819624292654,0.039216466,0.050635476,0.9824603206034423,0.008557932125835645,0.073104054,0.09211321,0.9372315494364567,1e-05
56,10,0.0019369798199171374,0.034381676,0.044009138,0.9867984606340227,0.008158230748786419,0.07055384,0.090007536,0.9403402015675454,1e-05
56,11,0.0016910815790320624,0.031891443,0.041127417,0.9884631271438031,0.00952649126864142,0.076327585,0.097365685,0.9352196722520202,1e-05
56,12,0.0014099855978660955,0.028427998,0.037521984,0.9904039238239178,0.008737580087553296,0.07175243,0.093149856,0.9355751950776082,1e-05
56,13,0.0010617398527025454,0.024136785,0.032590773,0.9927662187684975,0.0075497933215013255,0.06702578,0.086456016,0.9421062022751459,1e-05
56,14,0.0010155448884535667,0.023720354,0.03186763,0.9930888663499211,0.007959122929066696,0.07023556,0.088874415,0.9395878892844735,1e-05
56,15,0.0009971725406689857,0.023279775,0.031555735,0.9932265785334193,0.007898207986727357,0.06827476,0.08862218,0.9384560823472907,1e-05
56,16,0.0014764163719281275,0.029353447,0.038424987,0.9899472853400927,0.008643417282857828,0.071794204,0.09259309,0.9382303559245805,1e-05
56,17,0.0013999418752574228,0.02850687,0.03741148,0.9904713971948613,0.007768663362151495,0.068461075,0.087782495,0.9392278632694524,1e-05
56,18,0.0011963797108271315,0.026701957,0.034587707,0.99185841999968,0.0074157705185589964,0.06618021,0.085815586,0.9418652098878761,1e-05
56,19,0.0011256668149144389,0.025752297,0.03353193,0.9923516803107056,0.00856218487886643,0.07276201,0.09200354,0.935933850093515,1e-05
56,20,0.0010611402670114092,0.024800878,0.032576576,0.9927768446032862,0.006916867193972899,0.064735584,0.082729,0.9474036416860958,1e-05
57,1,0.03966165588141602,0.12974997,0.19919026,0.7424148312549115,0.016740953446262412,0.102754354,0.12946066,0.898463342498033,2e-05
57,2,0.010524271605492823,0.08013133,0.102594085,0.9265704536757068,0.009013105433917156,0.07253101,0.095032014,0.9288471189087364,2e-05
57,3,0.0075732735962123895,0.06774711,0.08702056,0.9473738100008482,0.010837221112861126,0.08155701,0.104240045,0.9220989615972617,2e-05
57,4,0.005556869215580035,0.058949597,0.0745386,0.9616280707503494,0.009742931094175825,0.075105734,0.09884689,0.923396856767917,2e-05
57,5,0.005018950535733009,0.055149633,0.0708427,0.9654360087488814,0.009208000165893248,0.074007526,0.095712915,0.9302867272641826,2e-05
57,6,0.0035156574471261804,0.045604065,0.059288085,0.9758696334925143,0.008369650439514468,0.07047111,0.09144031,0.9341759982447532,2e-05
57,7,0.0032075522758532315,0.04421315,0.056644298,0.9780311076553537,0.009486495163636628,0.07612294,0.097466,0.924553094575079,2e-05
57,8,0.0026376881587991457,0.040088996,0.0513514,0.9819663518829408,0.009140054100296564,0.07450355,0.095469095,0.93286983391547,2e-05
57,9,0.0024691320849401944,0.03846198,0.049693167,0.9831352567853241,0.008674271728119088,0.07281406,0.093126796,0.9331973688741356,2e-05
57,10,0.001736854214061304,0.032197397,0.04168659,0.9881584226546254,0.008008611030635182,0.06981012,0.08937316,0.9375274740160352,2e-05
57,11,0.001830472931984995,0.033300355,0.042777024,0.9875326591879403,0.00984041857170976,0.07885412,0.09920195,0.9250866732821573,2e-05
57,12,0.0016656837033224292,0.031129284,0.040790416,0.9886645160804117,0.008698278205917665,0.07302884,0.09301813,0.9354023279925697,2e-05
57,13,0.0011306448532790643,0.025123017,0.033628166,0.9922989452748044,0.007916249884551184,0.07029024,0.08887668,0.9383326004816188,2e-05
57,14,0.0013019063719235486,0.027183192,0.03607518,0.9911509261723358,0.00837323892025139,0.070143215,0.091363296,0.9372643482418324,2e-05
57,15,0.001793641012371953,0.032637864,0.042352926,0.987786962421116,0.00862285481007011,0.0729196,0.092901945,0.9334621538024185,2e-05
57,16,0.0019506280018801684,0.03468351,0.044169586,0.98672194811356,0.007902131849227266,0.06902639,0.08872695,0.939365338254319,2e-05
57,17,0.0017483124945195236,0.03241049,0.041786827,0.9881022811120875,0.009108357230649778,0.07272271,0.095176205,0.92974339975892,2e-05
57,18,0.0017051003539062183,0.032068558,0.041286405,0.9883891244813676,0.007625147394180574,0.06591747,0.08712267,0.9405952373192652,2e-05
57,19,0.0014027423252135072,0.028864482,0.037437547,0.9904645788643447,0.008620559151663824,0.07143075,0.09269144,0.9364435269599385,2e-05
57,20,0.0013012020063568038,0.027308749,0.036077794,0.991135654008541,0.0075731247456537355,0.06665962,0.086917885,0.9439882087821881,2e-05
58,1,0.03321243277326592,0.122581124,0.18224771,0.7786295564764831,0.017125841626828467,0.10458832,0.1310558,0.9134994568663737,5e-05
58,2,0.010748701984450116,0.0806619,0.10367548,0.9251306009551588,0.008472579721085451,0.07225278,0.092264116,0.9355513258819949,5e-05
58,3,0.00715921014203542,0.06582429,0.08461201,0.9505151929022986,0.014004786343624195,0.096763715,0.11845609,0.9250178232406874,5e-05
58,4,0.0049559200598986684,0.05543354,0.07039074,0.9658692069736626,0.008698712762755653,0.068766125,0.09286736,0.9316382275452998,5e-05
58,5,0.0034309485032349373,0.044838,0.058560412,0.9764959058616595,0.010742252787437153,0.082635954,0.10363014,0.9325684808977699,5e-05
58,6,0.003360964658955182,0.046012577,0.05797731,0.977014528032847,0.00883412149010433,0.07135687,0.09379351,0.9337760233245702,5e-05
58,7,0.002510175538735103,0.039015394,0.050111648,0.9828373856584702,0.008776822528387938,0.07250694,0.09373133,0.9318264003925868,5e-05
58,8,0.0024535612998912155,0.03809209,0.04949063,0.9832912703130763,0.009016778276957295,0.07210581,0.09491633,0.9319415128019151,5e-05
58,9,0.0013378396376886646,0.027606735,0.03658119,0.9908769813944385,0.007944351989189509,0.06685944,0.08905122,0.9394343333185519,5e-05
58,10,0.0008501766465300212,0.021875499,0.02916341,0.9942140147525298,0.007586907806668292,0.06485379,0.08694103,0.9402704249992939,5e-05
58,11,0.0006912725251669849,0.019387295,0.026296316,0.9952970959228248,0.007736388335211409,0.06587712,0.08781308,0.9406500325354037,5e-05
58,12,0.0005943839243168738,0.017509757,0.024367375,0.9959621964903671,0.007684630294399405,0.06523365,0.08746326,0.9398544610340174,5e-05
58,13,0.000518737148387313,0.016231148,0.022778256,0.9964725724468348,0.007759297486498124,0.06617889,0.087929904,0.9403181065373972,5e-05
58,14,0.00045805967630963733,0.014836773,0.02139854,0.9968877635600285,0.007667784247098974,0.06473728,0.08735579,0.939765172009661,5e-05
58,15,0.0004195165071234153,0.013819233,0.020484647,0.9971491370281608,0.007718346348998172,0.06531654,0.087650865,0.9397435552592677,5e-05
58,16,0.00035869178685052843,0.012543902,0.01894107,0.9975622550852322,0.007696519592880375,0.064815104,0.087462805,0.9395969998322976,5e-05
58,17,0.0002815646444147868,0.010593994,0.016780794,0.9980906656500718,0.007786819191770283,0.06550733,0.0880147,0.9396902111757693,5e-05
58,18,0.00027200157273060016,0.0102493,0.016496327,0.9981516967284983,0.007788124127761909,0.065528035,0.08802441,0.9396578060774854,5e-05
58,19,0.0002636276039738392,0.009998433,0.016214011,0.9982143461168541,0.007744313435439297,0.06520275,0.08776649,0.9396310947055414,5e-05
58,20,0.00026012433267951396,0.009842592,0.016132494,0.9982324197582371,0.007808351460240643,0.06563336,0.08814332,0.9395693769058142,5e-05
59,1,0.08785569096347491,0.15517363,0.29646173,0.5387309558366036,0.01558014624579637,0.09724437,0.12538037,0.8849291592686993,0.0001
59,2,0.010777654746442895,0.08076093,0.10380742,0.9243937474197277,0.009864421759697574,0.07674249,0.09967178,0.9261023976722207,0.0001
59,3,0.010033178975790409,0.078229554,0.10017877,0.930548524791616,0.012932756967428658,0.093619116,0.114100575,0.9235659147539492,0.0001
59,4,0.006231431498694904,0.06166156,0.078948066,0.9568737101106963,0.009846623322960955,0.074934974,0.09954106,0.9221300685068322,0.0001
59,5,0.003989604761019985,0.04904854,0.06316734,0.9725930116074538,0.009115208651767008,0.07342511,0.09588123,0.9292593439745067,0.0001
59,6,0.0039684752534931336,0.049221188,0.062997006,0.9728465429875905,0.010723289041952402,0.08376296,0.10357913,0.9303529988248228,0.0001
59,7,0.003728583551645192,0.047803454,0.061075676,0.97444116095304,0.008833222651716184,0.07243875,0.09414435,0.9330021677853585,0.0001
59,8,0.0025281072163107917,0.038177982,0.050275024,0.9827293497950951,0.009323805881043276,0.07103491,0.09674416,0.9279256691996934,0.0001
59,9,0.00255117680387578,0.0388155,0.05048745,0.982601740361408,0.01260062134652226,0.08915563,0.112381145,0.9297349888022357,0.0001
59,10,0.0028546489605181806,0.041023567,0.053426784,0.9805516570506135,0.008273878229644012,0.06800353,0.09109944,0.9348462557777292,0.0001
59,11,0.0025536968729352127,0.039382372,0.050522197,0.9825875094249973,0.011022865375572885,0.08168754,0.10509951,0.9282373996074024,0.0001
59,12,0.0027538054678741424,0.04097135,0.05245935,0.9812239479737765,0.010077021110595928,0.07794373,0.10035627,0.9350456009555826,0.0001
59,13,0.002791796250064274,0.041459564,0.052849825,0.9809531027571224,0.009247393334387906,0.07239165,0.09633869,0.9282993372029963,0.0001
59,14,0.002546356798494539,0.039821934,0.050459184,0.9826443828665161,0.008875851170159876,0.07011725,0.09445025,0.9331100853187231,0.0001
59,15,0.0025128118797731976,0.038310565,0.0501308,0.9828706944521889,0.007937761484990242,0.066601716,0.0893678,0.9372679240330882,0.0001
59,16,0.0018378845569688531,0.033078063,0.04287619,0.987465833592122,0.008219576337271266,0.067315385,0.09073655,0.9347361149214236,0.0001
59,17,0.0018166332373996134,0.032803345,0.042619362,0.9876299408009552,0.010152598911965335,0.0789692,0.10097609,0.9300323418571143,0.0001
59,18,0.0020876903762544773,0.035391036,0.04568995,0.985775876341041,0.010292782819036532,0.07643579,0.10133374,0.9292617470603945,0.0001
59,19,0.002425275443945402,0.038242977,0.049237426,0.9834807166087096,0.015657023095560295,0.09885525,0.12554939,0.9308625092190982,0.0001
59,20,0.002887464374049227,0.041985773,0.053740773,0.9803212099859786,0.008364098314713273,0.06836098,0.09165605,0.9334347753309775,0.0001
60,1,0.029744322590146945,0.1274674,0.17249042,0.7939868103151038,0.01306117229562785,0.08729777,0.115043886,0.8995241560431887,1e-05
60,2,0.010244790412415968,0.07920881,0.10121645,0.9280819236995477,0.010493007688117879,0.07831266,0.10334328,0.9210404830564987,1e-05
60,3,0.007586004356113828,0.06825619,0.0871048,0.9471502702459181,0.00899322789960674,0.0739108,0.09544356,0.9332805434718184,1e-05
60,4,0.005972311401165256,0.06090713,0.07727572,0.9586341459283487,0.009168173735296088,0.07670572,0.09633889,0.9309853648296504,1e-05
60,5,0.005210025698407858,0.05619746,0.07217648,0.9640183543969153,0.008640037816283959,0.07087354,0.09312024,0.9331501832674516,1e-05
61,1,0.027257677041446774,0.12188182,0.16513176,0.8155911164471438,0.01037200540304184,0.07840138,0.102685824,0.9180319262327588,2e-05
61,2,0.009496142872321967,0.07632478,0.09745025,0.9336263279049267,0.01425635495356151,0.0989928,0.119663,0.9285929346594308,2e-05
61,3,0.008588144050858846,0.071957864,0.0926772,0.9403360095257043,0.0077744794460678735,0.068209454,0.08871888,0.9382752246814542,2e-05
61,4,0.00600590626926762,0.060661927,0.077490546,0.9584633478698737,0.009966400984142507,0.07613819,0.099316284,0.9337886284940661,2e-05
61,5,0.004908426388419259,0.055008147,0.070060074,0.9661734408513333,0.009323565023286002,0.075525224,0.096649766,0.9337630697307423,2e-05
62,1,0.03425210640356641,0.124288715,0.18511687,0.7708175016131098,0.01027930756598445,0.07929004,0.10272442,0.9206326623059908,5e-05
62,2,0.009412662855079659,0.076196015,0.09701572,0.9343090864791768,0.011114612487809998,0.085219905,0.10669704,0.9301546903543949,5e-05
62,3,0.0067791975621203674,0.063359484,0.0823284,0.953042261388792,0.008799428635809039,0.07252522,0.09367795,0.9399204682667731,5e-05
62,4,0.0056682587644764195,0.059374914,0.07529249,0.9609273405276771,0.008698690050680722,0.073564604,0.093325734,0.9373650243713033,5e-05
62,5,0.004046473205503007,0.050233908,0.06361013,0.9721873546650674,0.008456967937360917,0.072944805,0.09204808,0.9407129051815021,5e-05
63,1,0.1395798926045857,0.17986773,0.37369654,0.46504202593432464,0.012317025801166892,0.085066326,0.11271763,0.8985530415867363,0.0001
63,2,0.010981072508512395,0.08154369,0.1047838,0.9227887719661524,0.016325430611946752,0.09961185,0.1283366,0.9034447870588708,0.0001
63,3,0.009011769512772699,0.07246432,0.09493115,0.9374449592972625,0.010712386358396284,0.07963474,0.10559447,0.9149065005178845,0.0001
63,4,0.005665133611481881,0.059497777,0.07527771,0.9608641676785104,0.008838431394126798,0.07085773,0.09575057,0.9281271655309193,0.0001
63,5,0.0041336867148839985,0.050449595,0.064281754,0.9716035436694683,0.010033974956188883,0.07602764,0.100983895,0.926201642544507,0.0001
64,1,0.033049863811025273,0.13511842,0.18182637,0.7642435043267533,0.014231280623269933,0.09585202,0.11853288,0.9014875829036102,1e-05
64,2,0.010714206770584683,0.08031831,0.103519104,0.9247754085171519,0.01033288925620062,0.08007164,0.103198126,0.9173199661897083,1e-05
64,3,0.007832767348301328,0.06845234,0.08849842,0.9454224209422754,0.008798748969898693,0.07476257,0.09514075,0.9289676619065808,1e-05
64,4,0.006239268917886314,0.061678905,0.07898616,0.9567391105586588,0.009487869633760835,0.07741288,0.09874861,0.9280952213646965,1e-05
64,5,0.0054721735813872555,0.057511844,0.07395772,0.9621995494915286,0.008319290038863463,0.07403276,0.09230997,0.932446981423446,1e-05
64,6,0.004551360745387692,0.052616023,0.067446224,0.9686548870023337,0.008458934258669615,0.07472297,0.09301331,0.9340474472200875,1e-05
64,7,0.004165183301529821,0.0499189,0.06454957,0.9713281323462962,0.008132140809071384,0.0709838,0.091082096,0.9346815416617185,1e-05
64,8,0.0033032134388547357,0.04473291,0.057467077,0.9773408180200197,0.008574772434907832,0.075017355,0.09320983,0.9376511477193933,1e-05
64,9,0.0035039217757478914,0.0460707,0.05919479,0.9759461489019682,0.00804363315858479,0.07074665,0.090292156,0.9357037949908791,1e-05
64,10,0.002728070387568882,0.040488794,0.05223734,0.9813300763392232,0.008486509073658713,0.0734863,0.092584856,0.9337119572738103,1e-05
65,1,0.032517729927655135,0.12565848,0.18036097,0.7783448426966499,0.011530942233678485,0.08445539,0.1096979,0.9092966989307628,2e-05
65,2,0.010596526540798422,0.080480255,0.10294435,0.9257953537272049,0.009759263468108006,0.07648051,0.099980794,0.9301248126564948,2e-05
65,3,0.008065931644795514,0.0697233,0.08981496,0.9438046857395006,0.008225579313667757,0.07075152,0.09238904,0.933791827801961,2e-05
65,4,0.006390014177005494,0.0625854,0.07992833,0.9557478080798519,0.010093500571591514,0.079677865,0.10176357,0.9341407686339527,2e-05
65,5,0.0050937774325677445,0.055087574,0.07136858,0.9648593488353018,0.008134704216250352,0.068861775,0.09138246,0.9357135568668367,2e-05
65,6,0.004051079859339119,0.049406346,0.06363293,0.9721494076889351,0.007417388343518334,0.06737191,0.08757325,0.939878313409737,2e-05
65,7,0.0041483937584246705,0.050167065,0.06441813,0.9714837450042615,0.007954889634025417,0.06894858,0.09072701,0.9350949302201762,2e-05
65,8,0.0026265001968941958,0.03952304,0.05122873,0.98202928321172,0.008131724599349712,0.06935904,0.09150199,0.940707984078982,2e-05
65,9,0.002594243702979184,0.039478857,0.050934356,0.9822497211688,0.00785569946414658,0.06811602,0.08929335,0.9388659191427297,2e-05
65,10,0.0017904790301119613,0.032315586,0.042321768,0.9877865386988695,0.0078014200386990395,0.06998901,0.089510545,0.9405459596985668,2e-05
66,1,0.056238570685768235,0.14364034,0.2372043,0.6847992770965962,0.010997814059789692,0.0829925,0.10560555,0.913197283917093,5e-05
66,2,0.00857740745305249,0.07168104,0.09261721,0.9402538882664062,0.010216583364776202,0.07795423,0.10129795,0.9275485417954422,5e-05
66,3,0.006617009707195597,0.06244105,0.08134358,0.9541321341334794,0.009367896443498986,0.07569977,0.097546436,0.9287481522275632,5e-05
66,4,0.005384889101635699,0.057161704,0.07336275,0.9629041178910899,0.011418541627270835,0.08392184,0.10650189,0.9280503517980547,5e-05
66,5,0.004860368747673233,0.054307554,0.06971474,0.9666135738887506,0.009538459841028921,0.07693103,0.09773174,0.9282952168595754,5e-05
66,6,0.003045175240862523,0.042944413,0.0551732,0.979144314630611,0.009473547638793076,0.0765018,0.097021155,0.9285902637355234,5e-05
66,7,0.0024558746568188418,0.038527284,0.049562085,0.983227816732457,0.0091045076759266,0.07568647,0.09521874,0.9311276684549114,5e-05
66,8,0.0017992216064464128,0.032475095,0.042423774,0.9877169026867993,0.008115206978150777,0.0687113,0.089376666,0.9368168700551435,5e-05
66,9,0.0016007948542779713,0.030126499,0.04000341,0.9890895766570252,0.009113110402332885,0.07575837,0.095442645,0.9369029312393472,5e-05
66,10,0.00126741617149891,0.026566777,0.03560208,0.9913752478446106,0.007898061818975424,0.06875454,0.088503785,0.9384089239646959,5e-05
67,1,0.23160583762643494,0.28676313,0.48135874,0.058440323935772615,0.057992526197007725,0.20085809,0.24415253,0.583874764300489,0.0001
67,2,0.043281358153185,0.1635064,0.2080794,0.6518210640085067,0.022732386964240243,0.11169233,0.15074724,0.8329471974686865,0.0001
67,3,0.014155605901467883,0.08990009,0.11898699,0.8988416750299782,0.01327037754734712,0.08522476,0.11525999,0.8952354537575965,0.0001
67,4,0.00832149857942398,0.06973835,0.091232695,0.9418490696093647,0.010288450667368514,0.07472202,0.10167541,0.9173458162197434,0.0001
67,5,0.006162905536818309,0.060274307,0.078489885,0.9572781354660095,0.00971754828268396,0.07317109,0.099265456,0.9228439267174807,0.0001
67,6,0.005237425249896804,0.05536542,0.07236603,0.9638063071619788,0.009450461532521461,0.0715559,0.09791105,0.9261125681875417,0.0001
67,7,0.0039200357620595636,0.046786577,0.06262033,0.9730236523144491,0.00902299812462713,0.06924133,0.09533624,0.9290937913127575,0.0001
67,8,0.002833458089060803,0.039916966,0.05322411,0.9805871201613752,0.00912729830348066,0.07103303,0.09617778,0.9281197197054768,0.0001
67,9,0.0023184177584328176,0.036587514,0.048155036,0.9841367184281345,0.009376064209001405,0.06957301,0.09754282,0.9262381969088375,0.0001
67,10,0.0020045239179695426,0.033481233,0.0447798,0.9862976479148678,0.009049738042189606,0.06830224,0.095771864,0.9295398843585313,0.0001
68,1,0.04421099735354291,0.14614406,0.21030533,0.7023421878504451,0.015200998101915632,0.09982354,0.124778844,0.8840078581008558,1e-05
68,2,0.010979473817153512,0.0815849,0.10479175,0.9227315318470699,0.01040080572212381,0.07965561,0.1028173,0.9167492760106135,1e-05
68,3,0.008290982417866726,0.0712026,0.091053054,0.9421259660444494,0.00963087724189141,0.07761832,0.09866555,0.9292789249503386,1e-05
68,4,0.006599527772811946,0.0634207,0.08123318,0.9541801001182411,0.009350098968882645,0.07846965,0.09771553,0.9300138576455914,1e-05
68,5,0.005914680610811251,0.060464438,0.076900214,0.959053809003956,0.008489872378829335,0.0728131,0.09288545,0.933059221251198,1e-05
68,6,0.005013015708738119,0.05516478,0.070790775,0.9654195229870024,0.008501110531921898,0.07408709,0.09302961,0.9325167878768394,1e-05
68,7,0.004612402236480788,0.053006023,0.06792448,0.9682095212735625,0.008946563399929022,0.07481673,0.0952828,0.9296023593787895,1e-05
68,8,0.0035369978406005233,0.046017993,0.059469216,0.9757035210997755,0.009168933012655802,0.07621328,0.09620172,0.9323696769183756,1e-05
68,9,0.0039050641075803715,0.048641156,0.062495507,0.9731540034770576,0.008581862718399082,0.07231116,0.09307163,0.9317323994838548,1e-05
68,10,0.0030610826672664102,0.042963993,0.055327795,0.9790339367763436,0.008759193820878863,0.0707815,0.09329211,0.9333960540588259,1e-05
68,11,0.002331234657784454,0.037485857,0.048284553,0.9840522183043146,0.008618833696735757,0.07082222,0.092727594,0.9318453741071837,1e-05
68,12,0.0015037258233979484,0.029116115,0.038776364,0.9897531934801186,0.008732237271033227,0.07064086,0.09335073,0.9312053810286824,1e-05
68,13,0.0012759624563688499,0.026667235,0.03572412,0.9913106298814612,0.008648282598837145,0.07024914,0.09279056,0.9325263308624342,1e-05
68,14,0.0012092515940464615,0.02575618,0.034773972,0.991765234784257,0.008653549560611802,0.07025494,0.092723906,0.9330515096044161,1e-05
68,15,0.001165185012978667,0.025313336,0.034133494,0.9920656331257242,0.008488917024806142,0.0698147,0.091879435,0.9333193149371736,1e-05
68,16,0.0011279135142783765,0.024798859,0.03359219,0.992320261951268,0.008636007418057748,0.07065586,0.09277186,0.9319732317992379,1e-05
68,17,0.0010854185637191077,0.02418567,0.032951374,0.9926085143073509,0.008896271980899786,0.07096983,0.09409808,0.9318038048158428,1e-05
68,18,0.001065937093775676,0.023844613,0.032650616,0.9927466289038747,0.00892193234592144,0.07089537,0.09408526,0.9323802983778945,1e-05
68,19,0.0010240400192615027,0.023655042,0.031990856,0.9930316382749527,0.00876278375341956,0.07091714,0.093255416,0.9318285496348969,1e-05
68,20,0.0009811933334072547,0.02286258,0.031326182,0.9933215520518817,0.008982456571954702,0.071029365,0.09420395,0.932187254413259,1e-05
69,1,0.03937953165253607,0.14079048,0.19848768,0.7374727413260206,0.013028667973620551,0.089065745,0.116234966,0.8908726012235295,2e-05
69,2,0.009098045456127446,0.07381521,0.09538587,0.9363323447369976,0.009869539178907871,0.072897546,0.10134272,0.9181804546967136,2e-05
69,3,0.00699913330924497,0.0651813,0.083660014,0.9513763570214713,0.00935374784083771,0.074338324,0.0985059,0.9230240834305871,2e-05
69,4,0.005318936633999311,0.057064943,0.0729288,0.9632488209774808,0.01039429208529847,0.07741825,0.102716275,0.9229118761408182,2e-05
69,5,0.004527945841758329,0.0521312,0.06727561,0.9688128711015377,0.010228741514895643,0.078067735,0.10236066,0.9252864054809979,2e-05
69,6,0.003445706391983413,0.045677092,0.058693875,0.9763554642287139,0.008619674265251629,0.07122879,0.094284646,0.9297271757037522,2e-05
69,7,0.003021746007268639,0.043094814,0.05497532,0.979284414761953,0.009374219475180976,0.073570356,0.0983456,0.9232490182504643,2e-05
69,8,0.002063832255831058,0.03502291,0.04541801,0.9859035508173762,0.008688705108527626,0.07128636,0.09433815,0.9302632140633459,2e-05
69,9,0.00201430567948226,0.034589145,0.044882987,0.9862384770952854,0.009151014665673887,0.073931776,0.09650527,0.9285790058670489,2e-05
69,10,0.00147596430267364,0.029477239,0.03842231,0.9899436273465189,0.00855071673036686,0.07014163,0.09349595,0.9314675315718427,2e-05
69,11,0.001311153192214546,0.027820777,0.036215838,0.9910654028682838,0.009685106192981558,0.07536451,0.09944721,0.9224035850677647,2e-05
69,12,0.0012725736253903568,0.027053311,0.03563963,0.9913518316749188,0.008863084683460849,0.07123028,0.09526874,0.9278791078947742,2e-05
69,13,0.001191194079191833,0.026173284,0.03451796,0.991888790846247,0.009291266124429447,0.0730202,0.09728274,0.9262241764984771,2e-05
69,14,0.0009298488424566496,0.022753468,0.030494064,0.9936707601659394,0.008700218101564263,0.07161003,0.09444076,0.9306334517518696,2e-05
69,15,0.0008481185835411894,0.021766085,0.029121209,0.9942361164211323,0.008807230665947177,0.07182242,0.09503099,0.9283132202284465,2e-05
69,16,0.0007769613561849327,0.020448184,0.027879266,0.9947137404666312,0.008906363127087908,0.07243946,0.095057115,0.9300172122637369,2e-05
69,17,0.00048543294324870353,0.015128674,0.022036493,0.9966995612115052,0.008460558817854949,0.06985138,0.092762776,0.9321825992107101,2e-05
69,18,0.00033129227262536484,0.012206713,0.01820011,0.9977496158947717,0.008531149443505066,0.069754265,0.093142204,0.9319351157688394,2e-05
69,19,0.0002788817210130559,0.010955856,0.01668787,0.9981082527234004,0.008478684325902057,0.06972055,0.0928498,0.9320041163123537,2e-05
69,20,0.0002540085411948265,0.010043119,0.015939953,0.9982744243696291,0.008505278000874179,0.069448344,0.092905656,0.9323700020942843,2e-05
70,1,0.05023833446500597,0.14045252,0.22418985,0.688651895279588,0.01231796365963029,0.0868697,0.11309841,0.896589328689775,5e-05
70,2,0.009210029046843263,0.07503716,0.09596879,0.9356348693703433,0.01242813078819641,0.08838796,0.112543486,0.9215237014232383,5e-05
70,3,0.006697715307960165,0.06264305,0.081825346,0.9535764403170482,0.009422114019149117,0.077414,0.09830405,0.929653197379493,5e-05
70,4,0.005444682916957084,0.05799848,0.07379014,0.9624589674873634,0.009158273194251316,0.07357692,0.09673089,0.9260320312593432,5e-05
70,5,0.004605663636760246,0.05376017,0.06785925,0.9683358554554536,0.008999804018198379,0.07380149,0.09575812,0.9298402411017962,5e-05
70,6,0.00275402022721507,0.040858615,0.052474573,0.9811558596588026,0.008481221639418177,0.07182327,0.09286047,0.9329630800019909,5e-05
70,7,0.002773638128163728,0.041581307,0.05267345,0.9810532804755063,0.00887283034223531,0.07204592,0.09501208,0.9289420928932183,5e-05
70,8,0.0017579424493645848,0.032261513,0.04192299,0.9880003800685029,0.008110285121282297,0.06791945,0.09035759,0.9355735138497263,5e-05
70,9,0.0016632725682684056,0.031109376,0.04077823,0.988667057793139,0.00924146976987166,0.07382215,0.09733491,0.9327660268700583,5e-05
70,10,0.0011687672681503745,0.025942272,0.034185246,0.9920492049703289,0.0080115090822801,0.067488305,0.08982271,0.9366670688114137,5e-05
70,11,0.0010837300633794028,0.024999922,0.03292163,0.9926227780493472,0.009030768182128668,0.07237706,0.095714726,0.9325780682419205,5e-05
70,12,0.0010247270592431772,0.023989577,0.03199876,0.9930384821488778,0.008976151834109,0.07367383,0.09515955,0.9347550122022016,5e-05
70,13,0.0008573420462742552,0.02192141,0.029285138,0.9941630775034717,0.008316805686003395,0.06926987,0.09145982,0.9363827755357278,5e-05
70,14,0.0010738812357613764,0.025462823,0.03276601,0.9926938223865734,0.00845796478513096,0.07034125,0.09278888,0.9362897936022551,5e-05
70,15,0.0013525581306116394,0.028008858,0.036779087,0.990810759585163,0.008268835738168232,0.068981126,0.09138117,0.9338700001548732,5e-05
70,16,0.001033412683461401,0.024288567,0.03214754,0.9929682396596793,0.00857588800136,0.068745814,0.09296623,0.9322671718474026,5e-05
70,17,0.0005570641096880459,0.016792474,0.02360498,0.9962115398328281,0.008206888434610196,0.066833414,0.09091894,0.9356776764296585,5e-05
70,18,0.0003625294894701366,0.013248224,0.019039484,0.9975377240150388,0.008048549410887063,0.06641972,0.09001124,0.9363066224497306,5e-05
70,19,0.00029973306041836486,0.011901365,0.017309662,0.997964641752609,0.008002975074175214,0.06645456,0.089785226,0.9365377639704786,5e-05
70,20,0.00027584798457797304,0.011192842,0.016612094,0.9981254846324872,0.008040624404592174,0.06660651,0.09003005,0.9367301434184196,5e-05
71,1,0.11616922589889336,0.16748068,0.340925,0.5179363249985874,0.012251334198351418,0.08533761,0.11179468,0.9044843092603626,0.0001
71,2,0.010268024264652039,0.07893622,0.101327956,0.9280532253684254,0.007960182880716664,0.07005705,0.09038317,0.9354161329570949,0.0001
71,3,0.006157559641880619,0.061759766,0.078460686,0.9574219969153946,0.009112880531964558,0.07616115,0.09631621,0.9294535355804283,0.0001
71,4,0.00437032353681312,0.05155785,0.06610841,0.9699425070552542,0.011831725515159113,0.08658174,0.10941716,0.9258648733691538,0.0001
71,5,0.004250141688639942,0.0507522,0.065199256,0.9707975807865303,0.009321941694776927,0.0743988,0.09680064,0.936580255443465,0.0001
71,6,0.0024133568752565744,0.03775916,0.049118947,0.9835155125884352,0.009353619700829898,0.07532399,0.09724448,0.9279989811117292,0.0001
71,7,0.002172148142936944,0.036403127,0.046613302,0.9851648009762588,0.00954951234494469,0.074844174,0.098115414,0.9306444957367886,0.0001
71,8,0.0017936041831065003,0.03218623,0.042341106,0.9877634001958876,0.008275296272976058,0.06852309,0.09126701,0.9371848171849156,0.0001
71,9,0.0009552993558436441,0.022502251,0.030911816,0.9935096006031713,0.0078343042072707,0.065918,0.08865371,0.9401075072858969,0.0001
71,10,0.0006258388103756218,0.01797958,0.025021855,0.9957418835593791,0.00777582879111703,0.06593191,0.08840614,0.9395095003841724,0.0001
71,11,0.0005296581792922594,0.01625355,0.02301463,0.996399082955828,0.00818289683333465,0.068069175,0.090612255,0.9388601822143786,0.0001
71,12,0.00046320131942618933,0.014726534,0.021518704,0.9968529216425552,0.007941437718857611,0.06662674,0.08933719,0.9380328462116542,0.0001
71,13,0.0004337110077128876,0.014052836,0.020825988,0.997052385693542,0.00835185860549765,0.06885491,0.091494896,0.9379429130504543,0.0001
71,14,0.00037728991045586104,0.0128345275,0.019427095,0.9974362261424295,0.00817432364315859,0.06777843,0.090521276,0.9385306660712739,0.0001
71,15,0.0003701900394818915,0.0125829,0.019242505,0.9974840824434332,0.007895292065638517,0.0662349,0.08901153,0.9380279152571808,0.0001
71,16,0.0003290940068632791,0.011595815,0.018145178,0.9977630786186009,0.007987281823131655,0.066636056,0.08949368,0.9378379272128885,0.0001
71,17,0.0002684259155349562,0.009770367,0.016387587,0.9981765780952991,0.008070195758981364,0.067029215,0.08996128,0.9378877062882063,0.0001
71,18,0.0002643721194901921,0.009626151,0.016258962,0.9982047362460894,0.00806234116732542,0.06697405,0.08991492,0.9378728439035274,0.0001
71,19,0.00026136742816790806,0.009573446,0.016149865,0.9982286511420521,0.008034376377638961,0.066818155,0.08975172,0.9378974544785547,0.0001
71,20,0.0002584844527535726,0.009446454,0.016072959,0.9982453423165608,0.007990166212299041,0.066630416,0.089508355,0.9378088127055829,0.0001
