config_id,batch_size,overlapping,epochs,learning_rate,training_time,peak_memory,test_mse,test_qwk
0,4,128,1,1e-05,1783.2067863941193,4918.40576171875,1131.6991106817038,0.06529619508343587
