config_id,epoch,train_mse,train_qwk,train_pearson,valid_mse,valid_qwk,valid_pearson
0,1,4651.254510062082,-0.0008574019560774193,-0.02121098460532693,4081.666804996788,7.659122644421146e-05,0.18619085829136092
