config_id,epoch,train_mse,train_qwk,train_pearson,valid_mse,valid_qwk,valid_pearson
0,1,3657.4137881346096,-0.0009555576713684566,-0.021733918737716275,3344.706771850586,0.0,0.1851665335720565
0,1,3658.78183538929,-0.0011295448221837479,-0.025870256746365023,3346.08924973941,0.0,0.03205052067791237
0,1,3737.668533796949,-0.0010712307581963731,-0.026193308450920706,3422.890542781099,0.0,0.1552144780852613
