config_id,model_name,batch_size,epochs,learning_rate,max_seq_len,training_time,peak_memory,test_mse,test_qwk,test_pearson,lora_rank,lora_alpha
0,allenai/longformer-base-4096,2,1,1e-05,2048,3385.467702627182,6462.38037109375,3800.248728603002,0.0,0.1443565591820214,8,16
0,allenai/longformer-base-4096,2,1,1e-05,2048,3416.936543703079,6464.06787109375,3803.6161405961698,0.0,0.27631930534509885,8,16
0,allenai/longformer-base-4096,2,1,1e-05,2048,2687.8153212070465,8158.47265625,2645.038012131742,0.0,-0.0921611747999184,,
