config_id,model_name,batch_size,epochs,learning_rate,max_seq_len,training_time,peak_memory,test_mse,test_qwk,test_pearson,lora_rank,lora_alpha
0,allenai/longformer-base-4096,2,1,1e-05,2048,3385.467702627182,6462.38037109375,3800.248728603002,0.0,0.1443565591820214,8,16
0,allenai/longformer-base-4096,2,1,1e-05,2048,3416.936543703079,6464.06787109375,3803.6161405961698,0.0,0.27631930534509885,8,16
0,allenai/longformer-base-4096,2,1,1e-05,2048,2687.8153212070465,8158.47265625,2645.038012131742,0.0,-0.0921611747999184,,
0,allenai/longformer-base-4096,2,1,1e-05,2048,2781.402824640274,8158.47265625,2645.4318971516172,0.0,-0.09693599630466969,,
1,allenai/longformer-base-4096,2,1,1e-05,2048,2659.9246430397034,8158.47265625,0.034626351681969036,0.8219853246127548,0.833113559374336,,
2,allenai/longformer-base-4096,2,1,1e-05,2048,2937.7143359184265,8158.47265625,0.04775659541030311,0.7684134383359629,0.8253844533246966,,
3,allenai/longformer-base-4096,2,5,1e-05,2048,15060.04937696457,8158.47265625,0.05651692455694838,0.7378637358539188,0.8729426916126128,,
4,allenai/longformer-base-4096,2,1,1e-05,2048,2983.1404268741608,8158.47265625,0.047546768622447014,0.7675086236411703,0.8107290829195375,,
