config_id,epoch,train_mse,train_qwk,train_pearson,valid_mse,valid_qwk,valid_pearson
0,1,4441.886791515023,-0.0008128486999363638,-0.01816436025088962,3949.2963046616815,0.0,0.12175827469507942
0,1,4444.603527864564,-0.0008439983431036691,-0.016758556302021978,3952.788524536429,0.0,0.2762932690213797
0,1,3303.351092795192,-0.0020862292715684294,-0.028120133941336518,2759.6371990880575,0.0,-0.10164755747500451
