config_id,epoch,train_mse,train_qwk,valid_mse,valid_qwk
0,1,1313.9839775801252,0.12918374315393655,996.0371305105436,0.38640377895778066
0,1,1313.9839775801252,0.12918374315393655,996.0371305105436,0.38640377895778066
0,1,1557.647406923926,0.06782380161309642,1186.4212137078873,0.28841704425568016
0,1,1526.2774905405674,0.05890446221478851,1167.0544717872963,0.2516871068733023
0,1,1557.647406923926,0.06782380161309642,1186.4212137078873,0.28841704425568016
