config_id,epoch,train_mse,train_mae,train_rmse,train_pearson,valid_mse,valid_mae,valid_rmse,valid_pearson,learning_rate
0,1,0.05588808008709,0.17468624,0.23639356,0.6413873112693402,0.0328582607390773,0.13357797,0.18200146,0.7839431437699036,1e-05
0,2,0.027257886233388134,0.128946,0.16512418,0.8134388218118384,0.021422002184273745,0.110165186,0.146176,0.8314395503367752,1e-05
0,3,0.020927139006965256,0.111995034,0.14461063,0.8569641097852669,0.023517309584551387,0.11386561,0.15314247,0.8312381753335569,1e-05
0,4,0.016546714772409366,0.099424325,0.12864082,0.8869896249203164,0.017862470040132326,0.102588005,0.13417363,0.8508798429529528,1e-05
0,5,0.013829024562043156,0.091219135,0.117624484,0.905301853621256,0.0187516844081175,0.10431466,0.13623849,0.8524638397322112,1e-05
0,6,0.011579498106278653,0.08429313,0.107614316,0.9211016371577414,0.017557243764814403,0.098459035,0.13294794,0.8608833740597375,1e-05
0,7,0.010031986565948748,0.077858455,0.10018614,0.9315846350467771,0.017817393326873168,0.09847245,0.13350639,0.8709538980595867,1e-05
0,8,0.00907004881361483,0.07440166,0.09524879,0.9385073156227228,0.01614361917873663,0.09523116,0.12794913,0.8690933395439737,1e-05
0,9,0.007566163682988921,0.06823132,0.08699542,0.9490130793642397,0.015888041853301088,0.09479521,0.12618448,0.8699158471161377,1e-05
0,10,0.006596647276663168,0.06383236,0.08121545,0.9553701591417563,0.016656365679173852,0.09783092,0.12961751,0.8652987049331714,1e-05
0,11,0.0060519369948893635,0.061137944,0.077809244,0.9591195228386213,0.015661320803768898,0.090923935,0.12564074,0.8736237646226801,1e-05
0,12,0.005020619878884314,0.055732418,0.070750676,0.9659815148673445,0.015471555816475302,0.08993027,0.12454398,0.8802277314542459,1e-05
0,13,0.004550131968847883,0.053246092,0.06745659,0.9691729153228476,0.014506127937541654,0.087559514,0.12094306,0.8846133487399676,1e-05
0,14,0.004165243728391807,0.05081956,0.06454991,0.9716052523546606,0.017521154178582406,0.09829946,0.13292584,0.8705011689925823,1e-05
0,15,0.003916884608141492,0.04904089,0.0625965,0.9734155919973386,0.016441384813299886,0.09440887,0.12870567,0.8731695401540449,1e-05
0,16,0.003293012345170822,0.044758245,0.057389304,0.9775607051670432,0.015370718352237923,0.09198815,0.12470396,0.8739847111308418,1e-05
0,17,0.0035401939459117327,0.047238577,0.059502758,0.9759809207359444,0.014923162299156603,0.09108764,0.122548826,0.8778832883039143,1e-05
0,18,0.0031118296576572325,0.043609098,0.055610158,0.9790256411108255,0.014558489061460865,0.08942361,0.12115617,0.8851964993446011,1e-05
0,19,0.002765382965994364,0.041011337,0.05259026,0.981195194379677,0.01531800380433668,0.09086715,0.12438364,0.8762563051218335,1e-05
0,20,0.00254720030226249,0.039486267,0.050443266,0.982720436617888,0.014913027299809511,0.088696904,0.12237596,0.8834272628748059,1e-05
0,21,0.00256278061938119,0.03944647,0.05062972,0.9825935019310215,0.015661048211364284,0.08886212,0.12466302,0.881428105628881,1e-05
0,22,0.0023460993240414013,0.037174612,0.04843626,0.9840286658723567,0.01436976903480374,0.088434495,0.12032884,0.8862974871106829,1e-05
0,23,0.002351942419902167,0.037846148,0.04849338,0.9840431617275223,0.015141952233130319,0.08866528,0.12338156,0.8844447645809757,1e-05
0,24,0.002188667732757197,0.036253575,0.046785556,0.9851409836102573,0.016417888269104338,0.09156212,0.12815337,0.8781702703275258,1e-05
0,25,0.0021944477761042724,0.036398906,0.04682053,0.9850880418581177,0.015006897160438475,0.08908303,0.12304906,0.8845938191575887,1e-05
0,26,0.0019910865644093387,0.03419603,0.04462995,0.9864628830494249,0.014683069991103062,0.0888833,0.12200387,0.8802219380317016,1e-05
0,27,0.001910835371048638,0.03361883,0.043703888,0.9870570837657435,0.01577750957868476,0.09010892,0.12590592,0.8820611456421248,1e-05
0,28,0.0018331725553669407,0.033103116,0.04282427,0.9875541959554235,0.016836793562914763,0.09424666,0.1302731,0.8853213215197158,1e-05
0,29,0.0017650784750936237,0.033279013,0.04201711,0.9880226490209182,0.015647760909309402,0.0895526,0.12528229,0.883727518641473,1e-05
0,30,0.0016139947187201588,0.030662268,0.040183976,0.9890299521449916,0.01529692795507058,0.08855094,0.12427164,0.8810136179447356,1e-05
0,31,0.0016881085675522288,0.031833597,0.04108301,0.9885393197058094,0.015508520669148615,0.08839764,0.12479778,0.882897892511459,1e-05
0,32,0.0014623291038749762,0.029347064,0.0382411,0.9900488070830182,0.01506675736055951,0.08795687,0.12323114,0.8832725013026073,1e-05
0,33,0.0017355252990098485,0.03223089,0.041662842,0.9882246321922693,0.014501980743026015,0.088376395,0.121104196,0.8823170403581244,1e-05
0,34,0.0015079733873739247,0.029905813,0.038821157,0.9897503657823562,0.015415437040954001,0.08861798,0.124444164,0.8835636565340166,1e-05
0,35,0.0014321475031227526,0.029446969,0.037847232,0.9902782629944499,0.014220262180768058,0.08688953,0.11973451,0.8843684330349606,1e-05
0,36,0.0013321410784114067,0.027900295,0.03647775,0.9909704630638688,0.015016575625243908,0.088540725,0.12300316,0.8837362787046529,1e-05
0,37,0.001371287024935172,0.02847615,0.037031896,0.990679479541303,0.014146606295576526,0.086967915,0.119417,0.8851343567866274,1e-05
0,38,0.0012150619873082349,0.027134499,0.034851737,0.99174602767849,0.015743059125573684,0.08984416,0.12588565,0.8828491813428926,1e-05
0,39,0.0011826340044654754,0.02615896,0.034386694,0.9919625391318565,0.014021968384945972,0.08807987,0.119008176,0.8860708767870558,1e-05
0,40,0.0012053642145457442,0.026884563,0.034715727,0.9918273100473748,0.015663285284837777,0.08807323,0.12529132,0.8833643812279357,1e-05
0,41,0.0011669216237521064,0.026026582,0.034154315,0.9920690478121372,0.01685013097960985,0.09242472,0.13025273,0.8795158909275068,1e-05
0,42,0.0010269069926966822,0.024651263,0.032053217,0.9930279612490315,0.013833595662921047,0.084674664,0.11819918,0.8872944018487289,1e-05
0,43,0.0011819174986277031,0.026160976,0.03437427,0.9919750088744859,0.015191270767159207,0.08846255,0.123473175,0.8869187271597181,1e-05
0,44,0.0011441915561777576,0.026289588,0.033829477,0.9922334633613835,0.015227889372639495,0.08774336,0.123658754,0.8867559895514134,1e-05
0,45,0.0010011851657330897,0.023943987,0.031648852,0.9931901410952902,0.015684537082927785,0.09061192,0.12576346,0.8782155687656761,1e-05
0,46,0.0010476368725164244,0.02495718,0.032371197,0.992876289495919,0.01564285463515531,0.08952414,0.12524939,0.880851282505064,1e-05
0,47,0.0009571448499287879,0.023647822,0.030934425,0.9935053026276198,0.014583639164575961,0.08748942,0.12118265,0.8852350730347128,1e-05
0,48,0.0009850152289834462,0.024389489,0.03137635,0.9933170807004761,0.015155533927975706,0.08774956,0.123456255,0.8866261143277279,1e-05
0,49,0.0009321961755138495,0.02358263,0.030537141,0.9936631928351232,0.013899438913169972,0.08561158,0.11855046,0.8875844995802153,1e-05
0,50,0.0010099703564502927,0.024367746,0.03178746,0.99314531541968,0.014336604075247629,0.08668793,0.12028002,0.8859544285401053,1e-05
0,51,0.000905568395541977,0.022996971,0.030098792,0.9938527635973939,0.014675138496655834,0.08721211,0.12153564,0.8820600831061927,1e-05
0,52,0.0008636707315307381,0.022348752,0.029377582,0.9941418577728532,0.01563799669815193,0.08990759,0.12556432,0.8842016549742183,1e-05
0,53,0.0008561644347358868,0.022360044,0.029250164,0.9941816697555227,0.016567575939310093,0.09261947,0.12895174,0.8832431673835022,1e-05
0,54,0.0008720062879020189,0.022219725,0.029537657,0.9940765943332157,0.015275052129894632,0.08878384,0.124152236,0.8799727939769975,1e-05
0,55,0.0007973148386834884,0.021407422,0.028234096,0.9945840154736895,0.014277671649189735,0.087117136,0.12023941,0.885227775558225,1e-05
0,56,0.0007887198032995427,0.021032725,0.028090557,0.9946488973746265,0.01515814556127966,0.088515036,0.12362484,0.8838473383348429,1e-05
0,57,0.0008147540146314768,0.021897221,0.028542655,0.9944631468875441,0.014509237292696963,0.08692348,0.12082621,0.8840109183704473,1e-05
0,58,0.0007847726113515105,0.020960426,0.028012127,0.9946717163918498,0.014497807179362065,0.08629567,0.12093981,0.8851456305948469,1e-05
0,59,0.0007224720260017199,0.020313304,0.026873516,0.9950959675644996,0.014325023059629731,0.08674498,0.12014056,0.8870801733952005,1e-05
0,60,0.0007695034902549493,0.021030402,0.02774266,0.9947733736860314,0.015147904242406151,0.08841146,0.12360195,0.8871254223513239,1e-05
0,61,0.000696992210131926,0.019770714,0.026402086,0.9952645852019557,0.015230143466464209,0.08894916,0.12395874,0.885015786823714,1e-05
1,1,0.16890944134787805,0.31299204,0.411073,0.10882395503238503,0.05047245478447251,0.17829788,0.22620545,0.5017007502404491,1e-05
1,2,0.05160576086594706,0.17879109,0.22718544,0.5936109022791537,0.03589811341744617,0.14065546,0.19079572,0.715554374319973,1e-05
1,3,0.03835827299808783,0.14887697,0.19588114,0.7241313921803152,0.03379577887891275,0.12992784,0.18506248,0.7745626093909818,1e-05
1,4,0.03395261998134926,0.13915385,0.18429185,0.7586431094935769,0.02425313979889594,0.107116,0.1568043,0.8004400593021056,1e-05
1,5,0.02968940936778585,0.13266705,0.17207286,0.7912807417139591,0.02295094764903533,0.109257676,0.15253034,0.8175365874919148,1e-05
1,6,0.026499654993411614,0.12598853,0.16274735,0.8163517373138329,0.023244228729810048,0.10725792,0.15352717,0.813161898862409,1e-05
1,7,0.022947820043300114,0.11697764,0.15151297,0.840882049523391,0.022641557643914387,0.10727296,0.15150088,0.8262146045203981,1e-05
1,8,0.019875678342329686,0.10956112,0.14097118,0.8638815839839524,0.02150143468342894,0.11291189,0.14763165,0.8383929410534803,1e-05
1,9,0.018909678437649687,0.1073873,0.13751939,0.8705826549587248,0.022261721484095755,0.11114299,0.15019166,0.8341805588535662,1e-05
1,10,0.01569979210415742,0.09764371,0.12532622,0.8933935011836536,0.02186805799310268,0.11490986,0.14860243,0.8473449754615932,1e-05
1,11,0.015294470363263929,0.09670058,0.12365568,0.8962247962065593,0.02435045983185302,0.11941084,0.1568836,0.8527152334412978,1e-05
1,12,0.013205024934369444,0.09011593,0.11488087,0.9107680983815106,0.025991620470045343,0.11820778,0.16207424,0.8417632707699164,1e-05
1,13,0.01263989066994378,0.08842833,0.11242662,0.9156736521435777,0.01762271238247329,0.099224344,0.13366541,0.8597524077014888,1e-05
1,14,0.01167715774520211,0.0849586,0.108089164,0.9209771551026378,0.02062247543492251,0.10621862,0.14453003,0.8662444277153105,1e-05
1,15,0.010375458557633617,0.080968685,0.10187975,0.9303668004412483,0.021099357751491306,0.11069707,0.14626256,0.8502664685268758,1e-05
1,16,0.010104438005285621,0.07851921,0.100495845,0.9326670660885782,0.017977075681469782,0.10210207,0.13493632,0.8598775035855692,1e-05
1,17,0.010489564292175966,0.07987968,0.102436416,0.9298923639031789,0.020363749766989646,0.11239669,0.14340031,0.8565418909668104,1e-05
1,18,0.009041628170792213,0.0756734,0.095061116,0.9385766965327216,0.016956542875117588,0.097945146,0.13052155,0.8697264738536942,1e-05
1,19,0.007991093267485658,0.069449075,0.08940563,0.9462920809174936,0.021937498275225085,0.114776835,0.1490054,0.8500768112510185,1e-05
1,20,0.007548554405577102,0.06766704,0.08670219,0.9493616112063797,0.018821694368617265,0.10304712,0.13814957,0.8786073045680746,1e-05
1,21,0.007019380179261593,0.066190034,0.08376673,0.9524709271622258,0.017362980355284417,0.09924297,0.13260914,0.8575370236683939,1e-05
1,22,0.006591018591857859,0.063303344,0.08110982,0.9554872412653512,0.016579987583436713,0.098605625,0.12966584,0.8722853221904474,1e-05
1,23,0.006031128055736054,0.060161,0.07766043,0.9593838929532713,0.016947087875686755,0.09802536,0.13109331,0.8676031130933655,1e-05
1,24,0.005450008883437867,0.057205547,0.073787384,0.9630390841510846,0.01614768716347128,0.09357662,0.12787028,0.8744882379719026,1e-05
1,25,0.0055970924586375495,0.057566468,0.07481371,0.9620972775954288,0.016247597540549812,0.097263195,0.1283497,0.8774462498521011,1e-05
1,26,0.00503886734821837,0.05449109,0.07099908,0.9658140684274197,0.014824472777642464,0.08810296,0.12259905,0.8822878933068953,1e-05
1,27,0.004255046441774488,0.051062454,0.0652193,0.9709723185308665,0.016376958263141138,0.09651109,0.12880358,0.8883185590070499,1e-05
1,28,0.0046138947084082,0.05290038,0.0679331,0.9685996416969698,0.01687326566618005,0.094780095,0.13073583,0.8808431671557164,1e-05
1,29,0.004213159339283223,0.04952775,0.06491389,0.9713119069989686,0.016234256251832616,0.09460872,0.12830465,0.8786696223638379,1e-05
1,30,0.004069532460052189,0.04858013,0.06380872,0.9723016163968256,0.015153758772625123,0.08955147,0.1239643,0.8813830443672478,1e-05
1,31,0.0038919324824321583,0.04845675,0.0623876,0.9735720303601317,0.017435124505600134,0.09672498,0.1329435,0.8805023268497607,1e-05
1,32,0.003501392750634882,0.045226302,0.05914163,0.9761315490626785,0.015409008482509779,0.08957181,0.12500359,0.8758957582211452,1e-05
1,33,0.0031489474118796554,0.043148454,0.056126952,0.9785530172202175,0.01676801736876196,0.09302668,0.13029972,0.8803368753082581,1e-05
1,34,0.0028699179750551126,0.040867466,0.053575814,0.9805280309921898,0.01515693684002515,0.08916106,0.12397688,0.8893429819834096,1e-05
1,35,0.002831536625427217,0.04086737,0.05321953,0.9807149126143856,0.01499034901563492,0.08979964,0.12322899,0.888898863076951,1e-05
1,36,0.0026230023253209145,0.038800642,0.051167972,0.9821768733408444,0.015607760615508866,0.08969339,0.12569784,0.8871253828461961,1e-05
1,37,0.0025990719334097597,0.03967996,0.050987463,0.9823314542174623,0.016035098328117142,0.09460037,0.12743592,0.8882325864793886,1e-05
1,38,0.0024488648183403914,0.038056627,0.04949226,0.9833356294956354,0.015246086185841166,0.09087178,0.12428174,0.8827743879811035,1e-05
1,39,0.0023402628590260084,0.037567183,0.048387315,0.9840675974284867,0.014039704233423603,0.084351555,0.119318336,0.88638761261605,1e-05
1,40,0.001959462976331358,0.03374628,0.04426499,0.9866730944524432,0.01714593759216196,0.094966345,0.13170907,0.8825790253645138,1e-05
1,41,0.002014575414734927,0.03428062,0.044890765,0.9862811934884184,0.01329476270701788,0.0842711,0.11610808,0.8915327775595608,1e-05
1,42,0.002057768941935664,0.034896594,0.04535019,0.9860137114541916,0.014930281148095944,0.08794149,0.12294497,0.8905332746209643,1e-05
1,43,0.0018203966516759857,0.031346176,0.0426506,0.9876396391942125,0.013056973715450752,0.0819919,0.11505088,0.8937712200457615,1e-05
1,44,0.0018741240030458273,0.032869343,0.04330157,0.9872352361634645,0.013256366215366008,0.08240449,0.115885764,0.8952194320778024,1e-05
1,45,0.001632001992313966,0.030787537,0.040405497,0.9888941053095464,0.015877808879681484,0.09073768,0.12678012,0.8846531979284373,1e-05
1,46,0.0015822490221215166,0.030112369,0.039787553,0.9892422978283779,0.014691047678179867,0.08684463,0.12186304,0.8898720094320501,1e-05
1,47,0.0014678024232023608,0.029103514,0.038309056,0.9900318029468588,0.01562792465793555,0.08988432,0.12573312,0.8842050349605233,1e-05
1,48,0.0015193933367699402,0.029889934,0.03898151,0.9896573685518725,0.013074574755996259,0.08322547,0.11506774,0.8968228048729704,1e-05
1,49,0.0014125419292442835,0.028666172,0.037583474,0.9903982671462295,0.012995025443766886,0.08266418,0.11470327,0.8965376631142139,1e-05
1,50,0.0013025627562048068,0.027544571,0.036094807,0.9911429939602249,0.014483083420027807,0.084428705,0.12103726,0.8912104086118077,1e-05
1,51,0.00120434891900531,0.026751613,0.034710743,0.9918106388648817,0.012711049277438886,0.08016474,0.11344253,0.8969250761399337,1e-05
1,52,0.0013287972170839448,0.027497636,0.03645828,0.9909735628970235,0.013970194266423479,0.08595919,0.11899918,0.8904665830685099,1e-05
1,53,0.001240136727470157,0.026573235,0.03520647,0.9915789755155887,0.013984736027109815,0.08391932,0.118896574,0.8933862666294089,1e-05
1,54,0.0012119609064157146,0.026425017,0.034816995,0.9917625354819504,0.015052318332621965,0.088329926,0.12334719,0.8888701709825876,1e-05
1,55,0.0011597079842303913,0.025962025,0.034058996,0.9921076870202444,0.013912839234560832,0.08423662,0.11873693,0.8929141873241234,1e-05
1,56,0.0011101644984498485,0.025115442,0.033321865,0.9924674999415766,0.01332005168121584,0.0829736,0.11613036,0.8941019201664687,1e-05
1,57,0.001061960243511417,0.02418751,0.032594714,0.9927766749110659,0.014708791703149607,0.08666727,0.12189283,0.8915016074206054,1e-05
1,58,0.0009847483414394396,0.023744624,0.03138587,0.9933087694684576,0.01373695442021859,0.08580261,0.11795086,0.8929536902042283,1e-05
1,59,0.0009816503306164096,0.023748124,0.03133692,0.9933272309899766,0.013492431021640423,0.084181756,0.11694735,0.8939103888655598,1e-05
1,60,0.0009235225065992304,0.022569586,0.03039212,0.9937191546561984,0.013156102003887537,0.0830542,0.115475684,0.8960218935430466,1e-05
1,61,0.0009187292761470136,0.022996126,0.030317435,0.9937524257264586,0.014165250887378567,0.08616628,0.11980601,0.8915479121931851,1e-05
1,62,0.0008922147553591042,0.022675907,0.029871745,0.9939386725666036,0.013515073007308982,0.084492035,0.11697561,0.8949286240023094,1e-05
1,63,0.0009297377118302869,0.02314131,0.030491782,0.9936854579295146,0.013617740622807847,0.08439742,0.11740192,0.895181876449051,1e-05
1,64,0.0008773545322430232,0.022427103,0.029625457,0.9940352359800974,0.013655706759891473,0.08258202,0.11764708,0.8941675707070187,1e-05
1,65,0.0007983180062905733,0.021559233,0.028261125,0.9945745566089722,0.012638199087598844,0.080876224,0.113135494,0.8992747685518455,1e-05
1,66,0.0008419659556298412,0.02165862,0.029021874,0.9942795178689343,0.013776394436717965,0.08452024,0.118171856,0.8914300527606366,1e-05
1,67,0.0007619035917801212,0.020893572,0.027608374,0.9948195247188961,0.013255384743118796,0.08344407,0.11585059,0.8960174442487191,1e-05
1,68,0.0007453757708160687,0.020588268,0.027305674,0.9949373088017031,0.013275730326616516,0.08338142,0.115981214,0.8941887331462961,1e-05
1,69,0.0007778026448944746,0.021035463,0.02788541,0.9947135842899046,0.014534549109629114,0.08727897,0.1213006,0.8946446934392438,1e-05
1,70,0.0007347087824574569,0.020265209,0.027097622,0.9950167694021472,0.014075122867426317,0.08582918,0.11939862,0.8916946714053403,1e-05
1,71,0.0006902751122473763,0.019562533,0.026273858,0.9953107901167886,0.01408499458705558,0.086224064,0.11940637,0.8933779229885201,1e-05
1,72,0.0006895166617252012,0.019660393,0.0261869,0.9953403675419997,0.014345483824231283,0.086989306,0.12042326,0.8924998384001039,1e-05
1,73,0.0006110825341060025,0.018481849,0.0247174,0.9958518180734047,0.013632662346396872,0.08458117,0.11751339,0.8902905059970283,1e-05
1,74,0.0006080238060166325,0.018116383,0.024661055,0.9958688537242664,0.014252696289245418,0.08541152,0.12015893,0.8926140341615981,1e-05
1,75,0.0006747747561986157,0.019275254,0.025974302,0.9954173842687412,0.013549983906732113,0.08358676,0.11716065,0.893655891951753,1e-05
1,76,0.0006055360446421176,0.018043539,0.024609461,0.9958878076229843,0.013092301146739541,0.08281592,0.11515971,0.8944363984562289,1e-05
1,77,0.0005925651520296882,0.017878387,0.02433828,0.99597754028029,0.013590833636515998,0.08388405,0.11727958,0.8953410102913492,1e-05
1,78,0.0005569275190494996,0.017206779,0.023592377,0.9962202881739627,0.013500167795293103,0.08381681,0.11691387,0.8926341627503402,1e-05
1,79,0.0005702371311208566,0.017598012,0.02383029,0.9961425077077413,0.013744104079065707,0.08436341,0.117938966,0.8953449211800176,1e-05
1,80,0.0005495322241960108,0.017194388,0.02343444,0.9962738668486086,0.013661680185813803,0.0847485,0.117599,0.8942944121206977,1e-05
1,81,0.0005195253423304064,0.016848674,0.022795344,0.9964693482489578,0.013288023984555534,0.08251217,0.115969755,0.8949878542097773,1e-05
1,82,0.0005040931646171629,0.01646404,0.022454597,0.9965762105188469,0.013341854596984814,0.083310105,0.11622663,0.8954203113982172,1e-05
1,83,0.0005015080046772896,0.016377205,0.022388017,0.9965968249738741,0.013256828729666907,0.08256126,0.1158569,0.8954430058245441,1e-05
1,84,0.0004527622605675329,0.01562323,0.021281775,0.9969236485798171,0.013610408372457002,0.08415401,0.11742724,0.8943748536175333,1e-05
2,1,0.058043604795606135,0.18664147,0.24096552,0.6244769903123498,0.025370428355893603,0.118978046,0.16012526,0.780515196133658,2e-05
2,2,0.03247564027187084,0.1400387,0.18024655,0.7834622888769786,0.02208315479327683,0.11355744,0.14876623,0.8329758526815986,2e-05
2,3,0.022447349806642595,0.117272794,0.14976697,0.8506014117448475,0.024539852381200978,0.11459607,0.1560313,0.8375764240089072,2e-05
2,4,0.017259881697474354,0.103742,0.1313813,0.8824156218925158,0.02033735798451946,0.103883356,0.14358239,0.8516139292720656,2e-05
2,5,0.014756283615582523,0.09598552,0.12147832,0.8991667392720865,0.019008775484204914,0.10158601,0.13877021,0.8716825050583353,2e-05
2,6,0.011146928867470434,0.08335117,0.10556283,0.9254383686731428,0.015695225688870305,0.09127926,0.1261264,0.877277109142007,2e-05
2,7,0.009551208592634692,0.07638808,0.09774692,0.9348425148947496,0.018263187093436026,0.10035777,0.13600841,0.8751133374257404,2e-05
2,8,0.007853769308291202,0.07008917,0.08863585,0.9468165957666258,0.014674052263015054,0.09079635,0.121869855,0.8790866571640124,2e-05
2,9,0.006342802462687555,0.06290633,0.07966025,0.9568682462490951,0.01630764866341552,0.09190484,0.12834278,0.8805060129284531,2e-05
2,10,0.005216650540877088,0.05721889,0.07220767,0.9644841181211172,0.01962782914051786,0.10183233,0.1410407,0.8740055138542722,2e-05
2,11,0.00500115027786374,0.055757843,0.07072757,0.9658633917465274,0.015770941688161757,0.09132267,0.126289,0.8819219867587295,2e-05
2,12,0.004431327110919101,0.052062925,0.066524155,0.9697924679434418,0.017417893617810612,0.09731753,0.13267651,0.8849300510609304,2e-05
2,13,0.0038113789227468813,0.047510307,0.061748207,0.9739730107512485,0.01337600025861455,0.08404122,0.11639193,0.891615775816467,2e-05
2,14,0.0034339708245255188,0.04565493,0.058601733,0.9766397106927163,0.014891635918805454,0.08741002,0.12286114,0.8805274671491504,2e-05
2,15,0.003375322619542424,0.04544242,0.05806785,0.9769922441532045,0.017093253636698204,0.09429896,0.13137475,0.8896267476765523,2e-05
2,16,0.004060349916386751,0.04739567,0.063723795,0.9723316613214661,0.013226805085246774,0.08252626,0.11581351,0.8929461233351484,2e-05
2,17,0.003419391130387977,0.04563689,0.058477785,0.9766817614385999,0.013347989854756397,0.08072976,0.11629358,0.8932273269503596,2e-05
2,18,0.006784672227244912,0.0553194,0.0821594,0.9532727132705423,0.02602362609779355,0.12789366,0.16245042,0.82353027362627,2e-05
2,19,0.017906169669820154,0.1014688,0.13385233,0.8703797983381196,0.025063438254787965,0.12064809,0.15931977,0.8297175768739413,2e-05
2,20,0.00866636852529112,0.07149928,0.09303194,0.9398938086532774,0.01566339904715514,0.091188304,0.12603152,0.8732377769089392,2e-05
2,21,0.007708402641515235,0.06893446,0.08780909,0.9464542370651239,0.01626044807845675,0.095923945,0.12839922,0.8660736878228711,2e-05
2,22,0.004548841926041979,0.05249959,0.06744419,0.9688085777197836,0.01493228030503141,0.08785078,0.123054124,0.8836989624546343,2e-05
2,23,0.00334090274408711,0.04523477,0.0578111,0.9771706398799217,0.01396710182814542,0.08329528,0.11901177,0.8907872827910316,2e-05
2,24,0.0027897174527807293,0.040390495,0.05281849,0.9809704759247553,0.014941065063424132,0.08469867,0.12303197,0.8866493515839874,2e-05
2,25,0.0027108422063210017,0.040061787,0.052066106,0.9815299825421475,0.013940050805642925,0.08127941,0.11881474,0.8873957263122928,2e-05
2,26,0.0022527782383353653,0.03667788,0.04746583,0.9846681483561327,0.013915020693443862,0.08176657,0.118753314,0.8916466522794737,2e-05
2,27,0.0020437341126440327,0.03500198,0.045187853,0.9860758997259081,0.014300764501698452,0.08202081,0.12039984,0.8902323214452035,2e-05
2,28,0.002310207953571726,0.03706844,0.04806573,0.9842433610494831,0.014461676155743017,0.0839103,0.12107124,0.8867061653736097,2e-05
2,29,0.0022880905283009525,0.03660771,0.047833096,0.9844167033660816,0.013077099342808651,0.080433786,0.115156054,0.8927590925989376,2e-05
2,30,0.00200831996391282,0.034326285,0.044818994,0.9863210745326756,0.01500364418488634,0.08538938,0.123297684,0.8881932121195735,2e-05
2,31,0.0016269028322219306,0.03039702,0.040325128,0.9889385940357324,0.015003922725790526,0.08701213,0.123215266,0.8901949622545797,2e-05
2,32,0.0018612153456662238,0.033101026,0.043122027,0.9873219624754818,0.013356782200420112,0.08073796,0.11638259,0.8924841195169643,2e-05
2,33,0.002176509554246707,0.035776496,0.04665573,0.9851690722417139,0.014841692835842777,0.08664447,0.122433804,0.8855284508162928,2e-05
2,34,0.0025433419259145657,0.038833987,0.05044509,0.982660019480238,0.017084025559058687,0.089109585,0.1314233,0.8830825336311132,2e-05
2,35,0.0016321947084273055,0.03095906,0.040387522,0.9888909695552965,0.013650474299706897,0.081368156,0.117545515,0.888935375436727,2e-05
2,36,0.0015283141235294835,0.02983177,0.03905292,0.9896089339793783,0.015464242268704024,0.08548732,0.12515147,0.890564635728106,2e-05
2,37,0.0014708225699676099,0.029425738,0.03835331,0.9899914175382292,0.01591055577888188,0.08986037,0.12689087,0.8848746436191963,2e-05
2,38,0.0014285612998175448,0.028994482,0.037785895,0.9902908653609829,0.013785948062798491,0.08320489,0.118013844,0.8943263404915838,2e-05
2,39,0.0013566408882700715,0.02811253,0.036833767,0.9907713846471482,0.014536757102986384,0.08396793,0.12132772,0.8877731321924773,2e-05
2,40,0.0014090029921407282,0.029295199,0.037540797,0.9904097649741607,0.01323342465696408,0.077680275,0.11573267,0.8930248503940973,2e-05
2,41,0.0012596790470344242,0.027149318,0.035500318,0.9914349668159848,0.014030725748886686,0.08178556,0.119210266,0.8856323327429224,2e-05
2,42,0.0013333896341659922,0.02782582,0.036517363,0.9909284511658295,0.014937578769469703,0.08598407,0.12297597,0.8927931254670505,2e-05
2,43,0.0013173364636458816,0.027635425,0.03630136,0.9910351090948578,0.014808081868708271,0.086230956,0.12241376,0.8908595858492303,2e-05
2,44,0.0012690183857727712,0.02675,0.035620734,0.9913721790024357,0.013641280805502363,0.08109519,0.117597535,0.890727067262936,2e-05
2,45,0.0015609106690007877,0.03009713,0.039501302,0.9893696217119354,0.01517805803019588,0.08641182,0.12390386,0.8847741280045552,2e-05
2,46,0.0012294110601262524,0.027240438,0.035061717,0.9916328834927955,0.014900764104418663,0.08516363,0.12275059,0.8883556052445208,2e-05
2,47,0.001097198449595827,0.025029272,0.03309877,0.9925553419879904,0.014742476367650347,0.083880104,0.122194745,0.8925786978635784,2e-05
2,48,0.0010849268372656415,0.025113225,0.032943103,0.992628694254886,0.01381701464264619,0.082410984,0.11829825,0.8910861487687868,2e-05
3,1,0.2619041019373913,0.3906143,0.51189905,0.152167016965614,0.03985977243778675,0.15195836,0.200267,0.6509039520372792,2e-05
3,2,0.04559736788842966,0.16354413,0.21339831,0.6652202688959837,0.03130481111670465,0.12589855,0.17796092,0.7639164833300481,2e-05
3,3,0.03326617756169768,0.1383766,0.18241648,0.7633159394204089,0.0253003602082134,0.11972014,0.16014867,0.789519461502954,2e-05
3,4,0.02891981745887848,0.13198431,0.17009805,0.7953646870499481,0.025674075606123854,0.11990206,0.16131122,0.7970202346776651,2e-05
3,5,0.02659824308961038,0.12762406,0.16305074,0.8145419647132558,0.022679320128022314,0.109838635,0.15163712,0.8172912975290866,2e-05
3,6,0.021896236866090237,0.11711053,0.14798647,0.8504628590867079,0.022406682597041556,0.11467879,0.15073848,0.8159677240801896,2e-05
3,7,0.019445388759437417,0.10900577,0.13944599,0.8658279352978229,0.02962010469356621,0.12724605,0.17317602,0.8256146669022366,2e-05
3,8,0.017411110997493772,0.10255204,0.13190477,0.8815304077675424,0.029916933441267314,0.13562047,0.17368554,0.8282719827368077,2e-05
3,9,0.01651543109813323,0.10206246,0.12843227,0.8891343927720313,0.023427376234731463,0.112840004,0.15395124,0.8414900515363861,2e-05
3,10,0.01354721229603388,0.09071974,0.11641933,0.9091838381861895,0.026565578884738324,0.120873995,0.16372836,0.8410258009834567,2e-05
3,11,0.012911324176984125,0.089277595,0.11362967,0.9143042633009651,0.019697965414336608,0.106951505,0.14131613,0.8504039044635722,2e-05
3,12,0.011880919855225627,0.085274264,0.10891745,0.920135249746794,0.01977420083454086,0.111301504,0.14155695,0.8481661877338752,2e-05
3,13,0.011084558474602805,0.08290585,0.10529646,0.9258223833170781,0.018042169515629886,0.09932758,0.1348799,0.8620309207266497,2e-05
3,14,0.010412412895896514,0.081374526,0.10204834,0.9299873612384437,0.017441452467513347,0.09793638,0.132989,0.8620498000709574,2e-05
3,15,0.009660850224021505,0.07891863,0.09830992,0.9349129487037822,0.018151685151409497,0.10125179,0.1355264,0.8697808047517169,2e-05
3,16,0.009103062163894804,0.07418529,0.095348194,0.9388062085608672,0.018065471199979248,0.10464202,0.13533194,0.8589877305636947,2e-05
3,17,0.008016035135845746,0.07032722,0.08953646,0.9454591698136198,0.014608075380103266,0.09067793,0.121700026,0.8803778052553524,2e-05
3,18,0.007563552802668506,0.06856923,0.086882494,0.9487485725176353,0.015237342484329862,0.09518487,0.1242558,0.8750177861923135,2e-05
3,19,0.0071061934020044395,0.06655036,0.084276594,0.9517248150764528,0.017057646361300378,0.09622786,0.13100922,0.8791209676886673,2e-05
3,20,0.006996823199842426,0.06619761,0.083575465,0.9526143282367175,0.01939178902291503,0.106360905,0.13984323,0.8834501380372473,2e-05
3,21,0.006491767620832646,0.062937245,0.08054958,0.9562381997660596,0.014113089437294682,0.08865226,0.119610585,0.885397097569566,2e-05
3,22,0.005779399633585479,0.060231876,0.076023005,0.9608399625167139,0.014721401330057738,0.08956106,0.1221658,0.8789232120692846,2e-05
3,23,0.005875264643300482,0.0605701,0.07666561,0.9598720939821764,0.015778136716107838,0.093652695,0.1262393,0.8835387960730945,2e-05
3,24,0.005832772126396037,0.05990325,0.07639022,0.9601389518153335,0.01448469918385079,0.08760877,0.121172525,0.88763198700411,2e-05
3,25,0.00575860406663927,0.059682075,0.07585056,0.9610755725531634,0.01493665308313481,0.091073714,0.123070344,0.8766255541887411,2e-05
3,26,0.0048232533936413274,0.05489374,0.06946144,0.9670032049271031,0.013418734590501387,0.08655591,0.11662583,0.8903629898628568,2e-05
3,27,0.004769953602233251,0.054283876,0.06905805,0.9674195852092077,0.016328597368017114,0.09544797,0.12856996,0.8788477243556779,2e-05
3,28,0.004534811777129082,0.053147487,0.06735248,0.9691034364504905,0.014433042304719694,0.08800674,0.120932825,0.8816605830852446,2e-05
3,29,0.004106715531260111,0.05045015,0.06403554,0.9721061911427039,0.014409781690186786,0.08917067,0.12085659,0.8810214803107498,2e-05
3,30,0.004389562685136187,0.05210539,0.066265754,0.9699845411316318,0.0155719366243661,0.089995146,0.12538084,0.877759823763716,2e-05
3,31,0.00405794110000022,0.0495489,0.06371613,0.9722629757643149,0.014702772111815176,0.08556095,0.12209628,0.8813354304963703,2e-05
3,32,0.004129632374536405,0.050475962,0.064237826,0.971919557949688,0.014126940655168492,0.0842273,0.119579576,0.8846856082296674,2e-05
3,33,0.00325823072470884,0.043960035,0.057091374,0.977778080933956,0.019963581067578937,0.10297202,0.14159656,0.8856089555332436,2e-05
3,34,0.05877733550093759,0.17292911,0.24233377,0.5038933585240449,0.06470826623478422,0.20980434,0.25584635,0.5024931894671304,2e-05
3,35,0.05208518896382476,0.17207012,0.22823581,0.5742775312147258,0.04417148703295323,0.16481398,0.21154521,0.5672710059737301,2e-05
3,36,0.03162562982334263,0.13807955,0.17788085,0.7570445962692568,0.021940583265893144,0.1095534,0.14915775,0.8159967657844143,2e-05
3,37,0.015778381431042262,0.09601545,0.12561648,0.8878225469063976,0.02019477432865339,0.096982054,0.14298873,0.836587592665548,2e-05
3,38,0.012150523177373645,0.085805014,0.11022425,0.9147516430620078,0.016550277571426436,0.09608712,0.12954953,0.8627439004732722,2e-05
3,39,0.009333489559462706,0.07510852,0.09660265,0.9351324066909521,0.019589506745062494,0.10019716,0.1403855,0.8690261652345602,2e-05
3,40,0.007717495549156844,0.0667923,0.087848485,0.9464547131693969,0.017678617229749862,0.09251354,0.13368304,0.8603286738522267,2e-05
3,41,0.00595679917241116,0.05955556,0.07717442,0.9589727822588787,0.015800813690627063,0.0867101,0.12658332,0.8755440911672521,2e-05
3,42,0.006284059016405285,0.060764197,0.079293266,0.9565733674385895,0.020265123224817216,0.09972797,0.14305623,0.8633059687266524,2e-05
3,43,0.004625807521648805,0.051653624,0.06802967,0.9681980364647129,0.0201498717242093,0.09872546,0.1427254,0.8611081184556902,2e-05
3,44,0.004078353938299001,0.048329573,0.0638354,0.972040754431321,0.016391235133158735,0.0868317,0.12883581,0.8695965140048636,2e-05
3,45,0.004163848980033861,0.048438963,0.064527765,0.9714137924309585,0.01683278014146102,0.08873842,0.13058738,0.8662317872569537,2e-05
4,1,0.056962060022372404,0.18171485,0.23856962,0.6291003029199982,0.038454027027236645,0.15056793,0.19742343,0.7707711158056828,5e-05
4,2,0.028868032504981777,0.13158554,0.16986442,0.7993074954580668,0.03429016874374442,0.1522614,0.18589897,0.8177721037347779,5e-05
4,3,0.021425615784269596,0.11376413,0.14640553,0.8481072026847841,0.02523015627068364,0.12244876,0.15929522,0.8385190621271464,5e-05
4,4,0.017339701953052466,0.10286607,0.13171743,0.8782828643754403,0.018860028738681985,0.1002395,0.13818452,0.853256729492827,5e-05
4,5,0.01391324630998854,0.09261264,0.11789833,0.9026747668849823,0.024349826513099724,0.11547212,0.15704806,0.8295849137353889,5e-05
4,6,0.07104307835977133,0.201148,0.2665702,0.35418747383084803,0.07751605073334994,0.23654905,0.27937204,0.3656378913551434,5e-05
4,7,0.07744108366172883,0.22729765,0.27836242,-0.03611997624860988,0.06758390713690056,0.21614401,0.2612573,-0.009528755775190242,5e-05
4,8,0.07653935775857106,0.22597124,0.2766133,0.004513334065747814,0.07664645970281628,0.23473728,0.2778281,0.38662850267633186,5e-05
4,9,0.07747487372759007,0.2258296,0.27825427,0.029212287850969226,0.06468571205106047,0.21026647,0.25548318,0.2225505499258115,5e-05
4,10,0.06669583838818177,0.20859383,0.25823522,0.3229392108582405,0.041944984519095334,0.17311156,0.20584904,0.6966305911174797,5e-05
4,11,0.03192382166814929,0.138504,0.1786953,0.7550839794245855,0.027404995579639,0.119218946,0.16669716,0.7630242789486978,5e-05
4,12,0.015298144240149898,0.09569659,0.12365761,0.8911074142115288,0.02040066554413729,0.10029074,0.14381339,0.8313366140857806,5e-05
4,13,0.01022272595195165,0.07862922,0.10111766,0.9286935281824347,0.019701009989215958,0.10598156,0.1411564,0.8655260241842122,5e-05
4,14,0.007997929739920046,0.069472864,0.08941886,0.9443997637464832,0.019182915882918518,0.101663224,0.13947435,0.8536725571978526,5e-05
4,15,0.006441349344632412,0.062082056,0.080209516,0.9554139763298589,0.030463800747788303,0.13195154,0.17575285,0.8437409852001477,5e-05
4,16,0.0054529958162046034,0.05664399,0.073863484,0.9623327928422674,0.021867479549082754,0.10250264,0.14878939,0.8403602197577046,5e-05
4,17,0.005197650619750411,0.054328896,0.0720901,0.9641703876748359,0.023970207261973648,0.11385533,0.1545318,0.833627153649831,5e-05
4,18,0.004119262981178415,0.04934743,0.06407042,0.9718043406561806,0.022153644874278042,0.10595875,0.14896359,0.8536710902148062,5e-05
4,19,0.0036192507767371473,0.04730212,0.06015917,0.9751941865680436,0.020556343530188315,0.1010449,0.14319806,0.8433510165036473,5e-05
4,20,0.0028753017088313745,0.04149012,0.0534955,0.98043183246842,0.016940887961364177,0.094306074,0.1308117,0.8599728819227868,5e-05
4,21,0.0027409015177076172,0.039973702,0.052363407,0.9812643860501008,0.01665522599338416,0.091744184,0.12943606,0.8675654388377348,5e-05
4,22,0.0024628690865105556,0.038391504,0.049629062,0.983167549107177,0.01921108212209893,0.09617742,0.13946518,0.865664036950199,5e-05
4,23,0.002336721570870149,0.036745172,0.04833102,0.9840452495037654,0.019147357237266585,0.09846924,0.13913064,0.8604625064832857,5e-05
4,24,0.0024328182197312464,0.038049065,0.049326774,0.9833612255623476,0.02010106413056039,0.09871891,0.14247702,0.8530626027390849,5e-05
4,25,0.0020603605389709137,0.034247205,0.045394227,0.985930291696099,0.020578697235409723,0.10198402,0.1443203,0.8543756259795208,5e-05
4,26,0.0021261407280724035,0.034589995,0.046122957,0.9854907931464657,0.020553572450471284,0.101839684,0.14310662,0.8568607054027152,5e-05
4,27,0.002073466737936746,0.03499707,0.045542393,0.9858361584679943,0.017012214946724405,0.091539055,0.13082047,0.8653433932492126,5e-05
4,28,0.0017266212890148227,0.031373214,0.041551635,0.9882155368715168,0.019870116468087805,0.09944588,0.14147629,0.8696902019448,5e-05
4,29,0.0017545202269086126,0.032267045,0.041884854,0.98803829811745,0.01840180495276366,0.096676014,0.13582735,0.8579884837808094,5e-05
4,30,0.0015686111135450136,0.029682973,0.039600875,0.9893202174217706,0.021705724984510906,0.10503918,0.14821528,0.8506335671677047,5e-05
4,31,0.0016098158959049836,0.030492723,0.040115386,0.9890265738378786,0.02171017154964998,0.1092136,0.14829114,0.8654079730200509,5e-05
4,32,0.0014556810333105604,0.029324155,0.03815645,0.9900733745893686,0.016942651260049187,0.089792445,0.1305647,0.8730975694683694,5e-05
4,33,0.0013340172507898354,0.02759885,0.036521684,0.9909068664908254,0.018037074464330175,0.09665304,0.13470411,0.8658349662955673,5e-05
4,34,0.0013053549875672683,0.02732275,0.036133666,0.9911120493553032,0.02039187023021643,0.10001332,0.14351094,0.8600252129484844,5e-05
4,35,0.0012895361875057162,0.027361399,0.03590443,0.9912200604396353,0.01736961411747702,0.09177094,0.13246126,0.8676060465376672,5e-05
4,36,0.0011306672946528329,0.0250082,0.033614717,0.9923044128755991,0.018051844338144832,0.09470967,0.13423972,0.8683340493835467,5e-05
4,37,0.001175228808346916,0.025918502,0.034287803,0.991996363091428,0.0192667429326792,0.09610017,0.13939811,0.858346425484965,5e-05
4,38,0.0010540199435075852,0.02421946,0.03245908,0.9928264171106684,0.020530294390886814,0.102904774,0.14425579,0.8617899230206085,5e-05
4,39,0.0010919032213074797,0.02469947,0.033046763,0.9925700069136996,0.01804388381316568,0.09353708,0.13494925,0.8607314542855873,5e-05
4,40,0.00104720227087693,0.024210427,0.032368507,0.9928678206189979,0.018402323952479357,0.09445174,0.13632628,0.863627004009061,5e-05
5,1,0.17052848115057476,0.3033819,0.41302237,0.20364933876252644,0.03187262404632444,0.13837387,0.17916328,0.7259060929376668,5e-05
5,2,0.04006321085633266,0.1582204,0.20014569,0.7190670677211801,0.02650266588682792,0.12127392,0.16384193,0.7986796458383246,5e-05
5,3,0.031970300687211524,0.13965861,0.17883569,0.7821530321550181,0.032230703509412706,0.13308635,0.18034142,0.8043374144281884,5e-05
5,4,0.026057841227021043,0.12631607,0.16145293,0.8234913552255729,0.024108996532891912,0.11784132,0.15595716,0.7957318018842919,5e-05
5,5,0.02301988455999499,0.118482284,0.15175933,0.8440741483826537,0.01964896700573499,0.107174106,0.1410543,0.8394950385852538,5e-05
5,6,0.01832524434718843,0.10689444,0.13535215,0.8754392457037597,0.022446083606391092,0.112814315,0.15086477,0.8274876286955475,5e-05
5,7,0.015806837647415646,0.09936898,0.12574163,0.8923172147695616,0.02382764134031108,0.11764038,0.1554428,0.836602421981101,5e-05
5,8,0.014036011152490582,0.09157842,0.11844295,0.9033470148433972,0.017456152454272983,0.097443216,0.13303477,0.8690077865160911,5e-05
5,9,0.011588393120385084,0.084248565,0.107677,0.9206399706350697,0.01896770532820719,0.10388244,0.13849558,0.865755388896953,5e-05
5,10,0.010081465124037273,0.077048786,0.10039834,0.9308314242117125,0.016155576484312338,0.09703521,0.12781613,0.8668883884519212,5e-05
5,11,0.008796090543468398,0.07192548,0.09380799,0.9398470585813711,0.01670012265012028,0.09963071,0.13013543,0.8609840757198607,5e-05
5,12,0.008057292343845437,0.06989934,0.08974227,0.9450940941239507,0.01583282095250777,0.09291499,0.126625,0.8828092463077976,5e-05
5,13,0.0076346216278877456,0.06915739,0.08736536,0.9476788902268386,0.01641325588594487,0.09686152,0.12901181,0.8769171413924928,5e-05
5,14,0.006795886861824482,0.06340811,0.08244689,0.9534906129406352,0.020227333432692965,0.10506244,0.14302407,0.868231247830021,5e-05
5,15,0.006681943686149152,0.06324481,0.08175942,0.9539305720222057,0.01819574005289555,0.10077676,0.13569224,0.8915293048906924,5e-05
5,16,0.005904375289816509,0.060254604,0.076851726,0.9596089926617735,0.015492966981212332,0.09189181,0.1253264,0.8803274934565088,5e-05
5,17,0.005491957084440205,0.057960283,0.07411116,0.9623333049878142,0.014580390792144937,0.08944445,0.12152375,0.8796057450289358,5e-05
5,18,0.005024845020704909,0.054531362,0.07080941,0.9656011021983909,0.014348555728146393,0.08829169,0.12043872,0.8860041585891075,5e-05
5,19,0.006038341896664095,0.0612055,0.07770086,0.9585267438415391,0.0172572086377369,0.09716609,0.13228661,0.8604601602453539,5e-05
5,20,0.005926944790835733,0.058173407,0.07677151,0.959396415515826,0.016784958733262977,0.096715346,0.13025554,0.874881735646985,5e-05
5,21,0.005102547286331293,0.055618413,0.0714446,0.9649153442382444,0.014448658644040633,0.087663755,0.12076546,0.8867650741360097,5e-05
5,22,0.004729546625750568,0.053386375,0.06877109,0.9675810378481624,0.01471958789463517,0.09213635,0.12205298,0.8786148483581243,5e-05
5,23,0.004698955579629553,0.052207176,0.06856594,0.9677419805097757,0.01398058828069932,0.084884025,0.11875133,0.8865194850529218,5e-05
5,24,0.004153009388522992,0.05053383,0.06444226,0.9714932515619341,0.015721276207908953,0.09115034,0.12618819,0.8711043136003138,5e-05
5,25,0.004017158696735572,0.049262594,0.06336638,0.972504412521904,0.015453271405594595,0.092502005,0.12518099,0.8756895886817738,5e-05
5,26,0.004822811954730913,0.054042134,0.06942996,0.9668537309748817,0.01740157590635742,0.09556443,0.13265756,0.8599199470717335,5e-05
5,27,0.0051732189416402305,0.055597004,0.071914844,0.9644186942414937,0.01450094964719942,0.09096579,0.12126494,0.8802184556994707,5e-05
5,28,0.0043929124349403464,0.05167057,0.066276856,0.9698122110114579,0.01688870846690541,0.09594492,0.13079412,0.8807450275299868,5e-05
5,29,0.006292118014940893,0.05715327,0.0792968,0.9565601411298743,0.01818611226863814,0.10779288,0.13517207,0.8642256226431713,5e-05
5,30,0.007196214260377325,0.065511726,0.08482661,0.9500988260138831,0.023490717947155376,0.10888244,0.15426867,0.8202622922756964,5e-05
5,31,0.03192359895843068,0.123335496,0.17866613,0.7548451978089105,0.059377395513433,0.1983432,0.24506705,0.3291682918304021,5e-05
5,32,0.0683753002417561,0.21501084,0.261466,0.28099787587753944,0.04882254306425306,0.16769716,0.22248296,0.5476298472096744,5e-05
5,33,0.032219881207965616,0.14017004,0.17949818,0.7522898000684562,0.02583021481620596,0.12103117,0.16181721,0.7759604868900868,5e-05
5,34,0.016586243887742,0.09925847,0.12879853,0.8813530654439603,0.02420347942548957,0.11063128,0.15666576,0.8006776102846713,5e-05
5,35,0.013029843172636188,0.08818212,0.11412388,0.9078646271287056,0.025970433901184826,0.118983455,0.1622096,0.8324309532188202,5e-05
5,36,0.009814670842949293,0.076731876,0.099089794,0.9311515982843783,0.022382941144449567,0.10601017,0.1502708,0.840993773357044,5e-05
5,37,0.007998726736383173,0.07079688,0.08944506,0.9445731482928826,0.020517464433969172,0.09937933,0.14396991,0.8472795402655595,5e-05
5,38,0.006333015182394987,0.062021364,0.07957265,0.9562137378921256,0.025071435151942382,0.11796673,0.15944874,0.8309562435092624,5e-05
5,39,0.005753769066053384,0.05855173,0.075866885,0.9602270026847141,0.021267778516630642,0.105141476,0.1465927,0.837515509579135,5e-05
5,40,0.00477218449148529,0.052997474,0.0690996,0.9671109628504687,0.02234986729120094,0.10324413,0.15016535,0.833600935591223,5e-05
5,41,0.004145050345078599,0.049658958,0.06437912,0.9715198342087289,0.0216905401978659,0.10418135,0.1474049,0.8465945271765581,5e-05
5,42,0.004115547936371768,0.04867866,0.06408346,0.9718153815518037,0.01990458356104446,0.09871842,0.14184347,0.8470076479875621,5e-05
6,1,0.08890841502226263,0.22881602,0.2980772,0.3939684978481611,0.04380263092160156,0.16211224,0.21063954,0.5833386949308605,0.0001
6,2,0.0657207192703494,0.20350718,0.25636107,0.46885604253593943,0.052756388378502043,0.18972553,0.23022313,0.578528698751909,0.0001
6,3,0.05639975857143029,0.18837856,0.23749022,0.5301735647287842,0.06396693471577708,0.20995142,0.25319156,0.5771835681626508,0.0001
6,4,0.0798004923048908,0.22894788,0.28246316,0.19176045305976525,0.1032506726268265,0.28428453,0.32184905,-0.17925686496135584,0.0001
6,5,0.08814602351973756,0.23982835,0.29690173,-0.02197030296278174,0.06805458062983773,0.21714497,0.2621382,0.013827043979210425,0.0001
6,6,0.0846540021843921,0.23779766,0.2910335,0.014092420173160373,0.06463604297540668,0.20547909,0.25588903,0.0033980454982544565,0.0001
6,7,0.08191759291264908,0.23258431,0.28629208,0.008221303971587202,0.06718313405980114,0.21535152,0.26050588,0.09578436160679725,0.0001
6,8,0.08172055279017887,0.2339885,0.28584844,-0.002784142932841133,0.08577617012930137,0.253866,0.2936557,-0.06821039949390661,0.0001
6,9,0.08178704430101108,0.23204513,0.28587607,0.034690126500834875,0.06449852344855943,0.20850214,0.25550002,0.05225007710484167,0.0001
6,10,0.07996525467921779,0.23025872,0.2827113,0.03621024804253667,0.06443113854361905,0.2065917,0.2554441,-0.12804288542407172,0.0001
6,11,0.0818510149990722,0.23350585,0.2860838,0.0006397902822218915,0.06448451205398198,0.20618923,0.25556457,-0.0695634490130595,0.0001
6,12,0.08052116989071871,0.22885512,0.2837049,0.014678243721295423,0.06681374488053499,0.21462043,0.25981256,-0.02271467641786214,0.0001
6,13,0.08313531617016018,0.23323391,0.2883272,-0.045511649769082924,0.07055752555391302,0.22235984,0.26678917,-0.05602956720102739,0.0001
6,14,0.08002628789149512,0.23043932,0.2828654,0.011921337016606772,0.08880314581027185,0.25957555,0.29872525,0.07075407917014127,0.0001
6,15,0.08106194824637479,0.23244214,0.2846757,0.0012994841969900368,0.06545795434740959,0.20347606,0.257569,0.01266774255578772,0.0001
6,16,0.07820290962351643,0.2281753,0.27961132,0.021663286599611985,0.06455169338732958,0.2058315,0.25571015,-0.06898471791795549,0.0001
6,17,0.07740695237575934,0.2268818,0.27826896,0.05318685079284221,0.06770947460070063,0.20130315,0.26201683,0.06100651569056191,0.0001
6,18,0.0790976858447593,0.22969891,0.28116274,0.010625242114176333,0.07644723900766284,0.2343058,0.2774736,0.08641912797304797,0.0001
6,19,0.0795689836214079,0.22934614,0.2820869,-0.017093880299275933,0.06520420856152971,0.21101287,0.2567926,0.04164275461410705,0.0001
6,20,0.07816290163280547,0.22672263,0.27954394,0.01604689670392926,0.06441480037756264,0.20677263,0.25540495,0.028340624128199526,0.0001
7,1,0.12316054824269682,0.25474888,0.35099456,0.4030076203908032,0.02624409305173214,0.12383718,0.16132037,0.7754197296917449,0.0001
7,2,0.036200348292988786,0.14940366,0.19023257,0.7490351888638225,0.023923220087049737,0.11707557,0.15558867,0.8083511674425986,0.0001
7,3,0.029819063686577506,0.13589315,0.17265072,0.7981582230363147,0.05688300197599111,0.19880892,0.2377906,0.8232263453250522,0.0001
7,4,0.023827591825822787,0.11977253,0.15439418,0.8377363168181289,0.020216266262448497,0.10885948,0.14298145,0.8346540623807887,0.0001
7,5,0.0196211842189556,0.109148055,0.14008975,0.8656416392106174,0.01783293319318478,0.10086043,0.13444573,0.8508388895876018,0.0001
7,6,0.016319403519786495,0.10003615,0.12776382,0.8875548544136301,0.021245928951194166,0.10936662,0.14653902,0.8432984591118555,0.0001
7,7,0.014135546526215017,0.09360748,0.118893705,0.9022331819278003,0.01653696096306063,0.095443495,0.12944944,0.8637839365293741,0.0001
7,8,0.01329529689872152,0.08781602,0.115333475,0.9086780030356101,0.01863938253329791,0.09981696,0.13657095,0.8559502684348164,0.0001
7,9,0.011490916809698404,0.08197733,0.10713372,0.9204831578538778,0.020351708422552933,0.104009986,0.14359717,0.8382302536320013,0.0001
7,10,0.009405179304398801,0.07580679,0.096922524,0.9352876772927328,0.017244072115768512,0.10019057,0.13223806,0.8599684120445648,0.0001
7,11,0.008933657493161322,0.07279176,0.09450557,0.9382793273044894,0.021440072726734257,0.10922676,0.14672498,0.8580471612295457,0.0001
7,12,0.008609596619777714,0.07238596,0.09274574,0.9408006296756898,0.018151379487891164,0.097149245,0.13533448,0.8648531342102858,0.0001
7,13,0.007694915577779615,0.06837216,0.08773011,0.946830991199598,0.01923467545000474,0.10297625,0.13846485,0.857325457451602,0.0001
7,14,0.007323582259223853,0.06544362,0.08559077,0.9493149036313537,0.02396142187838753,0.1147464,0.15461823,0.8688767389552586,0.0001
7,15,0.006977617405121058,0.06548485,0.08354697,0.951743045452661,0.017621474940959295,0.09708582,0.13346717,0.8713808286234749,0.0001
7,16,0.00938449049509668,0.074544564,0.09688401,0.9344642063648029,0.017893694346100716,0.09745031,0.13470353,0.8548029237878507,0.0001
7,17,0.00787593978071595,0.069638416,0.08875666,0.9454372869037444,0.017360839790112718,0.09407744,0.1325033,0.8549124452134451,0.0001
7,18,0.0063138892600763255,0.062142663,0.07946258,0.956425138771472,0.01926414760614366,0.10694769,0.1396824,0.8724243888646879,0.0001
7,19,0.006390793739968179,0.061300803,0.07995062,0.9559938363429428,0.019581744808992545,0.102805234,0.14080319,0.8448555188376534,0.0001
7,20,0.007219300163563267,0.06691054,0.0849517,0.950148445798347,0.021217626502254495,0.10901977,0.14619784,0.8374356488250991,0.0001
7,21,0.006377087729714025,0.062084775,0.07987577,0.9558806924472573,0.018915114305585762,0.098683655,0.13808009,0.861332829710356,0.0001
7,22,0.007270516260483827,0.06494377,0.085285276,0.9494760386939736,0.015287816041597613,0.08778901,0.124410905,0.8789804205341024,0.0001
7,23,0.0053973981559006755,0.05673214,0.073447205,0.9627852925027557,0.01575448140566651,0.09246978,0.126127,0.8726374472130517,0.0001
7,24,0.005890579310442467,0.05923385,0.07676697,0.9593803616447122,0.020540950364967878,0.09913404,0.14424196,0.8697254530298875,0.0001
7,25,0.0046504289233627585,0.052550815,0.06815248,0.9680536153809196,0.03487853880290425,0.14104705,0.18766811,0.8375349900041883,0.0001
7,26,0.005378652386455449,0.057187058,0.073346935,0.9628747711649913,0.01862005203050406,0.09468621,0.13736881,0.8607171886080542,0.0001
7,27,0.005503145270318851,0.0569123,0.07417969,0.9620124119813562,0.014799480836329705,0.08507867,0.12247442,0.879420350366646,0.0001
7,28,0.0070342295002774335,0.06502337,0.083872244,0.9513660062576674,0.020098645407145982,0.10128122,0.14273146,0.8560844126283008,0.0001
7,29,0.010482820871470509,0.07479837,0.102413654,0.9263647718032559,0.023013306065910944,0.10626668,0.15267709,0.8305750794972981,0.0001
7,30,0.0071192543291885005,0.065887794,0.08433332,0.9507844260563384,0.024330162701365527,0.11207672,0.1570754,0.8084593637195739,0.0001
7,31,0.00816923909359987,0.0685408,0.09039941,0.9431927690531491,0.020550376136304328,0.10441502,0.14364247,0.8493197884106485,0.0001
7,32,0.0073179732099671576,0.06596075,0.085567676,0.9493039261294208,0.021010166191478708,0.09700027,0.14591247,0.846613492548917,0.0001
7,33,0.004238512224669946,0.049392857,0.06503608,0.9709503813593201,0.02596948446623586,0.10995315,0.16228133,0.8354220554749949,0.0001
7,34,0.0036855127474945365,0.047565747,0.060724717,0.9747561568063301,0.019876543358367162,0.09841552,0.14195259,0.8490479824833037,0.0001
7,35,0.0032038044273321816,0.043755807,0.056595765,0.9780471758444775,0.022951483053879604,0.11026421,0.15250085,0.8535873907296186,0.0001
7,36,0.003140445982234413,0.042484432,0.056030855,0.9784715122761791,0.02134708240016523,0.1009668,0.14713061,0.849409146785741,0.0001
7,37,0.0035280664007552895,0.046491772,0.059388116,0.9758434574644685,0.018056122955049096,0.09265592,0.13530385,0.858795071758687,0.0001
7,38,0.003964016769688863,0.045956094,0.06294971,0.9728119835255967,0.02733868714939389,0.12334902,0.16642372,0.8030101519570852,0.0001
7,39,0.004154132469122028,0.048991304,0.06446726,0.9714662004953809,0.021485582014591914,0.10179076,0.14760824,0.8449934958469291,0.0001
7,40,0.0030388724676370903,0.042076427,0.055137612,0.9791547191477856,0.02356326678082715,0.10804311,0.15458009,0.8480183255464225,0.0001
7,41,0.0028409153455698365,0.040900964,0.053313494,0.9805866340988204,0.01929887314973813,0.09694882,0.1396379,0.8521997093415135,0.0001
7,42,0.0025800398028554684,0.03873873,0.050751172,0.9823816614978921,0.01848538624795361,0.09378877,0.1368574,0.8511186267247554,0.0001
7,43,0.002709778967753358,0.039549496,0.052039985,0.9814618338234353,0.021610769252961123,0.102948,0.1480177,0.8319474127346226,0.0001
7,44,0.003249205285407196,0.043449666,0.056989934,0.9777234523316994,0.02578034554715958,0.10644743,0.16158491,0.8239989361750735,0.0001
7,45,0.003320842038931991,0.044285513,0.057634562,0.9772857525268526,0.022354979539361212,0.10130133,0.15054603,0.8375935724277266,0.0001
7,46,0.0023184140129933863,0.03668379,0.04815425,0.9841598046392083,0.01911027467037827,0.09525122,0.1390819,0.857800663919393,0.0001
8,1,0.04662144359932325,0.16634266,0.21594623,0.6874414022288093,0.026514853540532016,0.118762486,0.1631352,0.780152577569979,1e-05
8,2,0.025865126551329113,0.12695934,0.16081494,0.8205997054566023,0.024059347834231123,0.11563039,0.15511857,0.8348756432090986,1e-05
8,3,0.020261224752039623,0.112080805,0.14234902,0.8610139786417031,0.019844635027564235,0.10624806,0.14066488,0.8388625739068302,1e-05
8,4,0.016064837655470333,0.09995461,0.12675238,0.8892826183565461,0.018878651420689292,0.09964572,0.1374837,0.8581152732203463,1e-05
8,5,0.012922915739929913,0.088936,0.11368729,0.9120051592142527,0.01925960249543466,0.10173679,0.13847412,0.861793998651778,1e-05
8,6,0.010325955435368189,0.07961588,0.10162177,0.9290616405490961,0.017103628410647314,0.09415335,0.13087443,0.8731565794833047,1e-05
8,7,0.00819780384125101,0.07081564,0.09052503,0.9441746668678284,0.017715016673146573,0.1004141,0.13317402,0.8714653299214498,1e-05
8,8,0.007307939651905271,0.06742583,0.08548484,0.9500110293212352,0.015813401046519477,0.09177553,0.12580131,0.871336627052177,1e-05
8,9,0.006769547903710088,0.06486602,0.082277164,0.9539634313447892,0.015816031084223477,0.09012461,0.1253917,0.8789113117846695,1e-05
8,10,0.005364409720233563,0.05791098,0.07323684,0.9636294807643966,0.015287351317022479,0.09015048,0.12369434,0.877856507908082,1e-05
8,11,0.004478411558334428,0.051775012,0.066912346,0.9694521189932738,0.01432242867950764,0.085506275,0.11969746,0.8835780536852796,1e-05
8,12,0.004289960327109966,0.051592212,0.065479815,0.9707853982587088,0.0161506452821885,0.09275367,0.1268077,0.882694622762662,1e-05
8,13,0.003938879615765404,0.049173493,0.062767886,0.9732425520204646,0.016078535933047533,0.09148625,0.12687762,0.8796430199970775,1e-05
8,14,0.003644708391152775,0.046938516,0.060376357,0.9752442809798553,0.020539647330426507,0.106971204,0.14332043,0.882291561430669,1e-05
8,15,0.003137454700332013,0.043583293,0.056005552,0.9786568703280978,0.016731900456189004,0.09512538,0.12924264,0.8844589511588926,1e-05
8,16,0.0031729406896417213,0.043373555,0.056340028,0.9784496113196376,0.014221116702106816,0.08483625,0.119220406,0.8889724340496563,1e-05
8,17,0.0029030221652579014,0.04200824,0.053882875,0.9803324960785139,0.014764346708371132,0.08823228,0.12148958,0.8886970310671974,1e-05
8,18,0.0030264962599482214,0.043055035,0.054978322,0.9794124958557334,0.01417675985161353,0.08178385,0.11891785,0.8895456195000199,1e-05
8,19,0.002824802724394303,0.040686663,0.053120438,0.9808777492052225,0.014922487514990347,0.08636808,0.12214346,0.8855132466589098,1e-05
8,20,0.002424719481224142,0.03822616,0.049237654,0.9835222652397554,0.014919166461806055,0.087135665,0.12204806,0.8840978164284081,1e-05
8,21,0.0024777229164866296,0.038456786,0.049784914,0.9832138046950024,0.01399880823575788,0.08430564,0.11807983,0.8885959865616626,1e-05
8,22,0.0021267080468465095,0.03628294,0.046115108,0.9855406327420079,0.016211199643159355,0.09285697,0.12704445,0.8917425896012081,1e-05
8,23,0.0020285218140267043,0.03503353,0.045048065,0.9862379571800507,0.01388626851796828,0.0829663,0.11758698,0.8888193220836815,1e-05
8,24,0.0018846457251554321,0.0338151,0.04340959,0.9871940687279189,0.014304017372153423,0.08437241,0.11934145,0.8880620111089368,1e-05
8,25,0.0018999476766944907,0.0335868,0.04359188,0.9870720466696392,0.014200429414847383,0.08523026,0.11905175,0.8935356770750292,1e-05
8,26,0.0018447690574214554,0.033474926,0.042960517,0.9874707817108529,0.014177638683813039,0.08400396,0.11878301,0.888780826281083,1e-05
8,27,0.0018676265057042528,0.033520386,0.043218646,0.987327523108192,0.01609342974714107,0.09266604,0.12662482,0.8881885459920272,1e-05
8,28,0.001846639467683451,0.032814164,0.042970866,0.9874611694925923,0.013948440784588456,0.08194183,0.11801064,0.8947247773825394,1e-05
8,29,0.001680527925659972,0.031773537,0.041001137,0.9885865840474853,0.013171890457333238,0.08038991,0.11459321,0.8964424311702364,1e-05
8,30,0.0016841275427625384,0.03218068,0.04104174,0.9885670808838655,0.013505552981600718,0.08151028,0.11603322,0.894307857598291,1e-05
8,31,0.0016461572190692266,0.031652674,0.04058076,0.9888106376665997,0.013434835511294228,0.08209943,0.115703724,0.8950363830760308,1e-05
8,32,0.0016220358298834692,0.030847725,0.040264934,0.9890065554569806,0.012513756665780588,0.079218745,0.11157223,0.8997835676517287,1e-05
8,33,0.0015804916590334691,0.030419912,0.039761543,0.9892716443323852,0.016668807853151252,0.0940211,0.12905183,0.8904939584616438,1e-05
8,34,0.001610076897445779,0.031066261,0.040130317,0.9890495107434469,0.014569530306659915,0.08561964,0.12050863,0.8942100073046152,1e-05
8,35,0.001438330442788271,0.0292096,0.03792582,0.9902142245467542,0.01359620272975277,0.08242694,0.11625025,0.8945215358118412,1e-05
8,36,0.001495826231148725,0.030002253,0.038665857,0.9898624124747734,0.013329904121174305,0.08100909,0.11521567,0.893523443333729,1e-05
8,37,0.0014659998408452365,0.02938041,0.038290206,0.9900484640520978,0.014813119192021313,0.08570742,0.12136291,0.8888233899877577,1e-05
8,38,0.0013081384612607474,0.027823199,0.03617504,0.9911162489507771,0.01368928219071003,0.08191986,0.11687835,0.893177686439259,1e-05
8,39,0.001247277416568467,0.026989093,0.03532299,0.9915160599338333,0.013463245898795625,0.082076885,0.11588615,0.8934060336341635,1e-05
8,40,0.0012479341631346148,0.02688987,0.035305485,0.9915518882558413,0.01339740727821158,0.08155707,0.115539536,0.8952061439612139,1e-05
8,41,0.0013487699659754497,0.028568128,0.036723442,0.9908347835018444,0.016242822382116207,0.09281461,0.1273716,0.8897761324084855,1e-05
8,42,0.0012621942700309,0.027608687,0.0355324,0.9914308240427727,0.014633023162820825,0.08722633,0.120777585,0.8933441699553607,1e-05
8,43,0.0012407750329198578,0.026779313,0.0352288,0.9915638633390754,0.013870429489071722,0.08311244,0.11752601,0.896453413321479,1e-05
8,44,0.0011085879536907005,0.025307354,0.033301666,0.9924782169330274,0.013504733167657698,0.08131988,0.11602168,0.8968282098610152,1e-05
8,45,0.001087750024997268,0.025501836,0.032987785,0.9926168525383959,0.013357954737902791,0.08010818,0.11540004,0.8943101455501633,1e-05
8,46,0.0010302636448920066,0.024391873,0.0321059,0.9929965677142468,0.01408045313803962,0.084616125,0.11836758,0.8946692250263972,1e-05
8,47,0.001131996482697198,0.025869593,0.03362986,0.9923253604967955,0.013990831207828942,0.08482269,0.11812733,0.8930513036554643,1e-05
8,48,0.0010179765921637686,0.024277445,0.031905316,0.993088290099708,0.014115507947281003,0.084078595,0.11870483,0.8892550691217102,1e-05
8,49,0.0010513739683366138,0.024867991,0.032394964,0.9928672903088138,0.013403017289453634,0.08162019,0.11556858,0.8947035033493733,1e-05
8,50,0.0010378541381758741,0.024669068,0.032220412,0.9929606052100992,0.013165061694086978,0.08039205,0.11451036,0.894537654436583,1e-05
8,51,0.0009222482466416337,0.023273194,0.030374235,0.9937318051447601,0.01329732907039148,0.0815643,0.11507251,0.8961079167741045,1e-05
9,1,0.19882894568493434,0.320029,0.44599792,-0.06988888186846431,0.07841634474418781,0.20887895,0.27991056,0.17807368147237668,1e-05
9,2,0.0629641783737064,0.19411184,0.25096047,0.4779037100688069,0.03725232421937916,0.15515234,0.19358137,0.7020527796513888,1e-05
9,3,0.038209417795710195,0.15353876,0.1954864,0.7183109861527052,0.027675798438765383,0.12625085,0.16713214,0.7746401102453271,1e-05
9,4,0.03285329345239448,0.14123812,0.18125334,0.7653902755733101,0.026673835288319323,0.1245633,0.16400856,0.786624077563785,1e-05
9,5,0.029469658239857754,0.13408297,0.17163458,0.7931278455681262,0.023726141597661708,0.114622146,0.15462832,0.8090347695052346,1e-05
9,6,0.026144387707479785,0.12512133,0.16166407,0.8171673226426676,0.02308263320958725,0.11012427,0.15264957,0.8121150303421294,1e-05
9,7,0.02382275944784562,0.12045069,0.15437926,0.8323289959295708,0.03060200320625747,0.13432352,0.17573948,0.821127821554038,1e-05
9,8,0.02065821666385822,0.11113605,0.14374714,0.8552460341911453,0.021114173121060485,0.11054499,0.14602026,0.822986892017206,1e-05
9,9,0.020439264688762688,0.112379864,0.14296226,0.8574654033762739,0.02082772613330572,0.10768783,0.14493753,0.8332592334993925,1e-05
9,10,0.017553910929666152,0.10344709,0.13248907,0.8776912147717512,0.025599805138039368,0.12133336,0.16074303,0.8270108316815588,1e-05
9,11,0.017634258535908203,0.10427722,0.13280411,0.8803671361923471,0.020792868781696866,0.110417075,0.14471067,0.8370049142134848,1e-05
9,12,0.013741690141614527,0.09250739,0.11722791,0.905544496438586,0.021500320432500705,0.11003595,0.14722474,0.8398223616948014,1e-05
9,13,0.013262546757262236,0.09006444,0.11518156,0.9096972548895292,0.023743838382263977,0.11810618,0.15476546,0.8308380276974562,1e-05
9,14,0.012371436181417275,0.08706818,0.11121103,0.9156480009508599,0.021978491900005826,0.11229928,0.14886442,0.8594747824780528,1e-05
9,15,0.011995852616437163,0.085712604,0.10952305,0.9192009689286764,0.017810260980493493,0.101750426,0.13391255,0.8602839646437475,1e-05
9,16,0.011390429839848707,0.08422466,0.10672622,0.9235066181860468,0.018893250609161676,0.10254848,0.13783984,0.8581214932377945,1e-05
9,17,0.010143931479645875,0.07911054,0.10072148,0.9319710453253908,0.018722500462360955,0.101375125,0.13720527,0.8518727633336146,1e-05
9,18,0.009353595179784173,0.07666304,0.09666309,0.9371141429098593,0.02054793965416374,0.11009974,0.14383024,0.8466206629911386,1e-05
9,19,0.009106465530468622,0.076322734,0.09542444,0.9392240858209143,0.02051464147451851,0.10613122,0.14379765,0.8375755953842567,1e-05
9,20,0.009122433000250727,0.074986935,0.09552371,0.9386819088498691,0.01825968798732868,0.10280102,0.13549319,0.8618158551226495,1e-05
9,21,0.008244105613089785,0.07222104,0.09080611,0.9451082420998286,0.019012558325711224,0.1058401,0.13838488,0.8451285811626673,1e-05
9,22,0.008059385153203855,0.07004027,0.089798264,0.9454435150886421,0.017842874500072665,0.09685858,0.13394141,0.8588342891477081,1e-05
9,23,0.0068230671524157245,0.065528184,0.08260153,0.9539195956394215,0.018570211871216696,0.100428745,0.13651529,0.8633979431299443,1e-05
9,24,0.007780969836509778,0.0687375,0.08821938,0.9484160588226453,0.019045813302337018,0.102011144,0.1382828,0.8493370658820162,1e-05
9,25,0.006676767258328237,0.06468577,0.08171172,0.9552227914899935,0.018737001413548435,0.09982201,0.13721436,0.8587483401502252,1e-05
9,26,0.006409451571373687,0.06328077,0.08005869,0.9570047994945631,0.018076901479313772,0.100170836,0.13457459,0.8605157290359271,1e-05
9,27,0.006035824424900533,0.06119265,0.077702984,0.9594877618883519,0.015865658013219083,0.093171835,0.1262235,0.8736366378199889,1e-05
9,28,0.00594576882366004,0.060634527,0.07711055,0.9601107809757404,0.016071444187589264,0.09241178,0.12702215,0.8751271851791853,1e-05
9,29,0.005485999425405323,0.05864888,0.07408231,0.9630473228220484,0.01567497146660807,0.08979177,0.12559023,0.8738164885332017,1e-05
9,30,0.005250529821300618,0.058185697,0.07247733,0.9649137096374252,0.01892613682516471,0.09984939,0.13768768,0.8699408972158894,1e-05
9,31,0.005071054863097215,0.056125145,0.071223415,0.9657992653500445,0.0182480338477978,0.0981412,0.13528456,0.8665019596803144,1e-05
9,32,0.004464245542490019,0.05267929,0.06682975,0.9699947212648333,0.015709403074449964,0.09229044,0.12557426,0.8728113226517854,1e-05
9,33,0.004430853555285781,0.052594006,0.06654951,0.9699303336233562,0.01747041611276843,0.09506225,0.13228002,0.8756741204355042,1e-05
9,34,0.003932582643688178,0.04929758,0.062726304,0.9735246429329569,0.018152275657350267,0.09753359,0.13495335,0.8640270873452348,1e-05
9,35,0.003981509318283681,0.04949346,0.06309921,0.9730130940338731,0.01698858180531749,0.09265982,0.13036695,0.8774673220699352,1e-05
9,36,0.003460389619342826,0.046501752,0.05880803,0.9767179864592468,0.015247581604247292,0.08749202,0.12366977,0.8806165657123209,1e-05
9,37,0.0033032244632225137,0.044726618,0.05748311,0.9776256793708404,0.016308763008392242,0.09318494,0.127947,0.8736223114627796,1e-05
9,38,0.0031192170775785964,0.043539897,0.0558597,0.9788681845804016,0.01658053116665946,0.09811992,0.12874176,0.8718023125131014,1e-05
9,39,0.002985309490120195,0.043344136,0.054630306,0.9797992282992248,0.014138758790472316,0.08539347,0.11903515,0.8857604943864523,1e-05
9,40,0.0026134707816445626,0.039919123,0.051119484,0.9823217037266146,0.016016483669065766,0.09340677,0.1266816,0.872229528956091,1e-05
9,41,0.0028677789218180864,0.04211628,0.053546842,0.9805530918923985,0.018833026082979307,0.10106041,0.13744842,0.8811334420861238,1e-05
9,42,0.0024753903227430663,0.038812347,0.04974604,0.9833013229677574,0.016159077675116283,0.091466665,0.12730427,0.8782283739896481,1e-05
9,43,0.002260493320765444,0.0372836,0.047552582,0.9846495889524997,0.017204561650201126,0.09274926,0.13139014,0.8737934387490599,1e-05
9,44,0.0023748181394745256,0.038289074,0.04872941,0.9838883697498392,0.014896367788659754,0.08634103,0.122342184,0.8850493927264164,1e-05
9,45,0.0021971580464986945,0.036908355,0.04688007,0.9851323552729278,0.015895070809939946,0.09191959,0.12639381,0.8844421098532355,1e-05
9,46,0.002188459639034939,0.03685543,0.046782266,0.9852271610359551,0.014855729510869694,0.086851165,0.122064665,0.8837979437142425,1e-05
9,47,0.0020296834739714983,0.035244785,0.04505442,0.9862530269092852,0.014653706405725744,0.08902642,0.121369615,0.8844079060921144,1e-05
9,48,0.002135977856817581,0.036187585,0.046217583,0.9855079745532193,0.014852043663806937,0.09043369,0.122216314,0.8807868852288309,1e-05
9,49,0.0018854314333783184,0.03344034,0.04340869,0.9872156549818383,0.014626097235897625,0.087196276,0.12113775,0.8826314940116315,1e-05
9,50,0.0017985063084133544,0.033018883,0.042411406,0.9878368242457927,0.014420145010161731,0.086666234,0.12032049,0.8842840974645425,1e-05
9,51,0.0017842567488676258,0.032804504,0.04224772,0.9878893571959477,0.014670545726807581,0.08765534,0.12121252,0.884773787865652,1e-05
9,52,0.001714838375489741,0.032444417,0.041419946,0.9883715031079108,0.014818094705265981,0.088034004,0.12191883,0.8804383394207264,1e-05
9,53,0.0016606379748881298,0.031717803,0.040734082,0.988749519300974,0.014313988482441616,0.08708696,0.11969944,0.8845536828879442,1e-05
9,54,0.0016380894152479132,0.031607818,0.04047911,0.9888977088797964,0.015002424733851242,0.08849942,0.12261977,0.880712598021045,1e-05
9,55,0.0015765379962813823,0.031080227,0.03971258,0.9892979626790772,0.014728037416245099,0.086321004,0.12149039,0.8850506673383505,1e-05
9,56,0.0015363962736054733,0.030953363,0.03920095,0.9895750032795465,0.016336069606175577,0.09112033,0.1279693,0.8780908304746535,1e-05
9,57,0.001456582126839774,0.030042283,0.03816978,0.9901204058512676,0.014582672449587672,0.0850549,0.12074154,0.8858126055442932,1e-05
9,58,0.0015082774862264082,0.030269464,0.038832452,0.9897592018657848,0.01481175545120129,0.08666896,0.12182337,0.8857169419024987,1e-05
10,1,0.05179189156009772,0.17554335,0.22757319,0.6611692803647219,0.03220533231204307,0.1414791,0.17990065,0.778469105279624,2e-05
10,2,0.02281037861672796,0.11863481,0.15094444,0.840239159114151,0.031693103792214836,0.14337543,0.17856428,0.8421057237516697,2e-05
10,3,0.016967549451156826,0.101272896,0.13023475,0.8813536300916915,0.01726306002173159,0.10167445,0.13156193,0.8705591123276132,2e-05
10,4,0.011348057928860676,0.082659364,0.10652085,0.9215694198957904,0.019549675294439548,0.10606911,0.14017409,0.8469168101327225,2e-05
10,5,0.009333606683170405,0.07554598,0.09661491,0.9356531432169662,0.01538572088746285,0.09449421,0.124061644,0.8815858224196782,2e-05
10,6,0.006955347852955494,0.06426681,0.08339307,0.9522389836982403,0.016287154397340835,0.09545854,0.12784964,0.8725546789793577,2e-05
10,7,0.005900392671133104,0.05968532,0.07682599,0.9596053391988467,0.015904729306283925,0.08969395,0.12630016,0.884903493683174,2e-05
10,8,0.004826556686660119,0.053700503,0.0694575,0.9669944724720777,0.0159943590492562,0.09101082,0.12668435,0.8771152059092808,2e-05
10,9,0.004200064059549281,0.049925044,0.06481998,0.971354294030433,0.01712045014008052,0.09250347,0.13087597,0.8813655436215451,2e-05
10,10,0.0037237079362559054,0.047222324,0.061022017,0.9746206042306969,0.014852460482399221,0.08842248,0.122171424,0.879169076012716,2e-05
10,11,0.0034146830421887668,0.044939253,0.058447354,0.9767248956321882,0.014154250975008364,0.086940244,0.11919887,0.8899329004577435,2e-05
10,12,0.0029743688733743453,0.04190132,0.05452986,0.9797216638699999,0.014718121202248666,0.08911084,0.12149456,0.8879047714139482,2e-05
10,13,0.0032181831444755074,0.043635447,0.056742746,0.97809262216361,0.014715372412293046,0.08657255,0.12147543,0.8832707206377074,2e-05
10,14,0.002698653566223465,0.04012635,0.051956773,0.9816178109401467,0.016974923390619182,0.0946913,0.13040386,0.8816852227219617,2e-05
10,15,0.0024893176479419588,0.038132783,0.049882323,0.9830417056529525,0.013948006288113969,0.08615723,0.1181283,0.8869268507159912,2e-05
10,16,0.002423897238990083,0.038310897,0.049238984,0.9834991384954689,0.01488498249091208,0.089096814,0.121961474,0.8823113395451144,2e-05
10,17,0.0027938526818446084,0.04065802,0.05286146,0.9810214262298523,0.013839892801587228,0.085001074,0.11763303,0.8932206354661604,2e-05
10,18,0.0022757127663451376,0.036605105,0.04766536,0.9845111030051965,0.013243581789235273,0.08288514,0.11504437,0.896702508117781,2e-05
10,19,0.002166794227989974,0.035943158,0.046548054,0.9852522242656104,0.013539513590297213,0.083556116,0.11634924,0.8918376375929807,2e-05
10,20,0.001883371503018365,0.03382412,0.04339842,0.9871881290832344,0.014277641428634524,0.08695399,0.119492106,0.8943579176932899,2e-05
10,21,0.001701426603635512,0.032071106,0.041255675,0.9884202392790264,0.013415648041430998,0.0833214,0.11579855,0.8944763342634261,2e-05
10,22,0.0018777141065193148,0.03311865,0.043325964,0.9872252975342489,0.013248337501728977,0.08539798,0.11518571,0.8956015624866568,2e-05
10,23,0.0017960743618765673,0.032628197,0.042376764,0.9877866606044795,0.015315873005116979,0.09125248,0.12373811,0.8960261885269615,2e-05
10,24,0.0016559214728599345,0.03108489,0.040696077,0.9887344799060412,0.01334366074728745,0.08197864,0.115478285,0.8926936068287594,2e-05
10,25,0.001671870641024657,0.03133362,0.040891577,0.988619961903223,0.013138939454047769,0.083399855,0.11453482,0.8945982345270892,2e-05
10,26,0.0014660022174313918,0.029600423,0.03828519,0.9900269486862133,0.013816423015668988,0.0842461,0.11739225,0.8944417895901222,2e-05
10,27,0.0015832684166695722,0.030260434,0.039791837,0.9892355111283829,0.013431217029897703,0.08416975,0.11595358,0.8913334877863445,2e-05
10,28,0.0015452456267259006,0.030521957,0.039313853,0.9894852178830212,0.01286297693365702,0.08170293,0.11334959,0.9036736955593344,2e-05
10,29,0.0013770637654309883,0.028484253,0.037102733,0.9906432250235052,0.01384929813341134,0.084768325,0.11769444,0.8903966218752016,2e-05
10,30,0.001351148162429356,0.027398909,0.036764253,0.9908027989798354,0.013939172288195955,0.0846371,0.11808447,0.8906281413891887,2e-05
10,31,0.0012918104456109865,0.027888779,0.035942394,0.9912208998623727,0.013289705177562105,0.08348617,0.11523382,0.8929585863702524,2e-05
10,32,0.0013146567258768428,0.0282037,0.03625991,0.9910559214696906,0.013022073147887434,0.08117899,0.11401647,0.8968554870789913,2e-05
10,33,0.0012380861267259793,0.026738344,0.03519599,0.9915830398953268,0.0140089962148556,0.08571965,0.11835646,0.8946615241883767,2e-05
10,34,0.0012132264758029378,0.026408024,0.034838364,0.991737350025195,0.012921685775465987,0.08064028,0.11360515,0.8997372893623302,2e-05
10,35,0.0013741024320501243,0.028150976,0.037060905,0.9906656204012655,0.013785531265764601,0.08393944,0.11735844,0.8942106168997761,2e-05
10,36,0.0012195571407998878,0.02608361,0.034917656,0.9917189435463667,0.013119972060882935,0.082471155,0.11459383,0.8967521779443229,2e-05
10,37,0.0011726386771536276,0.026428895,0.034246523,0.9920215351219458,0.013564885447353677,0.08508186,0.1162237,0.8907667757097025,2e-05
10,38,0.0010539955304768023,0.025185313,0.032464292,0.9928311154250935,0.013011245910699168,0.08186765,0.11400038,0.8973361275595252,2e-05
10,39,0.0010790105967724774,0.024691785,0.032828793,0.992679492648069,0.01296290043844945,0.082585365,0.11380612,0.8958841240967518,2e-05
10,40,0.001035313756138774,0.02463993,0.03215792,0.9929655177085911,0.01356991141586116,0.08348125,0.116433345,0.8981179703871027,2e-05
10,41,0.0009526465045017295,0.02318364,0.030865341,0.9935271004434773,0.01365283199723948,0.08363843,0.11674362,0.8993297775240549,2e-05
10,42,0.0009323376144264024,0.02303519,0.030535884,0.9936619846212108,0.013458028435707092,0.08350298,0.11588806,0.8939852206957879,2e-05
10,43,0.0008900056304937777,0.022557288,0.029831285,0.9939476854856142,0.013656275536589048,0.08511826,0.116724886,0.8965230603572919,2e-05
10,44,0.0009233858906903313,0.022833671,0.030394856,0.9937208579731122,0.013030377734038565,0.08168874,0.11418161,0.8972974899084056,2e-05
10,45,0.0008710766465198597,0.022500282,0.02951995,0.9940763486288355,0.013585716667067673,0.08377167,0.11653654,0.8950527631698737,2e-05
10,46,0.0008256795917646894,0.021726998,0.02873808,0.9943891979154531,0.013200934941845911,0.08245425,0.11477487,0.8966220402107472,2e-05
10,47,0.0007339343668650357,0.020674698,0.027090155,0.9950127093514026,0.013517838385370042,0.08380731,0.11629669,0.8987651121980436,2e-05
11,1,0.13737255690192857,0.29079032,0.37066653,0.11059623275964559,0.06153966662370496,0.19483876,0.24784748,0.4492096751523625,2e-05
11,2,0.050605167739232564,0.17524724,0.2249936,0.6070058981287766,0.03306002047395817,0.13370216,0.18180758,0.7396948821141296,2e-05
11,3,0.03425777409765347,0.14359532,0.18510473,0.7568162908509305,0.027697461898680085,0.123565815,0.16632302,0.7991384031150568,2e-05
11,4,0.030783843703863917,0.1346922,0.17546253,0.785159148136729,0.02347186794159589,0.10956578,0.15336514,0.8164781782629725,2e-05
11,5,0.026170714823616163,0.12668258,0.16170359,0.8188621344681045,0.025605151809200092,0.11614891,0.16012439,0.8175040247928612,2e-05
11,6,0.02299512666214919,0.11889028,0.15163869,0.8435494242829944,0.022323774674010498,0.11043354,0.14972557,0.8182514217136767,2e-05
11,7,0.020974802560495023,0.11318554,0.14485304,0.8558740745219379,0.02163177170721745,0.10430607,0.1468338,0.8339198823464127,2e-05
11,8,0.01747992539573809,0.103452556,0.13220072,0.8789707391813716,0.020471376677354176,0.10804869,0.14334685,0.8441622014210565,2e-05
11,9,0.016098055309642142,0.09948021,0.12689105,0.8892206330000676,0.01873447416626193,0.10366097,0.13695905,0.8541943228727811,2e-05
11,10,0.014012437645633157,0.09321898,0.11836684,0.9050095766190469,0.03744450766869165,0.15700375,0.1931338,0.8499305772801368,2e-05
11,11,0.012502408646282121,0.08886399,0.11182171,0.9150296716358968,0.017920154759108468,0.096454404,0.13388734,0.8554172475580157,2e-05
11,12,0.011469400685311026,0.08393566,0.1070988,0.9220757735820311,0.022658787236583454,0.11165861,0.15058607,0.8595558399658364,2e-05
11,13,0.010236237401025213,0.0800975,0.10118697,0.931005311104454,0.018477288669803076,0.10010184,0.1359808,0.8502283308890076,2e-05
11,14,0.008880484321537627,0.075368196,0.094241016,0.9395094844749231,0.017735232797416824,0.09707654,0.13293421,0.8634937166847878,2e-05
11,15,0.008168933626969353,0.0714557,0.09039279,0.9446020327222923,0.017575081593046587,0.10027474,0.13274275,0.8612991883021075,2e-05
11,16,0.007356803289779993,0.06740425,0.08578469,0.9500871196067165,0.019830689261046548,0.1012449,0.14113317,0.8485134702147971,2e-05
11,17,0.0072525499376879625,0.06626758,0.085173674,0.9509282969677317,0.017405652734278527,0.09615753,0.13225017,0.8658558983129878,2e-05
11,18,0.006059867558646164,0.060781896,0.07778968,0.9588291181003442,0.017389767074578063,0.09574102,0.13227941,0.8586948777688453,2e-05
11,19,0.006088564186531041,0.06097841,0.077997796,0.9587946649271368,0.018377659850995296,0.09881037,0.13582146,0.8766874165557658,2e-05
11,20,0.005607416970539994,0.05859518,0.07486868,0.9619079367150675,0.02118901711785131,0.11015042,0.14603071,0.8704952599563488,2e-05
11,21,0.004975510496351319,0.054864455,0.07054776,0.9662716906919184,0.017152836197055876,0.091849886,0.13106078,0.8751709520480538,2e-05
11,22,0.004646444941678293,0.052541897,0.06815886,0.9684166653076619,0.015749639180419897,0.08866569,0.12553354,0.8819953045973019,2e-05
11,23,0.004731952202414972,0.054318707,0.0688049,0.9677962810984415,0.01799056088310425,0.097742625,0.13409498,0.8793955078374157,2e-05
11,24,0.004180227753936931,0.050732788,0.06465655,0.9716124092891004,0.01601246632290659,0.09163712,0.12660934,0.8732884594009198,2e-05
11,25,0.00416132932089304,0.049842875,0.06451888,0.9716203109877394,0.015605895538572912,0.09088495,0.12501818,0.8836954056192183,2e-05
11,26,0.003991219069031894,0.04923942,0.063173465,0.9728557765243309,0.01504439526858429,0.08947598,0.122815296,0.8913539914913845,2e-05
11,27,0.0037879316651949955,0.04755821,0.0615468,0.9741567338763653,0.014921307632768596,0.08958356,0.12219641,0.8820182382216759,2e-05
11,28,0.0038972785514148353,0.048432875,0.06242306,0.9734185610802615,0.01675762851826019,0.092812695,0.12957935,0.8808213771073257,2e-05
11,29,0.003540118442245576,0.04617785,0.059503768,0.9758812074791875,0.014634035294875503,0.088414885,0.1210954,0.8812226847169816,2e-05
11,30,0.003135880763276924,0.043107755,0.056004047,0.9786482860040401,0.014751140528393013,0.08558575,0.121656135,0.8886344077855896,2e-05
11,31,0.0029241609989304235,0.04193471,0.054078463,0.9800688516994946,0.0134247619210294,0.08431239,0.1159285,0.8939211158441083,2e-05
11,32,0.0028926623852164094,0.04150159,0.05378335,0.9803379622688801,0.017080411470184725,0.093411565,0.13077857,0.8833742026340988,2e-05
11,33,0.003012820824253956,0.042328883,0.05489305,0.9794657745272155,0.01745370323597281,0.09574355,0.13203031,0.8937121424682103,2e-05
11,34,0.002531868878781369,0.039069403,0.05032625,0.9827495006784718,0.01655268943351176,0.09197391,0.128766,0.8837389035794522,2e-05
11,35,0.002257978357184269,0.036748532,0.047523394,0.9846231618047357,0.013442882414286336,0.082741715,0.116000295,0.8934673473609324,2e-05
11,36,0.002094568663753273,0.034892898,0.04574974,0.9857553941227105,0.014278353010821674,0.083718985,0.11946192,0.8910277589084618,2e-05
11,37,0.002029552276487784,0.035290137,0.045052335,0.9861830896235606,0.015469975985103735,0.090295315,0.124276325,0.894400851057558,2e-05
11,38,0.0020285088152224287,0.034620494,0.045038763,0.9861935916739031,0.013853428531783047,0.08398334,0.11768925,0.8922072221897394,2e-05
11,39,0.00183848892670412,0.032978907,0.042883262,0.987481864075379,0.013786358362132753,0.08421956,0.11748524,0.8926062647350668,2e-05
11,40,0.0017673261372522652,0.032618735,0.0420283,0.9879908162157842,0.01434824680392113,0.084439166,0.11980981,0.8900237452335837,2e-05
11,41,0.001780723674205419,0.03247937,0.042197336,0.987863784445962,0.014696264561886588,0.08696432,0.121301934,0.8923206250716564,2e-05
11,42,0.0016178636278284747,0.030711394,0.04022719,0.9890027533294572,0.015712447041921592,0.09117272,0.12542972,0.8942602005394846,2e-05
11,43,0.0014611630031140521,0.029404948,0.038224876,0.9900583506679941,0.01384952786826977,0.08556019,0.11771418,0.8982452449023026,2e-05
11,44,0.0016525825278868324,0.031656712,0.0406397,0.9887808663832701,0.013799483133307486,0.08452758,0.11754847,0.8934985645312427,2e-05
11,45,0.0015868853944110048,0.031006962,0.03984165,0.9891895016978123,0.01411189516592357,0.08571777,0.11882041,0.8934619719624186,2e-05
11,46,0.00148095216949701,0.029572006,0.038480476,0.989940877114777,0.015111760339803167,0.08839035,0.122811906,0.8962901746421632,2e-05
11,47,0.001500774202264506,0.029688137,0.038732015,0.9897905792955344,0.0128276986932313,0.08166884,0.11322756,0.9013689268478556,2e-05
11,48,0.0012811649102221513,0.027504249,0.035794985,0.9912878203542081,0.013049705937090848,0.08282208,0.11423061,0.894911734635534,2e-05
11,49,0.0012438576005504762,0.02718787,0.035241973,0.9915503285311131,0.012920734645039946,0.08214242,0.11372134,0.8963135254535395,2e-05
11,50,0.0011744247646088425,0.026305774,0.034272272,0.9920156827410915,0.014099952842419347,0.086673506,0.118652456,0.9008862423286605,2e-05
11,51,0.0012259581874948316,0.026718402,0.03501685,0.991669379493831,0.012804796229358073,0.082720995,0.11294452,0.9001963609944551,2e-05
11,52,0.0013380732604087043,0.027720341,0.03657213,0.9908983409934549,0.012651539209333283,0.081270315,0.112417765,0.8979833944604276,2e-05
11,53,0.0011827559597957793,0.026345458,0.034393247,0.9919559293875424,0.013414301133404175,0.082936086,0.115685396,0.8982692045523036,2e-05
11,54,0.0012199536498220395,0.026656006,0.034916796,0.9917039407731346,0.013812612862912592,0.08477842,0.117525905,0.8934485424733545,2e-05
11,55,0.001105457750025584,0.025211627,0.033255547,0.992476007234871,0.013185390271246433,0.08171575,0.11473826,0.8967309785313643,2e-05
11,56,0.0010882955476033468,0.024751116,0.0329914,0.992604754606038,0.01360152279354494,0.08334463,0.116600886,0.8956995443226379,2e-05
11,57,0.0011130125974071056,0.025065387,0.033360757,0.9924362208000267,0.013389852484343228,0.08341935,0.11564208,0.8943570636181576,2e-05
11,58,0.0010488159866420396,0.024498861,0.03239145,0.9928658582878692,0.012968749170088105,0.083122775,0.113868594,0.8983375757547606,2e-05
11,59,0.0009659987599066694,0.024150848,0.031080958,0.9934388887573916,0.01332549278244928,0.08520114,0.11549649,0.8955418375007068,2e-05
11,60,0.0009277603790549143,0.023180839,0.030462753,0.993687949293053,0.013694880521614794,0.08461459,0.1169774,0.8976607675572011,2e-05
11,61,0.0008526689573011587,0.022136431,0.029199462,0.9942028271584101,0.01297246554814693,0.08243552,0.11374368,0.8984406749361943,2e-05
11,62,0.0008009667931601653,0.021402877,0.028307592,0.9945567786040169,0.012672349146601779,0.08178517,0.11248482,0.9020450546381316,2e-05
11,63,0.0008444687274472884,0.021801403,0.029059812,0.9942627843548827,0.014053166179952246,0.08661975,0.11845176,0.8977683221058237,2e-05
11,64,0.0008026034692337706,0.021643156,0.028336259,0.9945415155105228,0.013010003215943774,0.08296406,0.11396146,0.8993449709953849,2e-05
11,65,0.0007830380873201648,0.02100441,0.027988834,0.9946781315973048,0.013048941907645375,0.08162751,0.1141965,0.8988610183232543,2e-05
11,66,0.0007318467337384637,0.020089997,0.027057687,0.9950232958381972,0.01285484534929748,0.08228909,0.11326047,0.8982228658766471,2e-05
11,67,0.0006696682660127816,0.019486038,0.025882557,0.9954476512690908,0.01333647425700393,0.08359199,0.11535589,0.8977229027356489,2e-05
11,68,0.0006576394836679993,0.019452337,0.02563719,0.9955333237860601,0.01223844399727467,0.08029441,0.11050034,0.9023899368009767,2e-05
11,69,0.0007000702788450029,0.020099992,0.02646174,0.9952457501525543,0.014222387146825591,0.08628099,0.119190335,0.8974173602802292,2e-05
11,70,0.0006416334789863757,0.018797264,0.025334638,0.9956388787444734,0.012844489870110044,0.08131271,0.11318224,0.8986225132758143,2e-05
11,71,0.0006372584882577191,0.019041857,0.025245486,0.9956691986032205,0.01293929475704553,0.08182075,0.113724485,0.8980420193705259,2e-05
11,72,0.0005863497462826749,0.018504618,0.02419487,0.9960246280995713,0.013429533052085727,0.08418847,0.11586501,0.8963400540090374,2e-05
11,73,0.000623316716933982,0.018583905,0.024971563,0.9957638680899975,0.014095791831129679,0.08626342,0.11863938,0.8952198224828358,2e-05
11,74,0.0005389069431819344,0.017190058,0.023217404,0.9963372556676465,0.013136139036052756,0.08335305,0.11463028,0.8972550771533561,2e-05
11,75,0.0005840579179276344,0.018130194,0.024158858,0.9960357749389851,0.01266629954248115,0.08169785,0.11256592,0.900145037301773,2e-05
11,76,0.0005188401535752602,0.016979804,0.022779452,0.9964748338803825,0.013286208501085639,0.08330851,0.11523127,0.8996157830502999,2e-05
11,77,0.0005343979066531566,0.017303696,0.023117915,0.996370231640549,0.013246670330840128,0.08309485,0.11507859,0.899540663860117,2e-05
11,78,0.0005393762143982126,0.017037312,0.02320361,0.9963447860438546,0.013297623282091485,0.08325968,0.11529568,0.8990315822283015,2e-05
11,79,0.0005075261315736684,0.016482582,0.022510216,0.9965568621289789,0.013313389564346936,0.082569174,0.1152509,0.8989239970949301,2e-05
11,80,0.0005024750809123735,0.01663511,0.022418205,0.996587248755668,0.01307764640767817,0.08207463,0.114224724,0.9008862185201655,2e-05
11,81,0.0004861485003602526,0.016074212,0.022042893,0.9967007942468487,0.013732345334978567,0.08413136,0.11708425,0.8980388389705365,2e-05
11,82,0.0004763174403927215,0.015919508,0.021823784,0.9967631410416907,0.012914694233418064,0.08181041,0.113568604,0.9022551260656809,2e-05
11,83,0.0004332283786204252,0.015174096,0.02081811,0.9970591879953746,0.013022092757401642,0.08208813,0.1140187,0.9002955399190248,2e-05
11,84,0.0004146544875069271,0.0148873925,0.02036467,0.9971836475175343,0.013391480582800729,0.08383398,0.11564625,0.9000527550081459,2e-05
11,85,0.00047452053114054857,0.016112376,0.021788603,0.9967770049363814,0.013246510505538297,0.08279036,0.115018785,0.900464422286939,2e-05
11,86,0.00041100469861363463,0.014944598,0.020265695,0.9972112143004322,0.013492356114848345,0.08440006,0.11607677,0.8998417756831294,2e-05
11,87,0.0004228950391029047,0.014794365,0.020564994,0.9971268962623956,0.01323525357508549,0.0836046,0.11497741,0.8998605292791938,2e-05
12,1,0.06828018279189121,0.19864456,0.26131567,0.5375323758269972,0.05278912279754877,0.18792874,0.22904943,0.7299026098471131,5e-05
12,2,0.03470172241295331,0.14527358,0.18624325,0.7436103573911065,0.03845884157689633,0.15228127,0.196647,0.7744708525083676,5e-05
12,3,0.02693952749174297,0.12527117,0.1641622,0.806180126018636,0.02244824616031514,0.10910088,0.15035321,0.8172034282933195,5e-05
12,4,0.020699687959260752,0.111751705,0.14390329,0.8562217326350743,0.02657797718765559,0.11418708,0.16337344,0.8301016271935038,5e-05
12,5,0.014628774032244789,0.09458761,0.12096115,0.8987917485420436,0.019676350626266666,0.11013298,0.14096454,0.8444426059027836,5e-05
12,6,0.012408498733382777,0.086885266,0.111367494,0.9139122860022713,0.022732616152131447,0.10557973,0.15128298,0.8287132920363531,5e-05
12,7,0.009616821303106322,0.075974025,0.09806889,0.9335123516952194,0.019776851369964855,0.1006913,0.14134945,0.8633687269723873,5e-05
12,8,0.007913561791908344,0.06992044,0.08896403,0.9453728035803434,0.01796443272313034,0.0934213,0.13460523,0.8723497503279696,5e-05
12,9,0.006952231781444051,0.06523681,0.083393425,0.9522965038196982,0.018128599109197105,0.09431978,0.13502568,0.8630698020041117,5e-05
12,10,0.005091926736036908,0.05563269,0.07135915,0.9650421479086997,0.016884570837848716,0.09499928,0.13019852,0.8654788552534811,5e-05
12,11,0.004392010781850892,0.05193953,0.06626683,0.9698829235157449,0.01609329415347289,0.09364921,0.12735988,0.8779735481912645,5e-05
12,12,0.004152744655414684,0.049921792,0.06442572,0.9715987996166953,0.02021558376684509,0.102818735,0.14255875,0.8679932390361437,5e-05
12,13,0.003749993534554144,0.048059557,0.061243184,0.9743326329564708,0.01534569269494602,0.089023694,0.124385774,0.8751781592232187,5e-05
12,14,0.0033367886319517147,0.044958234,0.05777233,0.9771795834587905,0.017659963832961187,0.09303327,0.13324481,0.8761720793109853,5e-05
12,15,0.003185159716892239,0.04344261,0.05643822,0.9782623604744088,0.015559271452258583,0.08979589,0.12522037,0.8835959067781383,5e-05
12,16,0.002732943387965402,0.040473912,0.052282855,0.9813309152454315,0.017152704143275816,0.09109778,0.13121589,0.876219694324312,5e-05
12,17,0.0026587639693508064,0.039636225,0.0515662,0.9818383673383174,0.013939887595673403,0.08238968,0.11857741,0.8899513718892613,5e-05
12,18,0.002686433840005019,0.040522322,0.05179551,0.9816893319706353,0.013908569011147376,0.082354955,0.118449904,0.8877033768641328,5e-05
12,19,0.0028188812351137155,0.041223887,0.05307884,0.9807948752757891,0.015659526688978076,0.09315075,0.12567475,0.8780383603922095,5e-05
12,20,0.002916383919595506,0.042260062,0.05397786,0.9800911079023812,0.014318802419842945,0.085825056,0.12005605,0.8867005732542899,5e-05
12,21,0.0025768343871404964,0.0398112,0.050768692,0.9824050479208009,0.01607559486809704,0.09004851,0.12720898,0.8761031164469826,5e-05
12,22,0.002763463335876597,0.040679775,0.052568838,0.9811541673567288,0.01573586892509074,0.08827665,0.12582532,0.8762749092306799,5e-05
12,23,0.0021291863330733466,0.035298828,0.046146292,0.9854625801463857,0.017890720679942105,0.09768622,0.13396923,0.8838583779391729,5e-05
12,24,0.002083574046006004,0.03535573,0.045650292,0.9858082666790932,0.013676197414665862,0.084303595,0.11717985,0.8929034930523868,5e-05
12,25,0.002203256528956215,0.03613482,0.046943855,0.984974406277743,0.01728631086923458,0.09188218,0.13167183,0.8749951902515136,5e-05
12,26,0.0018424205482006073,0.032705635,0.04292969,0.987434546692912,0.014301615448116704,0.08501931,0.11996966,0.8877830724413872,5e-05
12,27,0.0019974412850651533,0.034824926,0.044694904,0.9864000039503632,0.015200925085486637,0.086734936,0.12369872,0.8851549126917139,5e-05
12,28,0.001713682099889581,0.032071885,0.04139503,0.9883340343844584,0.014524106608910693,0.08501748,0.12091957,0.8863326412534868,5e-05
12,29,0.0016718250396063063,0.031612188,0.04089419,0.9886034081275102,0.017590771575837775,0.09242238,0.13291351,0.8721096093136411,5e-05
12,30,0.0016323617081104552,0.031139964,0.040399622,0.9888954721212526,0.013715516120471337,0.08655186,0.1174524,0.8900999644146069,5e-05
12,31,0.001488374194204285,0.029936356,0.03858583,0.9898598117653029,0.015072895110481314,0.0851596,0.123211965,0.8874808481794071,5e-05
12,32,0.0014447521619067884,0.029346384,0.038005836,0.9901584521829764,0.013567565293568704,0.08332873,0.116861835,0.8895445499768482,5e-05
12,33,0.0014013869411972455,0.028750747,0.037434973,0.9904693423473606,0.01607971687163054,0.08832596,0.12717797,0.888560951162952,5e-05
12,34,0.0013847100175400351,0.02828863,0.0372118,0.9905730017412707,0.01761659542616043,0.09181164,0.13318917,0.8789983061650228,5e-05
12,35,0.0013437297463930586,0.028146321,0.036663543,0.9908578129674468,0.013404203294258978,0.08403398,0.11599714,0.8919185909657396,5e-05
12,36,0.0012988581332469482,0.027865805,0.036027707,0.9911651612265363,0.016005362728955568,0.08998054,0.12690689,0.8824817033174707,5e-05
12,37,0.0011364931336421277,0.026004732,0.033719,0.9922659788445801,0.014390329925205421,0.08448775,0.12005624,0.8847040651954174,5e-05
12,38,0.0010353753671798612,0.024660107,0.032175202,0.9929598833676523,0.016667342770637736,0.0926534,0.12946521,0.8820588824139796,5e-05
12,39,0.001138623682746694,0.025791882,0.03374932,0.9922539449456339,0.01492923655529955,0.086368114,0.12242739,0.883817033568813,5e-05
12,40,0.0011432694876267332,0.025924765,0.033798963,0.9922322557885711,0.014989192869203785,0.08758819,0.12265378,0.8837981597620335,5e-05
12,41,0.001076598453862325,0.025512967,0.032812692,0.9926726941983213,0.01587775143518768,0.08966066,0.12642035,0.8774975954728065,5e-05
12,42,0.0010662586993301748,0.024981104,0.03265533,0.9927511246231194,0.015429069141477899,0.088719904,0.12459398,0.8823537200962206,5e-05
12,43,0.0011198432723312664,0.025855836,0.033468924,0.9923765781416645,0.016392077017506515,0.09132194,0.12848541,0.8777909356493356,5e-05
12,44,0.000955558258215418,0.023617877,0.03091712,0.9935011983889716,0.01499943076029282,0.084930114,0.122852735,0.8819966932307557,5e-05
12,45,0.0009305666978868098,0.023171602,0.03050761,0.9936679487599704,0.014205771757082807,0.08338958,0.119498506,0.8896959012360791,5e-05
12,46,0.0008166336685853736,0.021513965,0.02857415,0.9944495000883853,0.014508527854491991,0.08476775,0.12081161,0.8874215692783527,5e-05
12,47,0.0009118303323108007,0.022990638,0.030183949,0.9938036228364557,0.015230242740707818,0.08800511,0.123742074,0.8828114332343957,5e-05
12,48,0.0008525321363182043,0.022297045,0.029202959,0.994200348814891,0.01476385873414714,0.086265065,0.12189731,0.8858269425050836,5e-05
12,49,0.0009273499618697842,0.02346417,0.03042201,0.9937037248643956,0.015535815101530816,0.08723473,0.12500675,0.8830615163967854,5e-05
12,50,0.000977520580894736,0.023881383,0.031267203,0.9933526359713336,0.01539123188962953,0.08727395,0.12453772,0.8806320088457908,5e-05
12,51,0.0007924753041730141,0.021321781,0.02814932,0.9946151636271857,0.014804822306528135,0.08781686,0.122032456,0.8857348829480699,5e-05
12,52,0.0008914492327166274,0.022594767,0.029854704,0.993941580451034,0.01501837748758219,0.08903722,0.12273422,0.8791606443595756,5e-05
12,53,0.000760777236400912,0.021060584,0.02757806,0.994829464094981,0.014699150135533677,0.08579105,0.12157628,0.8869348252864954,5e-05
12,54,0.0007335546704049431,0.0207444,0.027086694,0.9950119886478485,0.01418708964181995,0.085267045,0.11940791,0.8853831615656835,5e-05
13,1,0.13055644998605423,0.2738955,0.36136356,0.2506642035679132,0.03962350811774808,0.15677457,0.19918126,0.6464341598831014,5e-05
13,2,0.04080234207735162,0.1562021,0.20202121,0.7023639069261632,0.03252362835876368,0.13320294,0.1804159,0.7839728058847495,5e-05
13,3,0.03127057682374649,0.1349068,0.17684184,0.7813457821117011,0.025657287919548927,0.11697546,0.16025595,0.8165120701017754,5e-05
13,4,0.02614465197461231,0.12862898,0.16163404,0.819988001247906,0.029297734386529082,0.13682619,0.17086154,0.8003433228540004,5e-05
13,5,0.023975273468052952,0.12176412,0.154807,0.8365247952348862,0.026212104906638462,0.12415339,0.1622102,0.8130487709179651,5e-05
13,6,0.018491585172112232,0.107495606,0.13600565,0.8743620283947363,0.02409171785607382,0.12282016,0.15549317,0.8362509373953281,5e-05
13,7,0.019460594332689925,0.11076106,0.13946244,0.8684587882993278,0.025319958778305188,0.12333228,0.15931204,0.819192989684474,5e-05
13,8,0.014379775869142195,0.093633346,0.11992664,0.9004132493362003,0.029140308913257387,0.12668103,0.17117928,0.8331215164008174,5e-05
13,9,0.013891702460203425,0.09166845,0.11784704,0.9053915845224737,0.02211917441821209,0.11129737,0.14898694,0.8465225139515336,5e-05
13,10,0.011051929872983491,0.08116343,0.10513866,0.9239072189515187,0.016286484957500187,0.09909061,0.12758034,0.8750983989996078,5e-05
13,11,0.009886111317487503,0.0773362,0.09940931,0.9320276432135794,0.017239070738907212,0.09806734,0.13143677,0.8671375661979942,5e-05
13,12,0.008623796698493691,0.07242918,0.09284757,0.9407461850200393,0.016701795221133915,0.09472362,0.12904917,0.8684114043864692,5e-05
13,13,0.007254400777425965,0.0663713,0.085164145,0.9503150337635112,0.016149673766146105,0.09393923,0.12696363,0.872784091924037,5e-05
13,14,0.007035929452634425,0.0653429,0.08389892,0.9520810581059928,0.017330158415629907,0.09545525,0.13173501,0.8670138465184493,5e-05
13,15,0.005982047634767194,0.060394235,0.07733542,0.9589829933425903,0.015735034761881386,0.09291069,0.12503517,0.8754325930417329,5e-05
13,16,0.005390767026290071,0.056961745,0.07342042,0.9631853868966773,0.013877511955797672,0.0860321,0.11783557,0.8878110201189184,5e-05
13,17,0.005513105597227342,0.0573031,0.07424324,0.9623712430486375,0.015596484092788564,0.09008771,0.12511802,0.8863478398779939,5e-05
13,18,0.005628895027036387,0.058185074,0.07500113,0.9613890865242817,0.015345658391231188,0.09151329,0.12370826,0.8763339583108313,5e-05
13,19,0.004877067120173493,0.053800475,0.06982464,0.9667152008692083,0.01732032260581575,0.09348123,0.1317849,0.869596889322927,5e-05
13,20,0.005500860414065194,0.057822924,0.07417701,0.9622369082941502,0.020028612826502434,0.103550605,0.141873,0.8774299165034491,5e-05
13,21,0.004516626313811812,0.05176325,0.06720614,0.9690214343364251,0.014375700141061787,0.08916185,0.11995741,0.8836886580886638,5e-05
13,22,0.0038327596451712895,0.047074318,0.061913744,0.9737904598775537,0.014693200346772317,0.08874719,0.121336676,0.8830302727805234,5e-05
13,23,0.00427134496417706,0.05033243,0.06536138,0.9707838508273391,0.01593414295671715,0.0919063,0.12620124,0.8819130777134047,5e-05
13,24,0.004536756167186111,0.051104147,0.067359336,0.9688865045610315,0.014814739404418678,0.08613505,0.12177398,0.8827504698012545,5e-05
13,25,0.005429097196951108,0.058013596,0.07368912,0.9626649301130492,0.01440579645956556,0.089863,0.12013512,0.8836862529970987,5e-05
13,26,0.005117560651427501,0.055995468,0.07154765,0.9647881934312307,0.0182252232744186,0.10212282,0.13527784,0.8792626013426548,5e-05
13,27,0.0044742684625578765,0.05214814,0.06689682,0.9693068215376209,0.014078595710021478,0.08867588,0.118991114,0.8908307578557755,5e-05
13,28,0.004137191367411777,0.049999952,0.06431836,0.9717040308212789,0.01515619492986136,0.09275593,0.1233541,0.8973293001458718,5e-05
13,29,0.0035730578999740082,0.046337,0.059782945,0.9754968497866295,0.014120012978781704,0.0849775,0.119241826,0.8873307509165045,5e-05
13,30,0.0027289930431859863,0.040351372,0.052230187,0.9813672331880201,0.013725570756597099,0.08726348,0.11746441,0.8883754558739406,5e-05
13,31,0.0032199914531812735,0.04272395,0.056755163,0.9779839939855559,0.01605114891814689,0.09177368,0.12706615,0.8768471027931227,5e-05
13,32,0.0038242274250674156,0.047961436,0.0618452,0.9737725931487959,0.015464824624359608,0.092450015,0.12473529,0.8827089495084329,5e-05
13,33,0.0032521843758986165,0.04410721,0.057014167,0.9777303716837763,0.015180488289506347,0.09095022,0.123715416,0.8894326993935066,5e-05
13,34,0.003616375020143759,0.047083117,0.06014953,0.9752147546309095,0.016908340207818482,0.09521303,0.13043717,0.8863131971730209,5e-05
13,35,0.003035451762218281,0.04279037,0.055104427,0.9792109535915501,0.014809215113658595,0.08809612,0.12194352,0.8860459182436069,5e-05
13,36,0.002997017450299915,0.04081406,0.054723024,0.9795218561255631,0.014877291491117191,0.08497652,0.12226664,0.8852572146946892,5e-05
13,37,0.0028557984001181635,0.040866673,0.053420387,0.9804693038823827,0.012872380316602412,0.08471076,0.11365979,0.8978837078088142,5e-05
13,38,0.002145107857291108,0.035591163,0.046309296,0.9853631706083181,0.014669662462202486,0.08643847,0.121454544,0.8863604664489857,5e-05
13,39,0.0019974950976396704,0.03392767,0.044702493,0.9863597743506854,0.014120866738570234,0.0836913,0.119095944,0.8894165562727641,5e-05
13,40,0.0018265782900330845,0.03277821,0.04272434,0.9875582447979916,0.01577382200156097,0.09041934,0.1260491,0.8903535752538047,5e-05
13,41,0.0018909508821409779,0.033222225,0.0434732,0.9871055354399451,0.014155227190780419,0.08840756,0.119382635,0.891501233519544,5e-05
13,42,0.0018767653559862254,0.033084605,0.043329924,0.9872068917571244,0.01345891796949285,0.0849517,0.11626011,0.8973536729625757,5e-05
13,43,0.0015254042035993624,0.029804556,0.039064508,0.9896026105581757,0.015320025634503475,0.088197164,0.12424041,0.8837424998509835,5e-05
13,44,0.0015543359123707844,0.03017603,0.039426092,0.9894098680170567,0.012988429598475772,0.08161575,0.11431532,0.8976564896061838,5e-05
13,45,0.0016724739152863056,0.030810166,0.0408966,0.9886027445048944,0.014096716858653558,0.0847406,0.11901681,0.8904036353578033,5e-05
13,46,0.002613039593164435,0.03908138,0.051126145,0.9821208575452166,0.018708271190041193,0.09985464,0.13729523,0.8714334928349924,5e-05
13,47,0.0027415568414160536,0.04017882,0.05231551,0.9812896082598128,0.016035350522509328,0.08978372,0.12710822,0.880109535090922,5e-05
13,48,0.002129110121905312,0.034968644,0.046130165,0.9854534895980767,0.013340984307298506,0.08736654,0.115772955,0.8922678595508079,5e-05
13,49,0.0021909630269075476,0.034436487,0.046783227,0.9850568890725812,0.016333792332766786,0.08875904,0.12811089,0.8802958098673216,5e-05
13,50,0.0014367775347466781,0.028659716,0.037909392,0.9902081303044745,0.014516027471809476,0.08679302,0.1209313,0.8842018088342468,5e-05
13,51,0.001262379927921357,0.027020268,0.035529267,0.991404891925783,0.014660329333747979,0.08749859,0.12150283,0.8841445663149753,5e-05
13,52,0.0011433292194987673,0.025815204,0.033812482,0.9922181687940379,0.012734027424206337,0.08229815,0.11319742,0.8971477175895456,5e-05
13,53,0.0010061774758630753,0.024157597,0.03171884,0.9931556644628502,0.01430240971967578,0.085930526,0.12007388,0.8877550675512046,5e-05
13,54,0.0010933355940587462,0.025039818,0.03307163,0.9925545266044603,0.013344885393356284,0.08432108,0.11588306,0.8921012235958904,5e-05
13,55,0.0011593081855659033,0.026117612,0.03405231,0.9921043344612297,0.01353889122536337,0.085268624,0.11671504,0.8914955938870093,5e-05
13,56,0.0011437996174344818,0.02580504,0.033824947,0.9922106581345567,0.015311792579100088,0.08771328,0.12424853,0.8813172516837896,5e-05
13,57,0.000980193848369717,0.023769332,0.031314142,0.9933252277333958,0.014626905761866106,0.08721218,0.121430315,0.8858518577469826,5e-05
13,58,0.0010063559918231375,0.023974968,0.03173021,0.9931507757529258,0.013807300047052128,0.08503427,0.11787383,0.8903745231096043,5e-05
13,59,0.001141086218157287,0.025465798,0.033778865,0.9922320503206906,0.013943863541094793,0.08591537,0.118424736,0.8875865007785001,5e-05
13,60,0.0016476372921911163,0.030185618,0.040598217,0.9887555431320997,0.015014526865410584,0.086168945,0.122860186,0.894283462068858,5e-05
13,61,0.001091530259077657,0.02515888,0.033037473,0.992580275302459,0.014422730370252221,0.083497465,0.12043189,0.8929201595066208,5e-05
13,62,0.0008881807400506082,0.022654006,0.029806666,0.9939591400530947,0.014384448640393439,0.08554954,0.120350815,0.8926472846400347,5e-05
13,63,0.0008032801901735583,0.021162443,0.028347857,0.9945343495622969,0.013336678820282773,0.082876146,0.11575533,0.895648849891605,5e-05
13,64,0.0007612271152521597,0.020878356,0.027593518,0.9948205922224147,0.013243816741224792,0.082076214,0.11534133,0.8958388320728872,5e-05
13,65,0.0006872732717574849,0.019442342,0.026215745,0.9953288528449435,0.013646078563329798,0.08257869,0.117195286,0.8947553118542141,5e-05
13,66,0.0007614915741775642,0.020485753,0.027597748,0.9948220120798595,0.013569917935119183,0.08301032,0.11672046,0.8905202222726895,5e-05
13,67,0.0007034328680623662,0.019724088,0.0265233,0.9952168822394305,0.013659475285007997,0.08467623,0.11711178,0.8909498435015704,5e-05
13,68,0.0006572652909768447,0.018795114,0.025637947,0.9955330639218027,0.013477055433516702,0.08396068,0.116465375,0.8920594527772969,5e-05
13,69,0.0006544796630134153,0.018847855,0.02558133,0.9955496309682544,0.015518282505649107,0.089458555,0.12496272,0.8861512615615377,5e-05
13,70,0.0007687143509675505,0.020615296,0.02771575,0.9947772978354328,0.014132166841860723,0.08420064,0.11914921,0.8890129738926764,5e-05
13,71,0.0007382929968720011,0.020013636,0.02717637,0.994979107609477,0.013608410704398045,0.08436124,0.117039084,0.890808822945,5e-05
14,1,0.09912441820167353,0.23102133,0.31484306,0.3178710835699611,0.056480615917179317,0.18804935,0.23893273,0.38401704534540176,0.0001
14,2,0.042823907410047046,0.16087244,0.20697667,0.668460780229808,0.032091372887845394,0.1330089,0.17983188,0.7252054319295332,0.0001
14,3,0.031445696051276034,0.1372909,0.17734833,0.7639383623195164,0.04761224064148135,0.15428041,0.21850704,0.7105545796902436,0.0001
14,4,0.022522650570956832,0.116994694,0.15005185,0.8369617155775935,0.03238992948361017,0.1418854,0.18081388,0.7522134881339783,0.0001
14,5,0.01881652425704785,0.10431722,0.13716285,0.866665631807675,0.02912674221658596,0.12863317,0.17128778,0.8154154628996385,0.0001
14,6,0.015376328098996778,0.095612735,0.12399762,0.8908951398492511,0.02095396518362341,0.11018718,0.14522785,0.8271209503123494,0.0001
14,7,0.012014466605506072,0.084299274,0.1096259,0.9150803130825284,0.020798417118688423,0.10323872,0.14490366,0.8371935530331158,0.0001
14,8,0.008830295059673279,0.072813764,0.09396551,0.9384445813824936,0.01986838899621809,0.1075769,0.14108466,0.8637154711334952,0.0001
14,9,0.006451083659455528,0.06137537,0.08030676,0.9554030713249861,0.02071697882342118,0.10773119,0.14441693,0.8672578735458839,0.0001
14,10,0.0054683653353800495,0.05733868,0.073967226,0.9622913422419603,0.02566755975217179,0.11423777,0.16078107,0.8499744383501079,0.0001
14,11,0.004610062098113176,0.05186058,0.06790843,0.9682377345232438,0.016451261575437255,0.092140295,0.12864552,0.8705468492280705,0.0001
14,12,0.0039588076528433765,0.048370067,0.06289697,0.9728961246294378,0.017680901361422405,0.09661135,0.13363251,0.8603795039772042,0.0001
14,13,0.0035292100798878295,0.046232708,0.05941748,0.9758006251799598,0.01724333762777624,0.09810108,0.1318549,0.872950439734584,0.0001
14,14,0.0032401062889790564,0.044428322,0.056928102,0.9778222926384573,0.020044983916536526,0.10201362,0.1421632,0.8558641726533953,0.0001
14,15,0.0030749167527004675,0.042743042,0.055455636,0.978954926545792,0.018443625566929026,0.09236561,0.13644548,0.8523517101812343,0.0001
14,16,0.0028085801961220294,0.041141182,0.05300627,0.9807693359061542,0.015736033743316377,0.09196005,0.12598164,0.8730547564814829,0.0001
14,17,0.0023369739211825916,0.036544815,0.04835073,0.9840189439651339,0.016570687311253062,0.0922418,0.12915926,0.8661760263544744,0.0001
14,18,0.0020447378996085097,0.03434403,0.045184433,0.9860522240987384,0.016473000886401645,0.09084325,0.12878515,0.8706548394983444,0.0001
14,19,0.0024549525904863046,0.037621997,0.049517736,0.9832349980821625,0.021260327211132756,0.108569935,0.14635178,0.8593421940517328,0.0001
14,20,0.0020459513552595694,0.034587942,0.04520918,0.9860398552597093,0.015696929888454853,0.089590885,0.12569438,0.8733163221966411,0.0001
14,21,0.0022114751691588368,0.035580013,0.047032557,0.9848914581334641,0.014777254459827586,0.08642009,0.121727675,0.8845906312741981,0.0001
14,22,0.0022491450376904386,0.035736937,0.04743246,0.9846383116592706,0.016705271201553167,0.090595424,0.12974253,0.8657111082061177,0.0001
14,23,0.00238155649154051,0.036501564,0.048805427,0.9837190218494476,0.015137563287108033,0.089099914,0.12342027,0.8790616104110296,0.0001
14,24,0.0020167338342931356,0.03429881,0.044906218,0.986233379989144,0.015314254590689583,0.08927732,0.1239001,0.8766933709707625,0.0001
14,25,0.0019160182820197856,0.03353646,0.043777138,0.986916171613773,0.017633016962833977,0.09347417,0.13314627,0.8621628288006064,0.0001
14,26,0.0020208673896572648,0.034419328,0.0449449,0.9862071562759873,0.019742439914908674,0.10005882,0.14100815,0.8632499624048661,0.0001
14,27,0.0023437730995742342,0.037271738,0.048420675,0.9839929688771492,0.018927604649905807,0.10175189,0.13806851,0.8712681304273532,0.0001
14,28,0.002144229251341394,0.03522981,0.04631457,0.9853694281835135,0.017242871431840792,0.095122054,0.13182001,0.8646299172039523,0.0001
14,29,0.001842977424564545,0.03301368,0.042936936,0.9874227085038488,0.01936659937793458,0.0988711,0.13961996,0.8650784395383173,0.0001
14,30,0.0017774403444763326,0.031731244,0.042163923,0.9878801042043343,0.016351288382860797,0.09180762,0.12818432,0.8682203842241418,0.0001
14,31,0.0015414206841299592,0.030139228,0.03926984,0.9894849901403847,0.01695924259170338,0.09328647,0.13071917,0.8670162509330822,0.0001
14,32,0.0013809790152068484,0.027704049,0.037160702,0.9905879288373123,0.018262791645678657,0.09648197,0.1356018,0.8603500158525398,0.0001
14,33,0.001695416417439625,0.030762153,0.041174807,0.9884422272839761,0.016780169637597823,0.09296279,0.12992127,0.8672554824128098,0.0001
14,34,0.0012304188557013774,0.026608445,0.035085917,0.9916145567550861,0.016820867795980087,0.09096742,0.13012056,0.8670624322618532,0.0001
14,35,0.0012353696103809427,0.02667885,0.035147276,0.9915893927190487,0.016491647758003738,0.09185943,0.12887943,0.8667705071686629,0.0001
14,36,0.00149113947435725,0.029464927,0.038610376,0.989838093626031,0.019046519796743436,0.09685061,0.13848242,0.8641346451488495,0.0001
14,37,0.001313670104562368,0.026976999,0.036245726,0.9910483789272198,0.019681105942085938,0.10293117,0.14075826,0.8638293342898969,0.0001
14,38,0.0011929998387964487,0.026580462,0.03454624,0.9918730938889417,0.017766898911860254,0.0955068,0.13374265,0.8693393952244901,0.0001
14,39,0.0009961861221973293,0.023615621,0.03156371,0.9932168640835864,0.016181682167505776,0.08998052,0.1275046,0.8726783268653997,0.0001
14,40,0.001105970846782558,0.024986962,0.033227988,0.9924843689987113,0.016216785043340037,0.09034761,0.1276838,0.8726436560246117,0.0001
15,1,0.07581832012918856,0.20967253,0.27538583,0.42712926574829735,0.02871405360875306,0.12613198,0.16977088,0.7539817569099126,0.0001
15,2,0.03915111953392625,0.15398103,0.1978723,0.7263529235203117,0.026772598356560425,0.11749415,0.16349082,0.8258090446486428,0.0001
15,3,0.02837844446701842,0.132713,0.16845214,0.8060787605729101,0.02678373552582882,0.12854601,0.16366999,0.8153779346300464,0.0001
15,4,0.023411561717566486,0.120378494,0.15301624,0.8429934948724248,0.021889057717527503,0.11197327,0.14801487,0.8307806974860904,0.0001
15,5,0.02069577240063069,0.11181077,0.14384085,0.8575144723389534,0.021375028364774253,0.113198176,0.14648233,0.8481421365599189,0.0001
15,6,0.01750038743397726,0.103632994,0.13230425,0.881411614603333,0.016513492351535847,0.10002729,0.1287345,0.8666287952431111,0.0001
15,7,0.014673554557201532,0.09363988,0.12115035,0.8983902295129811,0.0203980789002445,0.11026582,0.14297561,0.8419084859659859,0.0001
15,8,0.02268972747228065,0.10825698,0.15063806,0.8371120942802348,0.023152586590084765,0.11807264,0.15259813,0.827528044700138,0.0001
15,9,0.013710434350541959,0.09005899,0.11706558,0.9039221898310258,0.019250322141926044,0.104453236,0.13945806,0.8501704964228003,0.0001
15,10,0.013151963745683396,0.08903645,0.114670925,0.9084071644901072,0.01709045935422182,0.10101442,0.13095699,0.8710396673000018,0.0001
15,11,0.022330208799027116,0.10954247,0.14946549,0.8376443779938922,0.021912355372613226,0.11348329,0.14886123,0.8376798097350484,0.0001
15,12,0.012043363040978977,0.08499676,0.10964758,0.9166421608608855,0.022785455178193473,0.11472937,0.15142484,0.8749553231130154,0.0001
15,13,0.009008741626411538,0.07338954,0.09492804,0.9377134463778806,0.015308857024474829,0.09014858,0.12420014,0.8792497976857948,0.0001
15,14,0.008734866980545954,0.072096504,0.093473345,0.9395753311667188,0.017291312675095268,0.0972424,0.13160552,0.8694154342712862,0.0001
15,15,0.006797202483633377,0.06437157,0.08244376,0.9531562672496092,0.01635430441065519,0.0936328,0.12796634,0.8732093585562164,0.0001
15,16,0.0067104045589994115,0.064700454,0.08193097,0.9538402618014875,0.017723206482413743,0.09883267,0.13337192,0.866276822942284,0.0001
15,17,0.006970863643528841,0.06407753,0.083499946,0.9519365467839567,0.017350967852743687,0.09804783,0.1316138,0.8627260213887065,0.0001
15,18,0.005527686565558461,0.058432627,0.074288905,0.961985311197638,0.016385018316752934,0.09261689,0.12835892,0.8684689983300923,0.0001
15,19,0.006318257279230595,0.062294476,0.07948411,0.9564482908957993,0.018238813340387964,0.09948161,0.13534206,0.8564119120476466,0.0001
15,20,0.0049771720578319556,0.055137567,0.07049423,0.9657832773040365,0.01887997236378767,0.10181219,0.13773455,0.8819804944128372,0.0001
15,21,0.005320880102933707,0.056895997,0.07295402,0.9633940784232041,0.01685877968729646,0.10011868,0.13012417,0.864511806019883,0.0001
15,22,0.00885548110519292,0.07288855,0.094082296,0.9385614990824998,0.02595034093354587,0.12555838,0.1610612,0.8026260139617212,0.0001
15,23,0.00815499627189689,0.06905458,0.09031206,0.9433827041819332,0.022376524043028003,0.12010032,0.1497955,0.8631889082409981,0.0001
15,24,0.006115989471246079,0.060383465,0.078208975,0.9577477250575499,0.016872132386736297,0.10035308,0.13016798,0.8707121167587539,0.0001
15,25,0.006514612999287756,0.06209282,0.08070594,0.9550024729508133,0.01684837146765656,0.0973571,0.13027227,0.863768777326607,0.0001
15,26,0.006615248815565605,0.063514285,0.08134629,0.9542602946338534,0.017226857262560062,0.09187041,0.13146871,0.8758146998866424,0.0001
15,27,0.011854779294302478,0.07111307,0.108752474,0.9169015713629578,0.07229364470199302,0.2285769,0.2692732,0.3405286063082568,0.0001
15,28,0.058411006402293936,0.19447826,0.2417192,0.4768336117061362,0.0459587304783916,0.17001478,0.21476126,0.5757992902863576,0.0001
15,29,0.06575203545513415,0.20562279,0.2564439,0.43095916124143907,0.06413954696445553,0.2060808,0.25440788,0.2265043781302213,0.0001
15,30,0.054821709636598825,0.18668646,0.23416229,0.5309413097519606,0.03203869081550726,0.13911043,0.17967089,0.7225835568309689,0.0001
15,31,0.025578798705529177,0.12281692,0.15997362,0.8108244476547074,0.02355267583496041,0.109171525,0.15396479,0.803196908976464,0.0001
15,32,0.014447576230909745,0.093206495,0.12018839,0.8976805992419455,0.025047531541160965,0.11406269,0.15882063,0.7867395759678467,0.0001
16,1,0.05030708805718851,0.17418538,0.2242988,0.665718785214306,0.03041921436254467,0.14006004,0.17712004,0.7461369468264474,1e-05
16,2,0.02664225684287392,0.13013949,0.16322151,0.8201946729638876,0.026465180196932385,0.119155206,0.16324537,0.8294370725593831,1e-05
16,3,0.02129683968671989,0.11485525,0.14596072,0.8550877602956269,0.019511028791644743,0.104675576,0.14017045,0.8372432733156695,1e-05
16,4,0.017427120631926248,0.10359965,0.1320047,0.8812213431999761,0.021144127007573843,0.11271423,0.14665832,0.8401004727568084,1e-05
16,5,0.014837317934660154,0.09575597,0.12179923,0.8987409496817955,0.018489585258066654,0.10221462,0.13766934,0.8508222224383813,1e-05
16,6,0.011851694837438866,0.086725496,0.108863845,0.9197344318940835,0.018339461447404965,0.10032101,0.13637355,0.8551253810551958,1e-05
16,7,0.011087546364412965,0.08343525,0.105289504,0.925952209623747,0.020203061601413146,0.10563634,0.14416714,0.8357286216498496,1e-05
16,8,0.00920173889852921,0.0766223,0.095937416,0.9381751198186037,0.01764384071741785,0.0968668,0.13407081,0.8562174502929526,1e-05
16,9,0.00914055388638419,0.076329425,0.09559854,0.9384098536263205,0.021780632702367648,0.106190786,0.14834967,0.8496456568215548,1e-05
16,10,0.008267790529546197,0.0722156,0.090920605,0.9449343603007905,0.020230861846357584,0.1035806,0.14440496,0.8528307201236708,1e-05
16,11,0.007631695935955253,0.068046555,0.08736054,0.9489877690490357,0.01738823584413954,0.09525334,0.13292271,0.8602636929682697,1e-05
16,12,0.007330928091394985,0.06739658,0.085623674,0.9506016955730089,0.016626504748793586,0.09599899,0.13044599,0.8619378491346538,1e-05
16,13,0.007211198510219143,0.0675549,0.08492987,0.9513902245076468,0.016234295575746467,0.0924719,0.12867416,0.8732335088703123,1e-05
16,14,0.0059108115911100795,0.06087485,0.07688726,0.9604782584954259,0.0205840578169695,0.10370827,0.14371061,0.870361526241486,1e-05
16,15,0.005276774612220579,0.057256997,0.07263325,0.964582044906857,0.01684770407155156,0.09225773,0.13049403,0.871861656134543,1e-05
16,16,0.0050039747164140795,0.05584902,0.07074294,0.9663440866207524,0.01620178796084864,0.09294247,0.12841712,0.8681949772262646,1e-05
16,17,0.004814677541013633,0.054793134,0.06938636,0.9675590620624366,0.01659880392253399,0.093754664,0.12973352,0.8677307370983074,1e-05
16,18,0.004620820355697352,0.054081865,0.06795746,0.9690772211400938,0.016698547771998813,0.094330154,0.1306567,0.8710691564525208,1e-05
16,19,0.00446367359972585,0.053076293,0.06681304,0.9698628654346401,0.017069053503551652,0.09555981,0.13203509,0.8650400409292441,1e-05
16,20,0.00429384333677764,0.051627725,0.06552363,0.9710014900233187,0.016922736074775457,0.09542707,0.13120484,0.865269509783138,1e-05
16,21,0.0037313818346239,0.048070874,0.061092094,0.9750044370570947,0.015534637895013605,0.09025542,0.125453,0.8724430283303389,1e-05
16,22,0.003649552072024095,0.047855135,0.06041416,0.9753075596827642,0.017704777818705355,0.09538244,0.13412954,0.8713970453349107,1e-05
16,23,0.003615913886542075,0.047324225,0.06013342,0.9756478280121942,0.015694947880027548,0.09097174,0.12612624,0.8749374514361884,1e-05
16,24,0.003393036895431578,0.046139423,0.058233805,0.9771180633127118,0.01601868947701795,0.091083124,0.12720276,0.8727854790555222,1e-05
16,25,0.003228739922361396,0.044715896,0.05681737,0.9782644706785402,0.018015984179718152,0.09908802,0.13575293,0.8756761781116154,1e-05
16,26,0.003259715724249031,0.045110215,0.05709135,0.978088155498707,0.015411311427929572,0.09169591,0.12490206,0.876111083385284,1e-05
16,27,0.003270238320230045,0.04497974,0.0571792,0.9779082921462121,0.014878950880042143,0.092205815,0.12254987,0.8795007552517757,1e-05
16,28,0.0031495279834875575,0.044601478,0.056122027,0.9787727446150056,0.015988721645304134,0.09207749,0.12765753,0.8756236382700017,1e-05
16,29,0.0029094888378265443,0.042780053,0.05393383,0.9803782819905419,0.01571504053260599,0.0893146,0.1265798,0.8763626077794175,1e-05
16,30,0.0028658153627407258,0.04212759,0.05353484,0.9806933253926771,0.016511178841548308,0.092556745,0.12942758,0.8745293556972388,1e-05
16,31,0.0025913616306165875,0.039523438,0.050910443,0.9825180442995157,0.016190140042454004,0.089314364,0.12802538,0.8786874819871574,1e-05
16,32,0.002541219527837516,0.039722435,0.05041758,0.9827580406304419,0.015398415703592556,0.08797718,0.12511979,0.8790627979149955,1e-05
16,33,0.0025063726814925046,0.03934349,0.050070196,0.9831035684162857,0.016855619182544097,0.09372552,0.1308796,0.8744682960773138,1e-05
16,34,0.002341342383830277,0.037980787,0.04839077,0.9841716302185265,0.015192877501249313,0.091296405,0.12422997,0.8772948171354332,1e-05
16,35,0.002316135063410571,0.037935756,0.048128314,0.9843363374156494,0.01616746366822294,0.09161658,0.12804703,0.8760307974468565,1e-05
16,36,0.0023631233266102167,0.03787582,0.04859493,0.9840776550076845,0.016042127273976803,0.090459496,0.12761787,0.8775474577759588,1e-05
16,37,0.0022482683514375413,0.0371714,0.047422472,0.9847930253204036,0.016307520680129528,0.09249568,0.12904122,0.8761981204321226,1e-05
16,38,0.002275730436450201,0.03710151,0.04770311,0.9845922591377865,0.014734404261357017,0.08812114,0.12252489,0.8820465964561502,1e-05
16,39,0.002192359484860534,0.036794357,0.04682371,0.9851871333726677,0.015531391104949372,0.091771066,0.1260191,0.8781253193913486,1e-05
16,40,0.0021440220254725804,0.03645725,0.04629531,0.9855662520396549,0.01557964103163353,0.09076705,0.12591071,0.8767437377941146,1e-05
16,41,0.0020935767053878894,0.035580456,0.045747463,0.9858140128094837,0.016134451642366394,0.09171933,0.12844786,0.8748597084597705,1e-05
16,42,0.0020354688793168376,0.035140883,0.045115888,0.9862834480352424,0.015577640850096941,0.08960254,0.12609595,0.8773828679411212,1e-05
16,43,0.0021524553589205146,0.036240242,0.04640088,0.9854082753573831,0.01774194390912141,0.0955826,0.13443765,0.8739755552456874,1e-05
16,44,0.0019755460173392094,0.03508526,0.044447605,0.9867118841854992,0.01639777954135622,0.092577286,0.12909164,0.8749971054142271,1e-05
16,45,0.001802732966727116,0.033279724,0.042456456,0.9877948674530698,0.016081655398011208,0.092428625,0.1280254,0.8758426654128876,1e-05
16,46,0.0018358744700465385,0.03353842,0.042843238,0.987572037364662,0.016970931884965727,0.09348129,0.13124557,0.8763136318666634,1e-05
16,47,0.0019630886071413823,0.034643345,0.04430176,0.9867506583364369,0.016278411261737347,0.09229526,0.12854601,0.8760154273881582,1e-05
16,48,0.0017682769015936234,0.03298759,0.04205546,0.9879930520265212,0.01548512519470283,0.0894731,0.12544715,0.8782440608079186,1e-05
16,49,0.001680106285820219,0.03187257,0.04098961,0.988679329868816,0.015096687146329455,0.08919393,0.123990335,0.8798747416556121,1e-05
16,50,0.0016456053229962763,0.03153385,0.04057227,0.9888515608189641,0.017590038677943603,0.09548037,0.1337185,0.8756061851030105,1e-05
16,51,0.0016853021322880113,0.03207361,0.04105529,0.9886027247777103,0.01636957869465862,0.09065813,0.12877767,0.8789416558112182,1e-05
16,52,0.0019701168030308927,0.034612857,0.04438762,0.9867039607013731,0.01541042234748602,0.08862419,0.12508142,0.8790760150462442,1e-05
16,53,0.0017455374105576705,0.03273091,0.041778952,0.9881590601860292,0.01574038152050759,0.09068334,0.12674166,0.8773151942053694,1e-05
16,54,0.0015710261427344771,0.030816741,0.039637692,0.98937478895949,0.015815217679898654,0.09047226,0.1270863,0.8799731112322321,1e-05
16,55,0.0016294667305790376,0.03139418,0.04036998,0.9889995660737595,0.014561303625149387,0.08715185,0.12165433,0.8825287346453772,1e-05
16,56,0.0015803070692127902,0.031044466,0.03975454,0.9893066418505181,0.01563742883237345,0.089957215,0.1261129,0.8783948527990484,1e-05
16,57,0.0015713926725672714,0.031073894,0.03964231,0.989332895436754,0.016301081582371677,0.09205797,0.12863915,0.8778344570379374,1e-05
16,58,0.001490747723097382,0.03009728,0.038614716,0.9899194599767669,0.016043896188161204,0.09089233,0.12793112,0.8771366949184422,1e-05
16,59,0.0014323687309259984,0.029544588,0.037845068,0.9902788502792422,0.016207390132227113,0.09258788,0.12846796,0.8746380960741885,1e-05
16,60,0.0015323357360119817,0.03051958,0.03914936,0.9896394331365834,0.016292542019592866,0.0922272,0.12886311,0.8725603724484762,1e-05
16,61,0.0014189942821503452,0.029130183,0.03767018,0.9903976424070873,0.015596267168543168,0.090341665,0.12625301,0.8756108273372176,1e-05
16,62,0.0013766175589663473,0.02873136,0.037098594,0.9906938077076358,0.015848370135894845,0.09066036,0.12743896,0.8766530783676967,1e-05
16,63,0.0013799992083706762,0.02859413,0.037146498,0.9906771082901421,0.015458315045439772,0.08926107,0.12554447,0.8779180022108374,1e-05
16,64,0.001452322444654392,0.029612213,0.03811195,0.9901665662038694,0.015002545268673981,0.088869125,0.12379278,0.8791290207745356,1e-05
16,65,0.0013424715173548244,0.02835046,0.036636353,0.9909132817331119,0.015854149624439224,0.090527885,0.12691902,0.8741196135860461,1e-05
16,66,0.0012380507715899394,0.027464077,0.035185203,0.9916230838073169,0.015342897968366742,0.089061126,0.12505117,0.8778134799412505,1e-05
16,67,0.0013105017013377814,0.028249996,0.036206316,0.9911245763026769,0.015613827056118421,0.08971858,0.1260479,0.8763492212833554,1e-05
16,68,0.0013021327112910173,0.027901681,0.036074866,0.9911759128112088,0.014843851061803954,0.0883034,0.12305804,0.8800108065926481,1e-05
16,69,0.001184327494696862,0.026777055,0.034417536,0.9920138194966769,0.015586494468152523,0.088882215,0.12588906,0.8769198930799458,1e-05
16,70,0.0012234735586049436,0.026976284,0.034973953,0.9916996708354874,0.015604494871305568,0.08919575,0.12626998,0.8794548459587752,1e-05
16,71,0.0011607930572838392,0.026310757,0.0340736,0.9921382763401175,0.015874857049701468,0.09018093,0.12726879,0.877404919237454,1e-05
16,72,0.001100299044057431,0.025742527,0.033164747,0.9925588514009451,0.015573183207639627,0.08988068,0.12597677,0.8773335615763023,1e-05
16,73,0.001175216474748765,0.026866687,0.034285523,0.9920383084068273,0.015544182687465633,0.089213915,0.1259222,0.8769943490332301,1e-05
16,74,0.0011410460585432353,0.026128612,0.03378253,0.9922824807059993,0.015573774763782109,0.08908898,0.12594503,0.8783928614397385,1e-05
17,1,0.43390597974028544,0.5761679,0.658849,0.07000393538542046,0.1396129373461008,0.30416238,0.3780235,0.18855940887602793,1e-05
17,2,0.08890916046764806,0.23328868,0.29820907,0.3084483889804453,0.03979903752250331,0.15611038,0.20071311,0.6407688111466066,1e-05
17,3,0.04633380716370645,0.16864765,0.21526755,0.6439940869010491,0.03095822042918631,0.13535188,0.17592879,0.7523537944702512,1e-05
17,4,0.037966548569639706,0.15249392,0.19486031,0.722132647903304,0.026192801804947003,0.121198215,0.16135703,0.7867435672863419,1e-05
17,5,0.0333561050992842,0.14155114,0.18263304,0.759113495727901,0.02418952328818185,0.1164289,0.15505204,0.8064925000508456,1e-05
17,6,0.02830338231766614,0.13107783,0.16820993,0.798209130614215,0.02569262676739267,0.119766,0.16015525,0.8198356333149307,1e-05
17,7,0.02643761957917258,0.12663141,0.16258436,0.8119687278946078,0.021871811843344142,0.109068245,0.14777386,0.8283516208720546,1e-05
17,8,0.02357634893296478,0.12008118,0.15348502,0.8351669410823334,0.023704380794827427,0.1137381,0.15397306,0.8262100104108469,1e-05
17,9,0.02215959358455561,0.115687765,0.14887872,0.8429862700142237,0.023124938564641134,0.11111213,0.15262736,0.8432500456139516,1e-05
17,10,0.02036068189854377,0.111164734,0.14270535,0.8582071577786434,0.01926324177267296,0.1040326,0.1389597,0.8428620385451262,1e-05
17,11,0.017495997358879474,0.103816055,0.1322617,0.878800620578499,0.020919304141508683,0.105817094,0.14412676,0.8514324472728707,1e-05
17,12,0.017085077878627404,0.10231471,0.13070302,0.8816938593149478,0.02003245082284723,0.10628123,0.14230433,0.8459343330660576,1e-05
17,13,0.014814526948068186,0.09528035,0.12171141,0.8971391024765655,0.018312589365190694,0.10045124,0.13535099,0.8535058151270338,1e-05
17,14,0.013666661236452583,0.09150513,0.11689883,0.9060107685420664,0.022083708218165805,0.10875892,0.14977981,0.8532290427458545,1e-05
17,15,0.012836929608710876,0.08953915,0.113313474,0.9132867983604614,0.017668984630810364,0.09711444,0.13299179,0.8622843250648003,1e-05
17,16,0.011525100212387531,0.08345211,0.10735739,0.9213630044135406,0.01795549986750952,0.101554245,0.134586,0.8556859149358851,1e-05
17,17,0.010662471050849167,0.08169864,0.10327517,0.9274301030555585,0.01842411920162184,0.09840295,0.13579538,0.8634814481918331,1e-05
17,18,0.010322511100393032,0.079673246,0.10158999,0.9301707408935791,0.021311828267893622,0.10796187,0.14548834,0.8568696334827073,1e-05
17,19,0.008781759331664332,0.07288642,0.09371266,0.9402730257260881,0.0177857887798122,0.09786313,0.13390477,0.8590003410313659,1e-05
17,20,0.00830354065869317,0.071461156,0.09110252,0.9444675427519739,0.017085076243217503,0.09920128,0.13152485,0.8625083804531563,1e-05
17,21,0.007639940640950036,0.06857713,0.08740561,0.9484472347951288,0.01858170110998409,0.101012595,0.13732816,0.8565285671077539,1e-05
17,22,0.007392090899765352,0.06700094,0.08596668,0.950397904081494,0.02225320174225739,0.11078771,0.14958897,0.8588656736652104,1e-05
17,23,0.007414478678082194,0.06715772,0.08610276,0.9504166722041746,0.017815989442169666,0.09829715,0.13422859,0.8659766299079313,1e-05
17,24,0.006832480093324992,0.065639704,0.08265691,0.9541262215578763,0.0183746405943696,0.09819287,0.13471647,0.8583968185220276,1e-05
17,25,0.006716486003476186,0.06386303,0.08196328,0.9550661944271277,0.016735331354928867,0.09603592,0.12936103,0.8661819186296308,1e-05
17,26,0.006479677622354477,0.06391934,0.08048629,0.9565307102739787,0.02003774861805141,0.10249866,0.14188083,0.867755484273933,1e-05
17,27,0.006004969302181886,0.061087128,0.077492945,0.9596419458971556,0.017305521128167,0.093331754,0.1309707,0.8681615214693263,1e-05
17,28,0.005783473462449543,0.060599446,0.07605564,0.9612709926035348,0.019372006079980304,0.100343555,0.13898934,0.8723129305004144,1e-05
17,29,0.00557153161493278,0.05952342,0.07465147,0.9625910380833971,0.017552186069743975,0.09407937,0.13215652,0.8716308183051988,1e-05
17,30,0.0051318965438823,0.057011712,0.07164658,0.9655249891726558,0.016755545711410896,0.09502169,0.12857006,0.8708196349077287,1e-05
17,31,0.004887062699368624,0.054946795,0.069904186,0.9669994205419405,0.016721834195777774,0.09539418,0.12961979,0.873334601617777,1e-05
17,32,0.004874277503064303,0.05534645,0.06981055,0.9672900890602436,0.018486380809918046,0.0988596,0.13627596,0.8671708243579788,1e-05
17,33,0.004422422372257319,0.052455705,0.06650119,0.9702575635675192,0.016838088864460588,0.094091296,0.13040191,0.869405005399313,1e-05
17,34,0.004357726983377866,0.05187083,0.066012815,0.9707849508590056,0.018443231470882893,0.09983688,0.13580553,0.8747654074642935,1e-05
17,35,0.0037289952585108093,0.04875596,0.061067335,0.9748861033591535,0.017056531705228344,0.09546896,0.1299998,0.8776774310594373,1e-05
17,36,0.004010659488022467,0.049624857,0.063321345,0.9728534877717772,0.01789392634028835,0.097718395,0.13435912,0.8772204194969526,1e-05
17,37,0.003470507108771773,0.046374623,0.05891461,0.9766725098828059,0.015770512134102837,0.091079265,0.12629929,0.8760470382580263,1e-05
17,38,0.0034758901858928603,0.046441548,0.05896263,0.9765174882287535,0.015854175136025463,0.090214275,0.1266751,0.873135497923374,1e-05
17,39,0.003504921034822745,0.046620317,0.059201367,0.9763849751300678,0.01641916194265442,0.093155615,0.12829714,0.877676648740325,1e-05
17,40,0.0029400338268638633,0.042182148,0.054223776,0.9800936179802374,0.01804089386548315,0.09770558,0.13480113,0.8758943244342423,1e-05
17,41,0.0031531241485222338,0.04427142,0.05615252,0.9787473493985336,0.015301348042807408,0.09000241,0.12414904,0.8801493662212893,1e-05
17,42,0.002853376275172161,0.041906428,0.05342019,0.9807552634873855,0.015258068451657891,0.09084168,0.12407116,0.8760722840619121,1e-05
17,43,0.0026189495306723166,0.04031839,0.051174026,0.9822739643572475,0.017009828638817583,0.09371819,0.13092415,0.8789479704126988,1e-05
17,44,0.002820223995275517,0.0420335,0.053100415,0.9810152777875175,0.015280171995982528,0.089023896,0.12429996,0.8792297538820226,1e-05
17,45,0.002475194714606574,0.039382793,0.0497595,0.9832697904114409,0.015999069304338524,0.08947199,0.12709458,0.8771358923217271,1e-05
17,46,0.0024098073291183215,0.038518373,0.049091946,0.9836965603283329,0.015982710989192128,0.0908127,0.12717894,0.8770831093012673,1e-05
17,47,0.00249688796890534,0.039519373,0.049959235,0.9831060381987632,0.015078868118247815,0.08878536,0.12334704,0.8783480110648095,1e-05
17,48,0.0024026905455208757,0.038921088,0.04902622,0.9837477295943491,0.015471030991258366,0.08931441,0.12474791,0.8774075087048571,1e-05
17,49,0.002403224635625554,0.038831137,0.0490191,0.9838511310517477,0.015503731489713703,0.09032716,0.12470221,0.8795983005695112,1e-05
17,50,0.0022779163702121266,0.037325554,0.047732413,0.9846051761465263,0.014890123724139162,0.08885827,0.12281144,0.8815207123422811,1e-05
17,51,0.0021501746481267093,0.03635025,0.046371397,0.9854206221423547,0.018032651594174758,0.09745493,0.13510236,0.8783704142067089,1e-05
17,52,0.0021920649309764466,0.036723316,0.046822995,0.9851994806642786,0.01636497157492808,0.089741915,0.12832038,0.8766489620957046,1e-05
17,53,0.0019466699406757045,0.03457521,0.044101838,0.9868181613096741,0.015991041869191185,0.09042049,0.12665476,0.880653484457773,1e-05
17,54,0.0020246713652893483,0.034983058,0.04499091,0.9863565472254623,0.015947003416450962,0.09041899,0.12672095,0.8825037937734431,1e-05
17,55,0.002040790529403766,0.035320606,0.04517857,0.9861820449854813,0.015687056251668503,0.088792704,0.12567416,0.8807045078602572,1e-05
17,56,0.0018789889459567858,0.03378596,0.043340806,0.9872969922743301,0.016742204914667776,0.091684975,0.1305828,0.8761596307331336,1e-05
17,57,0.0018370616386827324,0.033658244,0.04286694,0.9875692151118017,0.01568261327754174,0.08959425,0.1256775,0.8818414464553328,1e-05
17,58,0.0019549846760145277,0.03475043,0.044217896,0.9867804990831213,0.014693501738033124,0.08560602,0.12196496,0.8833853187931251,1e-05
17,59,0.0016854257697117663,0.032184787,0.04104834,0.9886022874077741,0.015619121558432068,0.089024745,0.12557878,0.8835829783846314,1e-05
17,60,0.0017307213353641574,0.032605495,0.041602142,0.9882759467452601,0.015223671682178974,0.08831533,0.12400875,0.8829346817350178,1e-05
17,61,0.0017024562193655244,0.031995643,0.0412631,0.9884997168390414,0.014090779802895017,0.08587957,0.11892497,0.8856108999361122,1e-05
17,62,0.001734635719233062,0.032673128,0.04165571,0.9882211905678553,0.015562214256663407,0.088340975,0.12519807,0.8833975336712138,1e-05
17,63,0.0015548231748202554,0.030571604,0.03942629,0.9895047708836078,0.014807750670505422,0.08586011,0.12240208,0.8820970345700494,1e-05
17,64,0.0016293056253735498,0.031214627,0.04036734,0.9889464364997264,0.015906753251329064,0.090331495,0.12693572,0.8806482843143688,1e-05
17,65,0.0016488094164589507,0.031515803,0.040603455,0.9888372521813195,0.01654781131739063,0.091002,0.12882449,0.8781948709661235,1e-05
17,66,0.0015942243620901254,0.03125872,0.039929397,0.9892466793283531,0.015442415539707457,0.088198036,0.12445705,0.8842985662335244,1e-05
17,67,0.0015025967808231433,0.030447397,0.03876305,0.9898229533013313,0.015726536312805756,0.089651786,0.12570046,0.8840559386520661,1e-05
17,68,0.0014215409151870305,0.0299934,0.037700064,0.9903712437067195,0.015786161746031473,0.090061046,0.12609221,0.884759647688196,1e-05
17,69,0.0014576540158835248,0.02984584,0.03817778,0.9901335481069575,0.014703733148053288,0.08576399,0.121768475,0.8853495219106893,1e-05
17,70,0.0013996602618679508,0.029384468,0.037415575,0.990521291840181,0.014938797502379333,0.08595648,0.122541584,0.8842039750723345,1e-05
17,71,0.0013778869195397352,0.028676787,0.03711446,0.9906671562178077,0.01459153848034995,0.08520653,0.12116974,0.8833987606121139,1e-05
17,72,0.0013204596479201394,0.028248591,0.036324024,0.9910625152295166,0.014906410493754916,0.08521771,0.12246195,0.8842429193652181,1e-05
17,73,0.0011858717281649882,0.027021479,0.03444197,0.9920124070788126,0.014844838330256087,0.08594221,0.12209198,0.8868813445374949,1e-05
17,74,0.0013138324652785418,0.028445138,0.036253072,0.9910675808208017,0.014951344679242798,0.08571213,0.12241135,0.8856616745749961,1e-05
17,75,0.0012106509157347658,0.027131781,0.03479215,0.9918141009660857,0.014959606840940458,0.08562588,0.12272243,0.8824920750835002,1e-05
17,76,0.001285747204152171,0.02755888,0.035861425,0.9912693074119809,0.014931444178468414,0.08594829,0.122414574,0.8855306819873014,1e-05
17,77,0.0011574411484582576,0.02624221,0.034012154,0.9921572391752923,0.014765241549217276,0.0857906,0.12166049,0.8836078414007642,1e-05
17,78,0.0012920961925263787,0.027592754,0.03593861,0.9913063111901106,0.014463900255837612,0.08418442,0.12013214,0.886789835546836,1e-05
17,79,0.0011250127855444623,0.02627835,0.033536173,0.9923651936356345,0.01542320045908647,0.08756279,0.12442629,0.8837550397816366,1e-05
17,80,0.0010905127260272575,0.025598627,0.033024993,0.992631367883272,0.015504835705671991,0.088243745,0.1248254,0.885992480670993,1e-05
18,1,0.04863086074729946,0.16940752,0.22051755,0.6807919630909748,0.040916398633271456,0.15691045,0.20593913,0.8190428752638936,2e-05
18,2,0.026662532901652505,0.12816416,0.163303,0.8218227669201729,0.02406723750755191,0.11901285,0.15741304,0.8366389912351468,2e-05
18,3,0.0209874188849511,0.1144256,0.144891,0.8584188865073122,0.02129845547356776,0.11079651,0.14829262,0.8482504602980087,2e-05
18,4,0.017069079782639707,0.103281714,0.13060717,0.8858406705187659,0.027718176932207177,0.12632221,0.16455162,0.8120755079179875,2e-05
18,5,0.015166342943889376,0.09704665,0.12312788,0.8972773099978221,0.017854739113577774,0.105478324,0.13551208,0.8631693019868384,2e-05
18,6,0.012242214767279748,0.08735794,0.11064131,0.91832438780547,0.014968423671754343,0.09280358,0.123731926,0.8755114998843146,2e-05
18,7,0.01074180000452934,0.083556525,0.10364519,0.927762176861547,0.016485056773360287,0.09532932,0.12948164,0.8642030140678465,2e-05
18,8,0.009090682134798196,0.075929105,0.09535491,0.9385573425971387,0.016497279184737375,0.0955085,0.12922058,0.8680228829352378,2e-05
18,9,0.008500491886913219,0.0731664,0.09220647,0.9434592272787957,0.018304160363706096,0.101774655,0.1359196,0.8649516606496317,2e-05
18,10,0.0076816972480024965,0.067651555,0.087637864,0.9480934695633769,0.015234523619125997,0.09018961,0.12448961,0.8770263562984734,2e-05
18,11,0.005879635631028458,0.06096034,0.07668584,0.9603789035341102,0.01512575804788087,0.09279362,0.12346727,0.878221174670813,2e-05
18,12,0.005323019074537208,0.056825675,0.07295731,0.9638937339643704,0.014904832567221351,0.090476006,0.12312176,0.8766494442132051,2e-05
18,13,0.0051880193195331875,0.056920692,0.072032906,0.9649103064890943,0.016631648177281022,0.09625717,0.13015106,0.8734326456556935,2e-05
18,14,0.004878745017198967,0.05445129,0.069833174,0.9670638846205708,0.016651086043566465,0.09341805,0.13046637,0.8762189942716472,2e-05
18,15,0.004438420049367455,0.051999755,0.06663193,0.9698476476716761,0.017170021709586893,0.09755254,0.13208556,0.8855352198500254,2e-05
18,16,0.0038523772442017063,0.04878384,0.062073667,0.9739352103758872,0.015520693834072776,0.09085341,0.12598267,0.8814926648350524,2e-05
18,17,0.003766728640168418,0.04813306,0.061369073,0.9744929443346765,0.014202372969261237,0.08552983,0.1197553,0.8855059586300025,2e-05
18,18,0.0033200590829930714,0.045036074,0.057603136,0.9775320336330526,0.014633637187736375,0.09050262,0.12197113,0.8839886645024191,2e-05
18,19,0.0029220797206388318,0.041821063,0.054046966,0.980149401455264,0.014686497327472483,0.08958121,0.122674964,0.8816380000014812,2e-05
18,20,0.002857275900135043,0.041432172,0.053458698,0.9806883163265666,0.014192739401810936,0.08624598,0.12016491,0.884533789525454,2e-05
18,21,0.0024795373580766686,0.03859331,0.049791463,0.9831948797890535,0.013750228798016906,0.08790361,0.11858575,0.8878325589395384,2e-05
18,22,0.0024725892581045628,0.038556688,0.04971844,0.9832439515954877,0.01343852886930108,0.08541867,0.11635713,0.8907691460862123,2e-05
18,23,0.002548694072310839,0.039475113,0.05049678,0.9827220920901105,0.01578837290539273,0.09220114,0.12652524,0.8819665452584471,2e-05
18,24,0.0024891246037305305,0.039616134,0.04988977,0.9830930694157654,0.015346578455397062,0.09158135,0.12525453,0.8853111479973261,2e-05
18,25,0.00274359496695503,0.040307414,0.052385014,0.9813955339828822,0.014948590059897729,0.09108582,0.123596214,0.8884127068349236,2e-05
18,26,0.002320720415962773,0.03743867,0.0481761,0.9842592257398276,0.014259571143026863,0.087443985,0.12002953,0.8850035102258748,2e-05
18,27,0.0021103922023098464,0.035864495,0.045939583,0.9856691139561219,0.014507833901526672,0.089010425,0.12170408,0.883559765633519,2e-05
18,28,0.0021732600545075454,0.03616738,0.04662247,0.9852619622517486,0.013855422614142299,0.08629549,0.11879161,0.8895019228021488,2e-05
18,29,0.0019627866127406397,0.034408312,0.044304512,0.9866578537344618,0.014771445388240474,0.087486535,0.12256071,0.8860688490420355,2e-05
18,30,0.001806272799257955,0.033357196,0.04250182,0.9877835926337203,0.013426119361871056,0.08579148,0.1169453,0.8905741936500056,2e-05
18,31,0.0019178496397352803,0.03418615,0.04379156,0.9869946101624263,0.01406595719579075,0.08622971,0.1194056,0.8891129290079004,2e-05
18,32,0.0022864770862299983,0.03673661,0.04781805,0.9843966881154907,0.015091746080932873,0.08924387,0.12394506,0.8896748833337896,2e-05
18,33,0.00199978778445571,0.034668833,0.044727713,0.9864335727797795,0.014694528321602516,0.08903512,0.12183166,0.8850624734359301,2e-05
18,34,0.0022819190483026764,0.037323724,0.04776123,0.9845051408042608,0.014670638633625848,0.08845326,0.12094867,0.8860207969888896,2e-05
18,35,0.005572585800279663,0.05450524,0.07464028,0.9615028531150569,0.01676188356110028,0.09738764,0.130426,0.8744314176628085,2e-05
18,36,0.007162369008689562,0.063717924,0.08464472,0.9503480078472812,0.014264641795307398,0.08871326,0.120063305,0.8871974605618271,2e-05
18,37,0.004078647554808548,0.049342755,0.06387543,0.9720763783710936,0.014907363968502198,0.08931163,0.122043446,0.8882486092536682,2e-05
18,38,0.0029394320608334286,0.0421181,0.05422177,0.9799104604019647,0.013997296203992196,0.08665658,0.11928396,0.8943195144672781,2e-05
18,39,0.002310063967385512,0.03707738,0.04805395,0.9842478832008217,0.014096221321129374,0.08559155,0.1178637,0.8915090642527395,2e-05
18,40,0.0023577276728263944,0.037997622,0.048553098,0.9839837132666748,0.013006007298827171,0.082203284,0.11454762,0.8957066248514965,2e-05
18,41,0.002102256543111822,0.035292078,0.045855965,0.9856862175596669,0.01408124455649938,0.08955318,0.11910203,0.8974226676310005,2e-05
18,42,0.002094780059017798,0.034771062,0.045775432,0.9857052008556942,0.012862224564222353,0.08284866,0.1139445,0.8972088969979716,2e-05
18,43,0.001930314901711367,0.034082245,0.043942578,0.9868393663410392,0.012417762074619532,0.08078915,0.11236937,0.9009267867827361,2e-05
18,44,0.0016702540979337678,0.03214294,0.040874053,0.9886194007419012,0.015176315725381886,0.09031233,0.124051705,0.8900881591903095,2e-05
18,45,0.0015687058433872935,0.031092647,0.039605297,0.9893608036764219,0.013449890938188349,0.08618927,0.11621479,0.8983212782099443,2e-05
18,46,0.0016399446301484288,0.031616736,0.04048869,0.9888365631202736,0.014996059505002839,0.092144445,0.1236242,0.890630747871524,2e-05
18,47,0.0016902601153254682,0.031467397,0.041113816,0.9885040403166351,0.013162693574226328,0.083273835,0.11497454,0.9002854061334349,2e-05
18,48,0.0014849668251737849,0.029809004,0.038532726,0.9899015159126192,0.012979395621057068,0.08319909,0.11438389,0.8975698521586791,2e-05
18,49,0.0013669274331758094,0.028494135,0.036964905,0.9907136998712653,0.012796360600207533,0.08239737,0.113367915,0.8974760770731991,2e-05
18,50,0.0014445881531182155,0.029338194,0.038008545,0.990156738779683,0.013861157399203097,0.08723622,0.11842162,0.893643495894476,2e-05
18,51,0.0013857587933144315,0.02886001,0.037225917,0.9905810564401337,0.01316936656699649,0.085806906,0.11576282,0.8933393220574801,2e-05
18,52,0.0015106241813878242,0.030284166,0.03887133,0.9897240776150215,0.013521191830347692,0.08419572,0.11654549,0.8966904677749079,2e-05
18,53,0.0013435807505570282,0.027789561,0.036650676,0.9908545760102737,0.013207020936533809,0.08430934,0.11500716,0.8981096175804649,2e-05
18,54,0.00131284721330609,0.027687652,0.036233857,0.9910664200816438,0.013191707864669817,0.08424493,0.114565924,0.8978334214023496,2e-05
18,55,0.0013601096528125317,0.028248426,0.036877073,0.9907502402014687,0.013576829972277795,0.085581966,0.116489746,0.8940353492314402,2e-05
18,56,0.0014071951709496223,0.02909001,0.037509564,0.9904121763066477,0.013813794490748219,0.087129354,0.11823695,0.8932401775500186,2e-05
18,57,0.001331019346933011,0.02802835,0.036486957,0.9909496444529332,0.013344773723344718,0.084191084,0.11523107,0.9012033245510855,2e-05
18,58,0.0012399044794152343,0.027235696,0.035213508,0.9916109894419392,0.013342804142407008,0.08430902,0.11588246,0.9021316651261676,2e-05
18,59,0.0010397828254243794,0.024947153,0.03224442,0.9929334561183157,0.012702376149328691,0.08251426,0.11267006,0.9000309825354978,2e-05
18,60,0.0010481315173173898,0.024909046,0.032378156,0.9928767795200413,0.013265063453997885,0.08307424,0.11455176,0.8958748601683693,2e-05
18,61,0.0009875179052996998,0.024065407,0.03142471,0.9932923517078374,0.012943260205377425,0.08202213,0.114149205,0.9013672636666249,2e-05
18,62,0.0010077356100822233,0.024477564,0.031747185,0.9931545934020412,0.013183816868279661,0.08308554,0.115513146,0.8984220432477887,2e-05
19,1,0.16260232525729687,0.30946413,0.4032893,-0.17130456398211935,0.07929297536611557,0.23349454,0.28250176,0.12331863540123592,2e-05
19,2,0.06131498546940144,0.19546863,0.24765545,0.49472057833512273,0.040309377280729156,0.15614921,0.20192307,0.6800585132880134,2e-05
19,3,0.03945489736082398,0.15293726,0.19866031,0.7104730442017811,0.03432798186050994,0.13786651,0.18670723,0.7571326798771463,2e-05
19,4,0.03292458142354109,0.14058341,0.18145196,0.7702987460593601,0.02623770053365401,0.124078795,0.16366252,0.7852661709719224,2e-05
19,5,0.029463562557351924,0.13508894,0.17165515,0.792246079919788,0.024406822132212774,0.1183731,0.15754436,0.7955662124008395,2e-05
19,6,0.026612488901085942,0.12740698,0.16315795,0.8170552557769739,0.024128552260143415,0.11718784,0.15634415,0.8084833636692437,2e-05
19,7,0.023171193253631903,0.11919947,0.15220116,0.8373942530870301,0.026402793691626618,0.12206864,0.16405714,0.8329758860157033,2e-05
19,8,0.020053499944020656,0.10993744,0.14159599,0.8627079637092525,0.023423776562724794,0.11865537,0.1546839,0.8160100609734896,2e-05
19,9,0.019557289352692735,0.10891797,0.13986397,0.8689144653633888,0.021975792944431305,0.11129641,0.14964403,0.8295463466353793,2e-05
19,10,0.01744901595167189,0.10263179,0.13209693,0.8804465565896568,0.02132271569488304,0.11083394,0.14528018,0.8410677833708846,2e-05
19,11,0.015929182686747236,0.10075371,0.12620968,0.8929732195838529,0.02634390170818993,0.122269735,0.16439627,0.8241278402298293,2e-05
19,12,0.015333407001448012,0.09840683,0.1238431,0.8974254453288063,0.021192317762012993,0.10590605,0.14674838,0.8312027013087768,2e-05
19,13,0.01252859261835638,0.08778214,0.11194584,0.9145420312050921,0.020708977710455656,0.10763204,0.14469305,0.8434428891275783,2e-05
19,14,0.011004075819243477,0.08292639,0.104906395,0.9264605358347862,0.029527791975332156,0.132299,0.17342332,0.836777440139913,2e-05
19,15,0.011288407881021778,0.08324281,0.10626093,0.9248363152400648,0.021618346084973643,0.11193896,0.14783762,0.8357340189632142,2e-05
19,16,0.010604798045253085,0.081622876,0.10297825,0.9293424308619304,0.01889606618455478,0.10601856,0.1384379,0.8478925846234803,2e-05
19,17,0.009379493512178415,0.07525699,0.09685385,0.9380559493770008,0.01868284979302968,0.104661934,0.13724406,0.8474616467879121,2e-05
19,18,0.00850888652178659,0.07325863,0.09224648,0.9428157881798155,0.017708798171952367,0.10113061,0.13366109,0.8546827396961839,2e-05
19,19,0.008004718314351462,0.06977804,0.089466184,0.9460998371716992,0.020959226780437996,0.10833448,0.14483601,0.8550665128456233,2e-05
19,20,0.00835036393472594,0.07215948,0.09138348,0.9441548952919582,0.019060329401067326,0.09965307,0.1379502,0.8642485809981104,2e-05
19,21,0.007888416498551301,0.07040438,0.088824995,0.9468495088963668,0.016346368606069257,0.09632886,0.1279027,0.8717207259350095,2e-05
19,22,0.00748311673730577,0.06769328,0.086506486,0.9492934808242427,0.017402478626796176,0.09631463,0.13195565,0.8647934418747439,2e-05
19,23,0.005922997843639525,0.060193427,0.07696125,0.96003694728577,0.018735716718115976,0.10096531,0.13698794,0.869192356605699,2e-05
19,24,0.005297893040299972,0.05709221,0.07277275,0.9641031199939345,0.018644934220771705,0.10080405,0.13585374,0.8656685900269332,2e-05
19,25,0.005133643955270821,0.056938153,0.07163315,0.9655078264134209,0.021517612239612,0.10776649,0.1466371,0.8595339536751069,2e-05
19,26,0.00594152133067565,0.060354505,0.07707935,0.9598599243324392,0.018390303178291236,0.099151485,0.13626061,0.8756041610920999,2e-05
19,27,0.004758024310788888,0.054143455,0.06897193,0.9679393538787255,0.017464369668492248,0.09652857,0.13164188,0.8763233637209084,2e-05
19,28,0.004353467779773697,0.05129913,0.065989494,0.9704035010262287,0.01584085283268775,0.09244975,0.12640724,0.8803590789512845,2e-05
19,29,0.0042982478267034495,0.051228676,0.0655662,0.9709065756891859,0.015568050223269634,0.09011372,0.1251236,0.8760979391134393,2e-05
19,30,0.004497469679200065,0.052271795,0.06706562,0.9695985203104975,0.016038998096649135,0.09736679,0.12664534,0.8689985216502433,2e-05
19,31,0.003900419976170584,0.048539173,0.0624578,0.9734596759887775,0.014844051761818784,0.09126987,0.12212533,0.8800454766050926,2e-05
19,32,0.004053855831647797,0.049514756,0.06367684,0.972594030795286,0.017921559678922807,0.09770572,0.13401979,0.8729856131527237,2e-05
19,33,0.0033624312703314924,0.045040395,0.057983454,0.9771251071425054,0.014558554094816958,0.08758591,0.12084612,0.8855937966668034,2e-05
19,34,0.0031165221954095306,0.04321092,0.055834655,0.9789611826941793,0.015090459691626685,0.08916984,0.12334761,0.8813864900786246,2e-05
19,35,0.0028685077885601006,0.04149154,0.053565245,0.9804832770810141,0.015869126555376818,0.093126684,0.1264717,0.8832932483703656,2e-05
19,36,0.0026804466256393103,0.040274233,0.051770404,0.9818600768202619,0.013912033988162875,0.08460703,0.11819967,0.8887182387529778,2e-05
19,37,0.0024931641365183847,0.039531447,0.049932525,0.9830878606129827,0.01448472891934216,0.08797163,0.12035329,0.8849552928713497,2e-05
19,38,0.0027549691181673417,0.04109859,0.052492443,0.9813325353312966,0.01428711973130703,0.08770026,0.119938135,0.8878537894251541,2e-05
19,39,0.002681465345112798,0.040325385,0.051787138,0.9818383586026359,0.014386109841455306,0.08671344,0.11997233,0.8840165070327206,2e-05
19,40,0.0024492980756744675,0.03804215,0.04948951,0.9834130564348773,0.014989568552534496,0.08842993,0.122307554,0.8825224866720002,2e-05
19,41,0.002304522293428325,0.037401125,0.04800997,0.9843428667448448,0.01485704630613327,0.087520726,0.12188365,0.8853923662417709,2e-05
19,42,0.0020970679834815802,0.035667136,0.045794815,0.9857528335907372,0.014115808232288276,0.08632334,0.118830964,0.8889909340899584,2e-05
19,43,0.0018186408511763352,0.033411708,0.04264481,0.9876712643064962,0.013638586071985108,0.085190006,0.116971366,0.8902497848511871,2e-05
19,44,0.0018696439964914363,0.03383758,0.043244235,0.9872921514232115,0.014900411545698131,0.0885683,0.12194967,0.8840283509207989,2e-05
19,45,0.0019882004049815516,0.034480296,0.04458876,0.9865616158584919,0.014221855173153537,0.08793654,0.11921302,0.8865011663450657,2e-05
19,46,0.0017956264494378641,0.032799415,0.042365633,0.9877931774604864,0.01416624803096056,0.08553456,0.119122714,0.8898934269294565,2e-05
19,47,0.001773526670115295,0.03297776,0.042109016,0.9880237160261869,0.013789776246994734,0.08526357,0.11775608,0.8884181233865187,2e-05
19,48,0.0017795078820879702,0.032653976,0.04218365,0.9879149666846254,0.014607689875577177,0.08608436,0.121031635,0.8890477637040506,2e-05
19,49,0.001785745448759261,0.032802228,0.042257465,0.9878586020027116,0.013709278045488256,0.08523306,0.11714397,0.8903361330817094,2e-05
19,50,0.0015957355249029035,0.031176336,0.039951935,0.9891912053649573,0.014733367233670183,0.08741498,0.121188015,0.886747039678387,2e-05
19,51,0.001445385850759258,0.0296417,0.038017184,0.9902071595260932,0.014573081363258618,0.0868701,0.12064537,0.8856529932108262,2e-05
19,52,0.0015267097229621086,0.030002639,0.03907454,0.9896294870692206,0.015320927170770509,0.087586194,0.12386967,0.8852126145815148,2e-05
19,53,0.0014068365943504968,0.028856514,0.037504893,0.9904543744187874,0.01591287606528827,0.090429544,0.12641336,0.8828915623954231,2e-05
19,54,0.0014563230724208857,0.029488115,0.038162638,0.9901306870651471,0.014637504238635302,0.08664543,0.120711476,0.8893663119287992,2e-05
19,55,0.0014998312293177593,0.030202584,0.038732752,0.9898126822086535,0.013723242595525724,0.08590315,0.117662705,0.8883999340401353,2e-05
19,56,0.0013031834787058114,0.028165586,0.036102083,0.9911403267828705,0.01366409785779459,0.08461903,0.11667975,0.8917650014011401,2e-05
19,57,0.0015024608953107391,0.030075304,0.038762446,0.9898463521723571,0.014345276967755385,0.08550626,0.11981208,0.888336652077836,2e-05
19,58,0.0014388679083932852,0.02968117,0.037930895,0.9902456597431464,0.013465730040999395,0.08340408,0.11639702,0.8906227169541584,2e-05
19,59,0.001286380705597732,0.027606927,0.03587045,0.9912551132409576,0.014930204355290957,0.08714606,0.12215629,0.8868214345917592,2e-05
19,60,0.0012792491883901165,0.027474472,0.035769466,0.9913160888453785,0.014826028740831785,0.087871425,0.12196435,0.8882893649246368,2e-05
19,61,0.0012387462832342624,0.026793625,0.035193782,0.9915960972688129,0.014638269619484032,0.08644021,0.12093954,0.8872080877041677,2e-05
19,62,0.0011947223607659619,0.026647028,0.034569986,0.9918947811195651,0.013736536959186196,0.08271834,0.1169455,0.8933133106851351,2e-05
19,63,0.001110071196954123,0.025878554,0.033325315,0.9924660785375868,0.014754208902429258,0.0872513,0.121126994,0.8865085243313618,2e-05
19,64,0.0010711876433407974,0.025068859,0.032731373,0.9927328805398649,0.014426588313654065,0.08632377,0.1197735,0.8881998265937839,2e-05
19,65,0.001091253721518616,0.025516884,0.03303425,0.9925956227662583,0.014509444457611867,0.08655353,0.12011305,0.890576588234228,2e-05
19,66,0.000965622998719652,0.024170415,0.031075783,0.9934591743732853,0.014034037178914462,0.08440698,0.11850309,0.8887604553598224,2e-05
19,67,0.0011224225206979525,0.025887473,0.033505,0.992384334369685,0.014116986022729958,0.08551521,0.11844555,0.8881110716237578,2e-05
19,68,0.0010452805109818196,0.024916532,0.032321747,0.9929071106822884,0.014586120112133878,0.08644997,0.12045133,0.8869177142228828,2e-05
19,69,0.0009851525426150308,0.02409796,0.031387832,0.9933094529225167,0.014963479246944189,0.087587774,0.122316495,0.8889861402738416,2e-05
19,70,0.0010012075047674544,0.023894573,0.03164633,0.9932116418783931,0.014411539138693894,0.08583259,0.12003053,0.889305380004309,2e-05
19,71,0.0009778906282790387,0.023730697,0.03127727,0.9933616179053603,0.01379212983218687,0.08473437,0.117297664,0.8894206782770007,2e-05
19,72,0.0009641138767109853,0.023957524,0.031039141,0.9934656446509248,0.01483047500784908,0.08853916,0.12152175,0.8891537258701018,2e-05
19,73,0.0009354807101364169,0.02334624,0.030587181,0.9936504149291425,0.014391685869278652,0.08564822,0.119552396,0.8891227257649902,2e-05
19,74,0.000844259638525328,0.022403196,0.029055147,0.9942736227566817,0.013654607614236218,0.0843207,0.11678133,0.8903175126774303,2e-05
19,75,0.000848423410397432,0.02211768,0.029130487,0.9942515514700211,0.013961151475086808,0.08506037,0.11818759,0.8875623859743553,2e-05
19,76,0.0008599995338971614,0.022577332,0.029327374,0.9941636698021653,0.01423195839327361,0.085329905,0.11903409,0.8914857487924795,2e-05
19,77,0.0008375559249135587,0.022382015,0.028939076,0.994310812202451,0.01388386603710907,0.08527317,0.117930986,0.8896376624182211,2e-05
20,1,0.060455654077580044,0.17812541,0.24590278,0.6320139782085809,0.024477049109659026,0.12555018,0.15701261,0.8170150936686087,5e-05
20,2,0.020694320050947297,0.11263136,0.14386046,0.8529844736764648,0.02286421986562865,0.10965976,0.15225105,0.8442077903912257,5e-05
20,3,0.020887370375811915,0.109343626,0.14454234,0.8532824548791812,0.0225359327159822,0.11101518,0.15074193,0.8149220128125427,5e-05
20,4,0.017657520034063224,0.098919496,0.13288441,0.8760047940316287,0.018286524174202765,0.10001563,0.1364585,0.8484113856171801,5e-05
20,5,0.011761646247773526,0.08386621,0.10845988,0.918040144164858,0.01569490883100246,0.09256258,0.12600163,0.8728341125706769,5e-05
20,6,0.008469438539365324,0.07118786,0.092033215,0.9419032486038929,0.01570750290660986,0.09369763,0.12591186,0.874354031019465,5e-05
20,7,0.006848735433446122,0.06489913,0.082775086,0.9527820059482177,0.017650593604360307,0.09768986,0.13389239,0.8664195594996921,5e-05
20,8,0.005279292970477978,0.05686228,0.07266361,0.9637359996460658,0.01412671066022345,0.08757222,0.11903659,0.8872234967704222,5e-05
20,9,0.004821698834127355,0.05432568,0.06943945,0.9670816169305608,0.015532416324796421,0.09100542,0.12500711,0.8799457261378132,5e-05
20,10,0.004169580657209192,0.051000282,0.06455,0.9716921605848032,0.02007027409438576,0.10334432,0.1422728,0.8663892080260054,5e-05
20,11,0.003399313383988131,0.045759182,0.05828947,0.976784065445569,0.01886800683236548,0.10483174,0.13727506,0.8755217097859102,5e-05
20,12,0.0032145945044129948,0.04406646,0.056691565,0.9780499327794508,0.015529234328174166,0.08939476,0.124557324,0.8777431479348532,5e-05
20,13,0.0032612053268354074,0.04481427,0.057109836,0.977848530314305,0.015136804564722947,0.09075245,0.12343466,0.8871247384063653,5e-05
20,14,0.003306775396280687,0.044967037,0.057516057,0.977410499786921,0.015708796946065768,0.090153225,0.12587519,0.879490969785876,5e-05
20,15,0.0027415930988728375,0.04091919,0.05234824,0.9813020080623802,0.015414922764258725,0.08940343,0.12448011,0.8783786466068405,5e-05
20,16,0.002381533456674699,0.038280528,0.048811577,0.9838016199755207,0.016773506799446686,0.09047769,0.12920785,0.8715489037922344,5e-05
20,17,0.0021106317872181535,0.03535573,0.04594472,0.9856229323492619,0.01720831130764314,0.093893684,0.130744,0.880674763336075,5e-05
20,18,0.0020264596482477736,0.034472648,0.04499534,0.9862116347341581,0.013788041625437992,0.084674,0.117814444,0.8875299194589906,5e-05
20,19,0.0023016372361551168,0.036841147,0.047975108,0.9843675021914876,0.015894812431984713,0.08982514,0.12659642,0.8824549073096231,5e-05
20,20,0.002062149504177864,0.035465796,0.045417164,0.9859448227117141,0.014704619667359762,0.08640705,0.12220035,0.8814973912955155,5e-05
20,21,0.0017582178186564316,0.03269771,0.04193816,0.9880471852525741,0.016183791116678288,0.09124219,0.12771513,0.873618141956403,5e-05
20,22,0.0017451320548550547,0.032482438,0.04177876,0.9881435757763162,0.014733134403026529,0.08563417,0.12105823,0.8839565678111914,5e-05
20,23,0.001772039830488823,0.03333803,0.0421001,0.9879303681427651,0.016150683231119598,0.08939725,0.126911,0.8734895715755211,5e-05
20,24,0.00154890924165565,0.030408358,0.039359268,0.9894629562542029,0.015289363318255969,0.08861701,0.12359293,0.8816102152068017,5e-05
20,25,0.001675343165983594,0.03160605,0.04092056,0.9886218014514454,0.01890970121270844,0.10114515,0.13793115,0.875817683080013,5e-05
20,26,0.0015569426702492148,0.030953519,0.03945383,0.9894108133506045,0.014402166408087527,0.08524935,0.11997669,0.8880108532612471,5e-05
20,27,0.0012969218401747502,0.02740442,0.036017835,0.9911808064363578,0.014771517532478486,0.08598458,0.12160806,0.8859301167897723,5e-05
20,28,0.001383337341292509,0.028577644,0.037190687,0.9906074556648902,0.01456936665012368,0.08579601,0.12116784,0.8861638000360599,5e-05
20,29,0.0016924492600286884,0.03162325,0.041139897,0.9884829933919578,0.014102865609207324,0.08450943,0.1188653,0.8872293084329296,5e-05
20,30,0.001534864679631716,0.030609062,0.03917918,0.9895617306517779,0.01495681337213942,0.08633755,0.122500986,0.8844657560081378,5e-05
20,31,0.0012401588953091442,0.02717481,0.035215553,0.9915651192004478,0.01440675779511886,0.0846206,0.12033747,0.8859594642905859,5e-05
20,32,0.0012416654912685262,0.02764622,0.035236757,0.9915529646923292,0.0141480401424425,0.08266338,0.119246095,0.8870512076806963,5e-05
20,33,0.0012348334832121314,0.027092392,0.03514226,0.9916022056723676,0.014056173519098334,0.08417103,0.11908965,0.8860215741067199,5e-05
20,34,0.001049867175382379,0.024869328,0.032405384,0.9928635546531365,0.015150526106091482,0.088250786,0.12303501,0.8896751314121009,5e-05
20,35,0.0010544254812281406,0.025220575,0.032469273,0.9928283887396144,0.015881961710484966,0.089644775,0.12645605,0.8818529889301921,5e-05
20,36,0.0009975125284203998,0.024115093,0.031579677,0.9932232512943633,0.013942733207451445,0.0832888,0.11783837,0.8897435445048925,5e-05
20,37,0.0009606965639624119,0.023810329,0.03099625,0.9934744793012874,0.01531333296692797,0.08784003,0.12392304,0.8837555541681378,5e-05
21,1,0.23622153998813897,0.3821194,0.48613235,0.1790734762337807,0.04236228098826749,0.16319278,0.20600629,0.6153365341334343,5e-05
21,2,0.043705981224775314,0.16331677,0.20907576,0.6778074197280721,0.03179163073322603,0.13460624,0.17799348,0.7707946379189785,5e-05
21,3,0.03086588262780526,0.1346271,0.17569803,0.781873670769605,0.024200469721108675,0.11833146,0.15562466,0.7999588100787512,5e-05
21,4,0.027311027110945955,0.12988935,0.16526487,0.8086789658777822,0.024623320238398656,0.12209218,0.15664446,0.8037685113357791,5e-05
21,5,0.022593004985877845,0.11822685,0.15029705,0.843195528776035,0.024994235086653913,0.11857021,0.15810268,0.7979681411862332,5e-05
21,6,0.019819012869184263,0.110666156,0.14077449,0.8640048172360146,0.02329272816755942,0.1090685,0.15321141,0.839842191005026,5e-05
21,7,0.017646160055056353,0.10383384,0.13281684,0.8801767118668498,0.029845235736242363,0.12474059,0.17440353,0.8227007101782572,5e-05
21,8,0.016038028136000176,0.09876529,0.12658298,0.8903966428778016,0.025010382091360434,0.116706416,0.15853806,0.8503161324695542,5e-05
21,9,0.014510297251290808,0.096137114,0.12045914,0.9014798271289576,0.03553446062973568,0.14446847,0.18811084,0.8493939152780817,5e-05
21,10,0.013780057508602877,0.09337977,0.11738448,0.9089755955105846,0.02183580644694822,0.109706864,0.14791818,0.8560272060618229,5e-05
21,11,0.012259042177732302,0.08754644,0.11073748,0.9171900595530333,0.01843929190986923,0.10130492,0.13634662,0.8473457290576533,5e-05
21,12,0.011378698671132188,0.08350822,0.10663997,0.9236462514053317,0.021243377522166287,0.11812565,0.14587769,0.8553651168315641,5e-05
21,13,0.010905474868263597,0.08286953,0.104408145,0.9280763206177279,0.01825197077622371,0.09828746,0.13482092,0.8624713964335586,5e-05
21,14,0.009049973095915168,0.07436458,0.095121644,0.9398968285854943,0.017259057045781186,0.094575256,0.1309087,0.8770628917556769,5e-05
21,15,0.009325053632067882,0.0760927,0.0965746,0.9373784149481609,0.017755981534719467,0.1022694,0.13420664,0.8616995143771351,5e-05
21,16,0.008155159127820178,0.07142154,0.0902895,0.9452602706173014,0.026557575379099165,0.12778066,0.16360404,0.8652505115283685,5e-05
21,17,0.007575366535076053,0.067831084,0.08703448,0.948257700227412,0.016588488294343864,0.09520335,0.12989661,0.870081455702586,5e-05
21,18,0.006777372339601132,0.06445909,0.08230317,0.9539679446136528,0.015096714454037803,0.08948944,0.12358001,0.8790898392340839,5e-05
21,19,0.006148859134997093,0.061608836,0.07842094,0.9586023650285571,0.015333870791697077,0.091719665,0.1251911,0.8774595594543029,5e-05
21,20,0.006008451680487422,0.061199404,0.07751594,0.9592720374405683,0.014118299154298646,0.08904234,0.11980819,0.883831562823419,5e-05
21,21,0.005373223114619467,0.057270203,0.0733006,0.9635772075722382,0.01766554412565061,0.09793116,0.13304745,0.8751558837116207,5e-05
21,22,0.004874397470685436,0.055689503,0.06982956,0.9670791721741337,0.013907841772639326,0.08596723,0.11879623,0.8857060145980944,5e-05
21,23,0.004865376818402906,0.055105142,0.06975639,0.9671425456424083,0.01634602205428694,0.09294001,0.12839453,0.8724243625416847,5e-05
21,24,0.003913366185200932,0.04892742,0.06256016,0.9733376693188248,0.015524258271657996,0.08942671,0.12444707,0.8785027124227421,5e-05
21,25,0.004217348791545727,0.050676618,0.06493498,0.9714766642259287,0.016954038591523255,0.09185755,0.13024569,0.8659997398658209,5e-05
21,26,0.003412794010609249,0.046099547,0.05842798,0.9767271583815638,0.015320471288370234,0.08915055,0.12358639,0.8898228931920055,5e-05
21,27,0.003725868785779958,0.04781051,0.061045744,0.9747026733634877,0.015736392499612912,0.09071234,0.1265525,0.8732283832983604,5e-05
21,28,0.003505414662987133,0.046806365,0.059217393,0.9761280639312149,0.01682442772601332,0.09474723,0.1296496,0.8841089213708564,5e-05
21,29,0.003940186817982347,0.048985496,0.06278042,0.9733191700874287,0.01910974963435105,0.10311825,0.13924475,0.8734129789704865,5e-05
21,30,0.0036467394691448067,0.047013883,0.06037688,0.9751581628582237,0.016933768655040433,0.096693456,0.13139173,0.8752240554566291,5e-05
21,31,0.002889781262808279,0.041875727,0.053735904,0.980361604195244,0.014316035135250007,0.087818414,0.12009134,0.8862685142965533,5e-05
21,32,0.00295904465346101,0.042954586,0.054386564,0.979893164964493,0.015152855310589075,0.09373172,0.123199604,0.8840771640896035,5e-05
21,33,0.0031721387798332164,0.044382285,0.0563263,0.9784534347844657,0.014201908438865627,0.087944336,0.11945801,0.8860976321653262,5e-05
21,34,0.0027179531355945516,0.04023265,0.052136727,0.9815339445079082,0.014168501199622239,0.0856995,0.11949266,0.8924489934557139,5e-05
21,35,0.002662156288028982,0.04058972,0.051595926,0.9818620029322709,0.013553943451760071,0.084129915,0.1160987,0.8915421313794014,5e-05
21,36,0.002362949000649746,0.038333975,0.04860048,0.9839528438444952,0.014942418850426162,0.09000105,0.12230458,0.8884878892942566,5e-05
21,37,0.002275471670757631,0.03726081,0.047705814,0.9844897856386121,0.015555883691247021,0.091718346,0.1253666,0.8892044780000898,5e-05
21,38,0.0019178223381663246,0.033951618,0.043799043,0.9869659712436553,0.013245918688231282,0.08323875,0.11593202,0.89215183125737,5e-05
21,39,0.0019125023494457182,0.033700738,0.043733735,0.9870049846863391,0.013392696955374308,0.08364567,0.11604232,0.8941851741644159,5e-05
21,40,0.00196393955636021,0.034418147,0.044317864,0.9866554321952283,0.01705930272250303,0.09527752,0.13084373,0.8888352981751605,5e-05
21,41,0.001659948437281005,0.03146695,0.040751006,0.9887070967747196,0.014424096327275038,0.08586937,0.120163456,0.891033110393767,5e-05
21,42,0.0017205384417402201,0.0324779,0.041464552,0.9883078213119615,0.014510575415832656,0.08428509,0.12033447,0.8888478005853295,5e-05
21,43,0.0015786815552741602,0.030797694,0.039732657,0.989254860155138,0.01459278874764485,0.08762462,0.121006474,0.8920922030106391,5e-05
21,44,0.0014970959169642183,0.030256206,0.038693104,0.9898252531560247,0.014300515642389655,0.08443545,0.11937901,0.8880932168471247,5e-05
21,45,0.0015312842964891032,0.030293277,0.03912223,0.9896012517525622,0.01394780505714672,0.08669809,0.118051924,0.8869298342291662,5e-05
21,46,0.0015042772718975059,0.029648809,0.038773827,0.9897758849536666,0.015296663889395339,0.08687468,0.12347588,0.8835929523876059,5e-05
21,47,0.001295594694897985,0.027984526,0.035993587,0.9912118236367519,0.015437251655384898,0.08809335,0.12411126,0.890430469157078,5e-05
21,48,0.0013594831365582787,0.028494718,0.036869407,0.9907656209528038,0.014739665435627103,0.08623881,0.121860646,0.8919294235152604,5e-05
21,49,0.0012938566242070503,0.027998464,0.035965428,0.9911972452688343,0.013064045824908785,0.0844095,0.114234135,0.8945993529067768,5e-05
21,50,0.0014446577874325634,0.029929196,0.038016018,0.9901986064692073,0.014224333622093712,0.08557655,0.119198054,0.8881995305013121,5e-05
21,51,0.0011965814949596457,0.027055172,0.034593556,0.991868913585572,0.014648942609450646,0.08612159,0.12070617,0.8887168960986689,5e-05
21,52,0.0011439059078192913,0.02605334,0.03382014,0.992219921393929,0.013986806185649974,0.084776975,0.11759725,0.8897071712487966,5e-05
21,53,0.0012232233875183057,0.02674059,0.03496581,0.9916943022822107,0.015864329745194743,0.091270804,0.1260792,0.8867740280031503,5e-05
21,54,0.0010637916161060751,0.025457453,0.03261271,0.9927970544483016,0.013608877646869846,0.085687555,0.11625458,0.8905496242952616,5e-05
21,55,0.0012439031245852776,0.027122987,0.03527396,0.9915339884681929,0.013675567461177707,0.08279906,0.11651678,0.8905365635581977,5e-05
21,56,0.001102794761166725,0.025151273,0.033214655,0.992500461184223,0.015049868828750082,0.08797715,0.12299488,0.8893423744977057,5e-05
21,57,0.0010112669407585898,0.024352314,0.031800676,0.9931343869162635,0.013609851910067456,0.08293625,0.11650739,0.8939702569009438,5e-05
21,58,0.0009445866540500842,0.023436258,0.030721594,0.9935888439365501,0.013378796633332968,0.08289839,0.11549737,0.8971773268171701,5e-05
21,59,0.0010917987856713654,0.025356818,0.03304485,0.9925772090753427,0.013286265378285731,0.083915904,0.11507481,0.8930360907541375,5e-05
21,60,0.0009786631570907014,0.023996288,0.031283993,0.9933443336454133,0.01383323804475367,0.08391628,0.11713551,0.8910802234290174,5e-05
21,61,0.0009484238918244003,0.023381308,0.030796748,0.9935597584499136,0.013834674177425248,0.08389793,0.11721225,0.8902395162533068,5e-05
21,62,0.0008745227252768579,0.022893282,0.029571045,0.9940603768318349,0.013909400340967945,0.08524434,0.11781869,0.8945970297047214,5e-05
21,63,0.0009430534231898627,0.024144247,0.030708255,0.993594880285011,0.014017324395743864,0.084356695,0.11821349,0.8898196255063662,5e-05
21,64,0.0009034682391918586,0.023067215,0.030058524,0.9938626353160509,0.014099274728713291,0.08486039,0.118459,0.8909194495845669,5e-05
21,65,0.0007913565699981577,0.02170733,0.028130142,0.9946248586590759,0.014462032155799014,0.08566137,0.12007185,0.8934337174790069,5e-05
21,66,0.0008244522685124147,0.022488669,0.028718825,0.9944002758961694,0.01444231705474002,0.08514254,0.11980715,0.8936883077208011,5e-05
21,67,0.0008176897511552045,0.021895556,0.028599935,0.994438933042601,0.013742896096248711,0.08316022,0.11637785,0.8923323504317148,5e-05
21,68,0.000714075158646104,0.020267522,0.026712919,0.995149819491699,0.013705023298306125,0.08352235,0.11657888,0.8918194740987145,5e-05
22,1,0.10963868373291236,0.22013147,0.33116302,0.4442887294973195,0.05638203996100596,0.19691624,0.24044706,0.3799295991516544,0.0001
22,2,0.04782113771467844,0.17043717,0.21871288,0.6055769811183014,0.040708884330732484,0.16085584,0.20298932,0.7200966287705247,0.0001
22,3,0.037553238195027705,0.14796686,0.1938002,0.7248781445294076,0.027213702044848884,0.1253788,0.1657904,0.7836176046706732,0.0001
22,4,0.026585582104102473,0.12831697,0.1630246,0.8117673253151872,0.02220618279118623,0.11712872,0.14885576,0.8235238445820733,0.0001
22,5,0.021875259031271823,0.115682505,0.1479292,0.8463745247324147,0.022035899106413126,0.10389058,0.15043753,0.8277169392618118,0.0001
22,6,0.018289436849495657,0.10642835,0.13524534,0.8721271765820169,0.020530029998293946,0.11189155,0.14556809,0.8290769676577123,0.0001
22,7,0.013268114864025439,0.09005951,0.11519228,0.9076585841921824,0.017793543304183652,0.1001968,0.13525224,0.8771822780760652,0.0001
22,8,0.010258430477980281,0.07985078,0.10126516,0.9287134500171834,0.017101457342505455,0.097898126,0.13229708,0.8613668594807243,0.0001
22,9,0.009347144668817382,0.07510339,0.096667506,0.9352790285620831,0.01500471671377974,0.09142479,0.123533286,0.8770584521382441,0.0001
22,10,0.0075197071250458465,0.06812137,0.08671488,0.9478495946987052,0.019596568441816738,0.09905429,0.14182635,0.8519863263526555,0.0001
22,11,0.00604687299400951,0.06040423,0.07775646,0.958310457396552,0.016865614635337676,0.093266204,0.13188682,0.8595811458962602,0.0001
22,12,0.008004082234088923,0.0703766,0.089463264,0.9447372796455863,0.01780158863402903,0.10005627,0.13551226,0.8725410013357949,0.0001
22,13,0.006436646908356277,0.06276356,0.08022977,0.9556354684156864,0.01494553395813065,0.08805948,0.12450837,0.8835865742649307,0.0001
22,14,0.004560087318967366,0.05328158,0.0675338,0.9688819100117767,0.015404410660266876,0.08971792,0.12591912,0.8782220427691627,0.0001
22,15,0.0036030795858198097,0.04747011,0.06002577,0.9753024718352764,0.013935764020841037,0.08438827,0.119688645,0.8870900508759914,0.0001
22,16,0.0031882196384107817,0.043831054,0.05646506,0.9782134621053575,0.015504193658541356,0.087822236,0.1259347,0.8811814877396539,0.0001
22,17,0.003028447782211702,0.043452654,0.05503093,0.9793272155844965,0.018182745336421897,0.10110686,0.1363594,0.8829835469036446,0.0001
22,18,0.0028438425637024377,0.041292023,0.05326346,0.9806712089824133,0.016170829434746077,0.09219694,0.12906802,0.8785663308930174,0.0001
22,19,0.0022212604597149957,0.03623776,0.047123488,0.984853813943416,0.015711669377716526,0.09006731,0.12630136,0.8813068604313882,0.0001
22,20,0.002028801193935187,0.035130832,0.045029443,0.9861758065641413,0.014864388520696334,0.087057695,0.123315014,0.8874752075705642,0.0001
22,21,0.0018128421359965316,0.03267287,0.04258374,0.9876468590776394,0.01555685599201492,0.08824313,0.12581182,0.8713164763293773,0.0001
22,22,0.0018013372743136693,0.033151805,0.042449463,0.9877219721680099,0.01490449792306338,0.08812218,0.12293589,0.8869168977162121,0.0001
22,23,0.0017603922637492836,0.032140646,0.041962728,0.9880023883959949,0.01627179335004517,0.088634625,0.12879953,0.8719391818478388,0.0001
22,24,0.0017420476526631235,0.032393873,0.041740682,0.9881279739392627,0.015276768211541432,0.087383136,0.12545958,0.8838295705659751,0.0001
22,25,0.0015704118968727432,0.03085019,0.03963287,0.9893100662688277,0.01421420944721571,0.08332769,0.12039232,0.8865622360986011,0.0001
22,26,0.0013328727487600888,0.027691424,0.036507916,0.9909211800339403,0.014980938086020095,0.08470625,0.123829365,0.8856263092082602,0.0001
22,27,0.0013957936762805994,0.02908194,0.037353147,0.9905116940451444,0.016798990379486765,0.09506123,0.130935,0.8843673618830663,0.0001
22,28,0.0013882401750192359,0.02850692,0.03724332,0.9905591403625766,0.016581164872539893,0.09801585,0.12935373,0.8895894428092203,0.0001
22,29,0.001365826306070384,0.028118337,0.03695796,0.9907087648549734,0.013986898220277258,0.08410157,0.11942097,0.886005582689546,0.0001
22,30,0.00110726687751458,0.025182245,0.033278633,0.9924593558225117,0.014871871631060327,0.08640049,0.123318,0.8887458468722311,0.0001
22,31,0.0011430026402492425,0.025691457,0.033809755,0.9922339562972323,0.013827114731871657,0.08198176,0.11877384,0.887941382560411,0.0001
22,32,0.0011125974820613443,0.02549345,0.033345174,0.9924330326072683,0.015304787516860026,0.08660298,0.12516837,0.8815744746125417,0.0001
22,33,0.001218001890783938,0.027031863,0.034904487,0.9917209380715625,0.01532753127893167,0.088350825,0.12501922,0.884537795915749,0.0001
22,34,0.0012145495653113297,0.026967132,0.034852076,0.9917365857305532,0.01686311968868332,0.0946297,0.13157809,0.8809124496988621,0.0001
22,35,0.0013346902560442686,0.028315602,0.036540385,0.9909062672566264,0.016208378864186152,0.08808673,0.12881248,0.8761703982474933,0.0001
22,36,0.00115588245800235,0.025781866,0.03399585,0.9921497574838851,0.013507007920582379,0.08308666,0.11686006,0.8893561025143994,0.0001
22,37,0.00106524479266465,0.024895312,0.0326423,0.9927471012923513,0.015212884704981531,0.086877905,0.124295756,0.8785286481538285,0.0001
22,38,0.00100696662962589,0.024016263,0.031730704,0.9931507854096795,0.013809316192886658,0.08302609,0.11833118,0.8887759377464135,0.0001
22,39,0.0009586841880374318,0.02368641,0.0309605,0.9934775996407741,0.015274167360205735,0.086878315,0.12451766,0.8803635891081893,0.0001
22,40,0.0008871692592369514,0.022908853,0.029781567,0.9939749824239461,0.014685035017984254,0.08718645,0.12188128,0.8848809051767743,0.0001
22,41,0.0010112073510737272,0.0243558,0.031797722,0.9931232232256801,0.015004097617098264,0.08613733,0.12332206,0.88500140374098,0.0001
22,42,0.0009311213798355311,0.02325553,0.030508487,0.9936740259925106,0.01676336832211486,0.09397852,0.13097699,0.8797366681955682,0.0001
22,43,0.000905838510087935,0.022868646,0.030100804,0.993840870610416,0.014580562311623777,0.08496255,0.12201356,0.8832565674722673,0.0001
22,44,0.0009207811647760639,0.022967864,0.030342676,0.9937383731456767,0.014073935536933797,0.08570406,0.11959634,0.887046584848273,0.0001
22,45,0.0007495499020453247,0.020513618,0.02737958,0.9949021136871918,0.014961560522871358,0.08622619,0.12380581,0.8817860355005773,0.0001
22,46,0.0006879043323912649,0.020105742,0.026217146,0.9953268253749825,0.014876770587371928,0.086126514,0.12304097,0.8818834618386432,0.0001
22,47,0.0007283706827280678,0.02024834,0.026975466,0.9950570336857139,0.015350599074736238,0.086088695,0.12525423,0.8784327197175265,0.0001
22,48,0.0006485235097787613,0.01909466,0.025464028,0.9955931070696115,0.014647158162136163,0.085188426,0.12238454,0.8856400764423723,0.0001
22,49,0.0007595662325435692,0.020440515,0.027543174,0.9948415982035143,0.013227924704551697,0.083811685,0.11611108,0.8915314054962223,0.0001
22,50,0.0009345711560029902,0.023547977,0.030575292,0.9936435818457587,0.016187041997909546,0.08902185,0.1284245,0.8756428685593964,0.0001
22,51,0.0008478178030693747,0.021917075,0.02911921,0.9942333943522139,0.01558631778295551,0.08720397,0.12642322,0.8787470947294262,0.0001
22,52,0.0007685027345003142,0.021000173,0.027721487,0.9947781984309517,0.014926934714562126,0.085278206,0.12325169,0.8824188675638898,0.0001
22,53,0.0006413055143469214,0.018793544,0.025319058,0.995641512264309,0.013637496391311288,0.08052557,0.11777801,0.8904331839782001,0.0001
22,54,0.0006592401521493654,0.01943177,0.025673922,0.9955205946486463,0.014331502008384891,0.08420032,0.1205058,0.8858495933385723,0.0001
22,55,0.0006425123544525199,0.018928073,0.025349995,0.9956325976610791,0.014289328096700566,0.08245802,0.12064469,0.8854222314850269,0.0001
22,56,0.0005426289085037658,0.017612645,0.023295103,0.9963129073028817,0.015531987750104495,0.08505551,0.12585413,0.8817907544841611,0.0001
22,57,0.000625937375393435,0.018744972,0.02502139,0.9957456464768455,0.014542497162308012,0.08415042,0.121700816,0.8870538603348681,0.0001
22,58,0.0005357267761278776,0.016789503,0.023144715,0.9963618563149644,0.013616336709154504,0.082289115,0.117441036,0.8899750479916859,0.0001
22,59,0.0006622759717523129,0.019295625,0.0257365,0.9954980619226939,0.014398749152730619,0.084266305,0.12091775,0.8874711973803451,0.0001
22,60,0.0006232127637295575,0.01895603,0.024966175,0.995763273848894,0.013517789908551745,0.08191096,0.117028885,0.890732084712471,0.0001
22,61,0.000581252083337918,0.01769424,0.02410863,0.996049798943781,0.014192327723971434,0.08279096,0.11992343,0.8855085029298241,0.0001
22,62,0.0005177030353164996,0.017117871,0.022756873,0.9964814583977775,0.013872240869594472,0.083316036,0.11866445,0.8914370768458028,0.0001
22,63,0.0005221417018432153,0.017308805,0.022849131,0.9964544445884809,0.015424178214743733,0.08790239,0.12519626,0.8837126831125184,0.0001
22,64,0.0005197402808726025,0.017061707,0.022801736,0.9964662571255488,0.014984369477523225,0.08439524,0.123173594,0.8811065589457443,0.0001
22,65,0.0004721830834832617,0.015771646,0.021714855,0.9967957588177012,0.016041681802432452,0.088729426,0.12752832,0.8822823075511355,0.0001
22,66,0.0004982112443251927,0.016549893,0.022325095,0.9966174378471303,0.01472701910617096,0.08737249,0.12230911,0.8860734975735982,0.0001
22,67,0.00048035680593554994,0.016262239,0.021920681,0.9967344895890381,0.015274492790922523,0.08671769,0.12448912,0.8858018061028168,0.0001
22,68,0.0004279015800794891,0.015254743,0.020677757,0.9970953167428525,0.01358965435065329,0.08170342,0.11726829,0.8898339748343359,0.0001
23,1,0.10683273647642025,0.25133795,0.32690495,0.23948646403103513,0.035585917732013125,0.13741705,0.189946,0.7226902401717983,0.0001
23,2,0.034880095352984475,0.14439653,0.186765,0.7509715950956242,0.026849962238754545,0.12044436,0.16489853,0.8131915886064327,0.0001
23,3,0.028224227114397787,0.13153261,0.16801693,0.8052518087768569,0.02304670414222138,0.107653715,0.15181908,0.8236616741180527,0.0001
23,4,0.025543026547774534,0.12665713,0.1598224,0.8263518323313722,0.019833432443972145,0.103002034,0.14250156,0.8378784708632514,0.0001
23,5,0.023568927014472885,0.11829515,0.15353447,0.8459529476036188,0.02483361367402332,0.11274011,0.15406674,0.8298145566413584,0.0001
23,6,0.01908667899111164,0.10863986,0.13815972,0.8733770512377759,0.02328910306096077,0.1211421,0.15398058,0.8281258327024107,0.0001
23,7,0.017004810056048578,0.1020299,0.13038893,0.8854046696783111,0.028243042528629303,0.12856866,0.16891,0.845244204000386,0.0001
23,8,0.015856938275604325,0.0992567,0.12591541,0.8949536196993342,0.020756326615810394,0.10913374,0.14374211,0.8316708456350298,0.0001
23,9,0.016147587261223628,0.09975072,0.12705249,0.8895786609316835,0.02663236217839377,0.12766452,0.16049275,0.8569443821443689,0.0001
23,10,0.01616196537599246,0.0993065,0.12714879,0.8856665481595318,0.021415052669388906,0.10761184,0.14440498,0.8494514018066442,0.0001
23,11,0.013358355961113332,0.09148437,0.11557753,0.9086881997890918,0.019384033046662807,0.10324851,0.13974832,0.8425548986103092,0.0001
23,12,0.013238205443893638,0.089833975,0.11505511,0.9103670216967187,0.019519073888659477,0.107677676,0.1382587,0.8570142795715201,0.0001
23,13,0.010431100777567965,0.08051901,0.1021262,0.9284775232088168,0.021796818656314696,0.11025903,0.14776959,0.8590665695661189,0.0001
23,14,0.008071137866370868,0.07031486,0.08980814,0.9450007522294546,0.018955104618466327,0.098139174,0.13775852,0.8600183287885491,0.0001
23,15,0.00907855966807317,0.07459955,0.09529184,0.9385226788031549,0.02269093767141125,0.10919227,0.14788169,0.871155049505476,0.0001
23,16,0.00814520321551397,0.07116327,0.09025625,0.9443390183081354,0.015276012310226048,0.09010498,0.12315671,0.8785736998284617,0.0001
23,17,0.007002766076562421,0.06548714,0.08368847,0.9524007271756462,0.019313358967857703,0.10239358,0.13939081,0.8719034869211921,0.0001
23,18,0.006288428978002239,0.06260028,0.0792947,0.9566417070136621,0.015484506929559367,0.09413435,0.12417908,0.8740725986418012,0.0001
23,19,0.006471744754839096,0.062297877,0.08046009,0.9553733203370243,0.017419197097686783,0.09717148,0.1305032,0.8630690251594698,0.0001
23,20,0.006424960009013868,0.06283815,0.08014081,0.9560214080681215,0.018078834849542806,0.09760349,0.1340765,0.8756876949253478,0.0001
23,21,0.006513625693455269,0.06314119,0.080709584,0.9551680560225478,0.01889275699587805,0.1072003,0.13619114,0.8682687086100543,0.0001
23,22,0.006648081100206369,0.0642227,0.08153483,0.9542266160360083,0.015649603912606835,0.09006008,0.12339716,0.8779422804862279,0.0001
23,23,0.005068727109633455,0.055707484,0.07119504,0.965291025944325,0.01608431512223823,0.090805575,0.124392495,0.8743339907165053,0.0001
23,24,0.004300961499407052,0.051456846,0.065559745,0.970527596119735,0.01668023969978094,0.089539774,0.1291763,0.8775567559674544,0.0001
23,25,0.007125069694071312,0.063970536,0.08441816,0.9508229489281603,0.023000761633738875,0.1116096,0.15175149,0.8692883627895585,0.0001
23,26,0.005337735952452591,0.05723579,0.073042974,0.9633256483499779,0.019793451630643437,0.10785528,0.14080508,0.8741242724314102,0.0001
23,27,0.005506506542213888,0.058096178,0.074210405,0.9621820830331254,0.01880508062562772,0.1005587,0.13660379,0.8708437615959895,0.0001
23,28,0.004817730070431238,0.05412865,0.06940337,0.9668658033253141,0.015869189918573414,0.092565745,0.12523301,0.8814242697552347,0.0001
23,29,0.0039264267826209145,0.048824154,0.06266012,0.9731376225794952,0.01579415106347629,0.09353038,0.12539814,0.8909467842866496,0.0001
23,30,0.004167794059552948,0.050286513,0.064556085,0.9713938044182986,0.01708778945196952,0.09249569,0.1303425,0.8655915711259783,0.0001
23,31,0.003980821200916283,0.04922332,0.06310765,0.9727711423900348,0.017013506797541465,0.094201006,0.1309056,0.8762314024288278,0.0001
23,32,0.0029819221741728763,0.04258809,0.054613825,0.9795843698538003,0.014964452113157936,0.085428424,0.12188829,0.8842434424461518,0.0001
23,33,0.003176117283792592,0.043523405,0.05636425,0.9783342137701264,0.013701454736292362,0.08320011,0.11690618,0.8936137752138361,0.0001
23,34,0.0022510946831648527,0.036239922,0.047451645,0.9846288418298721,0.014444430990676795,0.08513949,0.119773,0.8882304442795371,0.0001
23,35,0.0018762336444396908,0.033391397,0.04332002,0.9872287441828664,0.0141956440971366,0.08359829,0.11855761,0.8874938628526216,0.0001
23,36,0.0016182872654965895,0.031083915,0.040225405,0.9889721350266761,0.013577910805387157,0.0825779,0.115699634,0.8940346102775626,0.0001
23,37,0.00149956459797501,0.029706692,0.038729742,0.9897838807933571,0.014195320063403674,0.08647875,0.11835979,0.8939793618723718,0.0001
23,38,0.0013822875715679029,0.028010776,0.03717758,0.990582467061109,0.014710900273972325,0.0839774,0.12068027,0.8928942194780397,0.0001
23,39,0.0012864067293181318,0.027156765,0.03586395,0.9912356921548967,0.01438948222702103,0.08444044,0.11883986,0.8889453043447227,0.0001
23,40,0.0012865341918556037,0.027527014,0.03586657,0.9912548296492707,0.01397098507732153,0.08221845,0.11767586,0.8931346986379929,0.0001
23,41,0.0014086461897447672,0.028734962,0.03753501,0.9904004016649545,0.018367849124063338,0.09847588,0.13567431,0.8815842122747212,0.0001
23,42,0.002012064638025362,0.033924982,0.044854093,0.9862696166572803,0.016034822312316725,0.091929376,0.12718567,0.8765416866299557,0.0001
23,43,0.0025832404237823717,0.03833058,0.05083185,0.9823482625827944,0.014811656304768153,0.08649094,0.12229904,0.881739400659519,0.0001
23,44,0.002520239826565974,0.03887937,0.05019619,0.9827669539781354,0.016160814557224512,0.09104492,0.1274872,0.8734929759182727,0.0001
23,45,0.003518363197059936,0.04429259,0.0593175,0.9758392392886299,0.019395819532551935,0.10088359,0.13909255,0.848048451020844,0.0001
23,46,0.004322130725910521,0.04973971,0.06574877,0.9702588672544913,0.01535206228228552,0.090185255,0.12511694,0.8754740054908813,0.0001
23,47,0.004271183841835673,0.049881645,0.0653654,0.9706212039031713,0.018728240825501934,0.09869473,0.13724272,0.855524980753531,0.0001
23,48,0.004163515675708512,0.049241457,0.06453416,0.9713671998889739,0.01923909191308277,0.10520151,0.14054725,0.8518388365676962,0.0001
23,49,0.0032540556526455644,0.043527443,0.057038266,0.9776808981385463,0.016654920930575048,0.09077427,0.13094889,0.8728716466163038,0.0001
23,50,0.003542082185669863,0.044991124,0.05950894,0.9756858009873506,0.020698159201336757,0.10271773,0.14536755,0.843421201354511,0.0001
23,51,0.003364507833530552,0.04513188,0.05801404,0.9769029431786874,0.01855728472582996,0.09988895,0.13811581,0.8615341980998371,0.0001
23,52,0.0021838470673293015,0.035813868,0.04673445,0.9850829457740653,0.016826960125139782,0.09103877,0.1308807,0.8652440853318979,0.0001
23,53,0.001692058223682656,0.031069284,0.041125216,0.9884556695201805,0.01856249836938722,0.0954208,0.13656124,0.8617267249891666,0.0001
23,54,0.0016771542717850653,0.030687537,0.040953614,0.9885916862471856,0.01746759676773633,0.0927757,0.13285305,0.8708796394289406,0.0001
23,55,0.0013400877477213844,0.027847653,0.036611035,0.99086687478757,0.01590427047839122,0.08957375,0.12663895,0.8749618546244428,0.0001
