config_id,epoch,train_mse,train_mae,train_rmse,train_pearson,valid_mse,valid_mae,valid_rmse,valid_pearson,learning_rate
0,1,0.02749060982676162,0.123634696,0.16572236,0.7921326928168773,0.020527773686572565,0.10621422,0.14424177,0.8318661273487068,1e-05
0,2,0.01362030995746821,0.089236125,0.1167051,0.9029482549608159,0.017522531383696735,0.09680424,0.13328807,0.853265387290001,1e-05
0,3,0.009177845542309056,0.07287231,0.09579544,0.9356863822920499,0.015512995909106124,0.092111826,0.12530044,0.8714031056319226,1e-05
0,4,0.006063370280801188,0.06008571,0.07786032,0.9580069310583256,0.01529496274478906,0.091703765,0.124379285,0.8757505026304012,1e-05
0,5,0.004868339749689461,0.053500373,0.06979177,0.9664044929626397,0.01458404746329136,0.090313785,0.12133613,0.8833679866061813,1e-05
0,6,0.0035694336567639,0.045884732,0.059756037,0.9754822803698525,0.016618340890326416,0.09280607,0.12980983,0.8832569135075973,1e-05
0,7,0.0030673267562557056,0.042713095,0.055392902,0.9789685709571931,0.017328396481591173,0.097289644,0.13244726,0.8771086741095142,1e-05
0,8,0.002661425483659505,0.039110277,0.051598225,0.9817991453805325,0.01625795630820061,0.09140677,0.12805896,0.8687487136502772,1e-05
0,9,0.003077152342425124,0.040862974,0.05548303,0.9789347832823001,0.014536985205874467,0.088423185,0.121002145,0.8864182619680072,1e-05
0,10,0.002480371404242964,0.03703311,0.04978984,0.9830756101459883,0.015617428270868712,0.08933294,0.12584557,0.8863843700084421,1e-05
0,11,0.0028953790878591106,0.03981439,0.053804077,0.9801695055839906,0.01625577460206976,0.08819774,0.12823933,0.8747050657795651,1e-05
0,12,0.002034539690705791,0.033977035,0.04502479,0.9861681445130708,0.014923852498651724,0.086802006,0.122844204,0.884201954330202,1e-05
0,13,0.0018050977126213778,0.031212993,0.042494506,0.987701398236611,0.013805487444322487,0.08301585,0.11825941,0.8894286197678176,1e-05
0,14,0.001747015097471461,0.0309254,0.04179576,0.9880932657402358,0.014076906688488735,0.0830965,0.11943815,0.8902353859464666,1e-05
0,15,0.001689756813520434,0.03035803,0.041109577,0.9884776060210241,0.014976710178113231,0.0871168,0.12316115,0.8784595400562858,1e-05
0,16,0.0016322199081625053,0.03018675,0.040403113,0.9888731422719631,0.013298022549996083,0.08294918,0.11590491,0.8925256001802416,1e-05
0,17,0.0013811393489228305,0.02744222,0.037164893,0.9905879623728187,0.014611882203974313,0.08630946,0.12168497,0.8885645766468443,1e-05
0,18,0.0015236049554923144,0.028549885,0.03878564,0.9897529602557559,0.013863885543455749,0.08475271,0.118520394,0.8876906798278893,1e-05
0,19,0.0015076399168065448,0.028716078,0.03882856,0.9897356701525769,0.015292666165839398,0.088481545,0.12447585,0.8855919014821488,1e-05
0,20,0.001459196055208433,0.027957812,0.03820183,0.9900604343208443,0.0168497281507977,0.09191761,0.1306933,0.8796082406085969,1e-05
0,21,0.001264427978776014,0.02595527,0.03555077,0.9913912373715064,0.01589486042778137,0.08774314,0.1269067,0.8829406016751205,1e-05
0,22,0.001153780860154129,0.02457597,0.03396942,0.9921436994139747,0.01462387211601405,0.08287359,0.121765934,0.8857461088097697,1e-05
0,23,0.001128280061034572,0.02408172,0.0335941,0.9923168935700267,0.015964224991505575,0.08806522,0.1272353,0.8812849712232439,1e-05
0,24,0.001071552444700161,0.023798525,0.03273601,0.9927025969180633,0.014881225150828768,0.08413557,0.12282285,0.8874245952399791,1e-05
0,25,0.0010558129962259743,0.02356657,0.032485966,0.992815844063626,0.015429604000894836,0.085799046,0.12496701,0.8828744324880695,1e-05
1,1,0.027482606031579426,0.12193538,0.16573253,0.7929684206367401,0.023482890101149678,0.114159144,0.15407668,0.8019221687353069,2e-05
1,2,0.01349699667589108,0.08783911,0.11616653,0.904027147391972,0.017520945003963315,0.09397227,0.13317016,0.8536294792587302,2e-05
1,3,0.008231635818328104,0.06779151,0.09072608,0.9426368653895433,0.016284878466346225,0.0931849,0.12850599,0.8656822070594195,2e-05
1,4,0.005524110976795918,0.056210704,0.07431588,0.9619116596566152,0.01885732132682784,0.09756154,0.13803507,0.849521013300658,2e-05
1,5,0.004422108099831102,0.050338432,0.066511184,0.9695990279981932,0.01794492220411754,0.09551705,0.13489674,0.8586938053884127,2e-05
1,6,0.0035895222310636686,0.045805227,0.059911583,0.975406126614519,0.015938630392257538,0.09020349,0.12710606,0.8698499345374606,2e-05
1,7,0.0033257863335046894,0.043788496,0.057672195,0.9772205515584603,0.01540656408394204,0.08819193,0.12496011,0.8774069842185306,2e-05
1,8,0.0027125664546368334,0.03949728,0.052092012,0.9814384444894375,0.016511955979189627,0.08992201,0.12936708,0.8659520717793197,2e-05
1,9,0.0024235335611626743,0.037108306,0.049240015,0.9834544601752382,0.015212358851891218,0.08680086,0.124178514,0.8784025529692354,2e-05
1,10,0.002487385881280393,0.037481453,0.049878057,0.9830194349893163,0.016144181852858444,0.09084425,0.12790306,0.8749032707229876,2e-05
1,11,0.0027441749179900475,0.038821343,0.052382696,0.9812287605549853,0.01684779867732518,0.09354105,0.13069117,0.8764816775207437,2e-05
1,12,0.00209157388909372,0.033324927,0.045699906,0.9857472700097331,0.01665256280318351,0.09048027,0.12991491,0.8776536226867169,2e-05
1,13,0.0018127718049284927,0.03156977,0.0425794,0.9876400209085499,0.013667244590814571,0.085211866,0.11771584,0.8910971724022205,2e-05
1,14,0.002007734554473101,0.032676853,0.044819966,0.9862879987854891,0.02166560604840655,0.10317341,0.14804034,0.8585690240148534,2e-05
1,15,0.0019175206064225515,0.031492773,0.043796055,0.9869061119603499,0.015678448048506485,0.09004483,0.12585175,0.8808309354007663,2e-05
1,16,0.0015775488973219164,0.02949165,0.03972274,0.9892479422426206,0.016682176561853675,0.09126811,0.13003239,0.8720759372851568,2e-05
1,17,0.0012970572001777157,0.026283393,0.036023166,0.9911566776385242,0.015185656877292786,0.08722265,0.12409368,0.8829091788105186,2e-05
1,18,0.0012919151537300133,0.025714751,0.035618022,0.9913660229513345,0.015754008593190788,0.09017373,0.12637067,0.881820343417753,2e-05
1,19,0.0012745143877280192,0.026279401,0.035708956,0.9913161590922871,0.016473859956022352,0.090410545,0.12924674,0.8705714524425513,2e-05
1,20,0.001198610453370025,0.024872348,0.034616683,0.9918388740334833,0.018434293581338825,0.09434455,0.13671145,0.8668470865583021,2e-05
1,21,0.0012304381884328803,0.025718568,0.035069436,0.9916239646176981,0.015415801181074197,0.08735279,0.12501387,0.8754773845571058,2e-05
1,22,0.0011788214419581645,0.024622895,0.03433703,0.9919673315916153,0.0153762433763539,0.087148495,0.12486954,0.8750212784429628,2e-05
2,1,0.027053933506875048,0.12192495,0.16436353,0.797747283412143,0.025466570604799524,0.11727744,0.16039823,0.7893522612541831,5e-05
2,2,0.013576131239239666,0.08711392,0.11652295,0.9035117216276558,0.01978708917050864,0.10131483,0.14145963,0.8441303173119368,5e-05
2,3,0.009867609022765922,0.07581069,0.099348575,0.9307832352297463,0.021470636845117918,0.11432908,0.14656852,0.8706896397494907,5e-05
2,4,0.006091915096408442,0.058960307,0.0780647,0.9578071501250166,0.01739745426608284,0.095615044,0.13279122,0.8592139301297855,5e-05
2,5,0.004679473726882351,0.051188458,0.06841843,0.9677481365032389,0.017624184116289986,0.09189848,0.13366486,0.8611673052830671,5e-05
2,6,0.003131059794332797,0.04193205,0.055953506,0.9785364115882345,0.015427237758154256,0.08670248,0.12498412,0.8845096228782546,5e-05
2,7,0.002863379273447072,0.039338943,0.05351924,0.9803979861543418,0.01581027418163743,0.08801794,0.1266172,0.8771358157558324,5e-05
2,8,0.0028417117490254183,0.03974539,0.0533142,0.9805396512238248,0.02659494506790199,0.11329716,0.16326733,0.8342686088353191,5e-05
2,9,0.00327499231458783,0.042427972,0.057221103,0.9775698392907637,0.01890216869678288,0.0927114,0.13844559,0.853487237288825,5e-05
2,10,0.0031680024337398444,0.041969124,0.056298055,0.978316470178082,0.0198569985675729,0.09354997,0.14185922,0.8483591189471207,5e-05
2,11,0.004020672768967976,0.044353075,0.06342054,0.9723650985364977,0.019471385992666776,0.09990333,0.14048338,0.8384999458717344,5e-05
2,12,0.005357371592389911,0.053895745,0.073162735,0.9630348568978524,0.021757636673336727,0.10212138,0.14850704,0.8445348604980855,5e-05
2,13,0.0036830553161172103,0.04544805,0.060695007,0.9747140403728838,0.020685630743779864,0.09559449,0.14476684,0.83471470670441,5e-05
2,14,0.002255374808147646,0.034724835,0.047494657,0.9845762709998201,0.016964766861982988,0.088388816,0.13113633,0.864950968460995,5e-05
2,15,0.0013839818114651722,0.02707322,0.037203934,0.9905625193301751,0.0173070286076735,0.09059257,0.13247885,0.863393671984195,5e-05
3,1,0.06698526364313787,0.20708914,0.2586941,0.33205191556076313,0.06616146572762066,0.21332866,0.2585813,0.3549271582188732,0.0001
3,2,0.06710548631392123,0.2091053,0.2590692,0.30233128241027396,0.09660785361538055,0.25650108,0.31286812,-0.09059229636864861,0.0001
3,3,0.0770759326117505,0.22620305,0.27760398,0.0036667147586503883,0.06938688758829678,0.21991847,0.26462328,0.08811174891504757,0.0001
3,4,0.07461445213178015,0.22352514,0.2731836,0.056292479917198365,0.06908386128230228,0.21927962,0.26405784,0.23848281700849874,0.0001
3,5,0.0754297551482472,0.22462535,0.2746977,-0.02110940548729613,0.06693333504652535,0.21487261,0.2600356,0.2367552257956532,0.0001
3,6,0.07295836783754074,0.22013833,0.27015704,0.13385757816221006,0.07640871241757716,0.23395742,0.27741662,-0.22788398190730233,0.0001
3,7,0.07527650070428918,0.22435771,0.2744428,-0.03961340945906205,0.06637881133981326,0.21371517,0.25899434,0.32814313285862784,0.0001
3,8,0.06850342278392707,0.212472,0.2617794,0.2711994919711176,0.06644712113861546,0.21297692,0.25950402,0.39593295276968454,0.0001
3,9,0.07571837285350765,0.22635686,0.27508,-0.005729957748945042,0.06445376778504362,0.20961146,0.25531167,0.29159098752603724,0.0001
3,10,0.07059029235953909,0.21635358,0.26562837,0.21210475172446516,0.06475943066524686,0.20966648,0.2559678,0.20827195641404608,0.0001
3,11,0.07460289050892396,0.22314687,0.2731134,-0.011733540918481585,0.06471401142577331,0.20954877,0.2558812,0.16608560533945146,0.0001
3,12,0.07461122783264319,0.22332117,0.2731508,0.002531112482323074,0.06935522165494384,0.21992008,0.2645585,0.15519506444057543,0.0001
3,13,0.07481427721420268,0.22364587,0.2734913,-0.03993969069882905,0.0668789053991161,0.2147794,0.25993216,0.19288380245783518,0.0001
3,14,0.0746176559045567,0.22345841,0.2730905,0.0033691034999463625,0.0706597633694333,0.22257605,0.26697782,0.23742696019407344,0.0001
3,15,0.07476222135614012,0.22467016,0.2733923,-0.002378584760289346,0.0674176177320381,0.21579069,0.26094562,0.22910515169894655,0.0001
3,16,0.07455263576344108,0.22325847,0.2730215,-0.018228496715874284,0.06494210331045368,0.21027744,0.25630525,0.22169321314408152,0.0001
3,17,0.0743188746376877,0.22332738,0.2726911,0.0033960485856711145,0.07031416808496471,0.22183901,0.2663396,0.21416342191235657,0.0001
3,18,0.07564490117681012,0.22498918,0.27496994,-0.018258882032069462,0.0700406711893501,0.2212471,0.26583382,-0.07543246687339704,0.0001
4,1,0.027457019764599258,0.12421302,0.16567759,0.7921372614606798,0.021267720256690627,0.108287044,0.14608447,0.8416377429881512,1e-05
4,2,0.013073601679458657,0.0876097,0.11434381,0.9069805703846336,0.01692122922934316,0.09229096,0.13016085,0.8690036242612778,1e-05
4,3,0.008564451927804414,0.071004614,0.092540994,0.9400905087855257,0.016234978973106655,0.09118688,0.12752229,0.8702769093993841,1e-05
4,4,0.006111252956934465,0.060920008,0.07817745,0.9576273574567734,0.014078716963046679,0.08540629,0.11885931,0.886817363753423,1e-05
4,5,0.004488165898326889,0.05163267,0.06698364,0.9690725287622636,0.01449997264339968,0.08599943,0.12031126,0.8872040644014163,1e-05
4,6,0.003515811294597948,0.045762848,0.059278447,0.9758686893506696,0.013667348806780798,0.08392968,0.11701796,0.8895959774673049,1e-05
4,7,0.0028911210307155117,0.040648878,0.05376855,0.9801908810080958,0.015287793353544894,0.08584064,0.12398764,0.8771489014072772,1e-05
4,8,0.0023638679987041575,0.037245218,0.04861933,0.9838335339103969,0.015801149515297125,0.0864614,0.12607963,0.8735672379545739,1e-05
4,9,0.0020300403951882674,0.03437926,0.04506346,0.9861260807768767,0.013892253326183115,0.08213843,0.117997274,0.8892319297155447,1e-05
4,10,0.0020469995596332944,0.034308497,0.045248337,0.9860084511821244,0.014518298665751462,0.08594256,0.12064399,0.888194821141364,1e-05
4,11,0.0016647337860521364,0.030807678,0.040804707,0.9886400294584995,0.014834450109413377,0.08496878,0.12193724,0.8828588425385917,1e-05
4,12,0.0015697234555552323,0.02914918,0.03958354,0.9893109352732009,0.013710832990774954,0.082072474,0.1173591,0.8901692517795216,1e-05
4,13,0.001529769144275565,0.028741602,0.039115276,0.989566229355457,0.015224445809575694,0.08481386,0.123258494,0.8830988849259094,1e-05
4,14,0.001363275640147192,0.026985953,0.03692065,0.9907057728263879,0.01626042217982036,0.0886726,0.1275281,0.8831072389798538,1e-05
4,15,0.001243338734809109,0.026147205,0.035265896,0.9915257614148506,0.014417367107752297,0.083167195,0.12025021,0.88374337272602,1e-05
5,1,0.025470468597530136,0.11870194,0.15957744,0.809703859507551,0.02113868875635995,0.10695532,0.14522585,0.8270525857520538,2e-05
5,2,0.013009419632100753,0.08712814,0.11405403,0.9076403759881474,0.016785557338691973,0.09558301,0.12930377,0.8689851775122845,2e-05
5,3,0.008690122813073414,0.07115826,0.093224265,0.9393953039923676,0.015976469411894127,0.097510286,0.12610577,0.8740162959363289,2e-05
5,4,0.005742642785875109,0.05822179,0.07579147,0.9603040486202163,0.014762527283488048,0.08917542,0.121438526,0.8821164672740774,2e-05
5,5,0.004309001440458679,0.050828658,0.065631926,0.9703590473785279,0.017134966018299263,0.09493835,0.13072617,0.8789492294118884,2e-05
5,6,0.0033186821314064507,0.04384335,0.057597145,0.97727532754746,0.013680460216063593,0.08449473,0.11678899,0.8941081595272449,2e-05
5,7,0.003035701064813978,0.042392306,0.05510421,0.9791992821119643,0.015995716719232774,0.089298785,0.12639101,0.8788517210567992,2e-05
5,8,0.002347867533678263,0.03648707,0.048455715,0.9839480806531374,0.015188270688263906,0.08519906,0.12321248,0.8879884299014862,2e-05
5,9,0.0023953170679067914,0.036461823,0.04893966,0.9836467455809954,0.013892708764480496,0.08310704,0.11763645,0.8931924898199713,2e-05
5,10,0.0021098847556739577,0.03428871,0.045938767,0.9855997633849084,0.014270386537881914,0.08717773,0.11913988,0.891688034889605,2e-05
5,11,0.0020710836713002108,0.033704486,0.0455077,0.9858724455265319,0.013258062548831932,0.08173143,0.11495186,0.8945305528775422,2e-05
5,12,0.001995481377770519,0.03308404,0.04464694,0.9863955375681933,0.013088360627147334,0.0834987,0.114331104,0.8968331289387682,2e-05
5,13,0.0017256728743657765,0.030823901,0.04154269,0.9882401129435624,0.013777499914997153,0.08392548,0.11729462,0.8955250633050661,2e-05
5,14,0.001636547609773643,0.03008491,0.040441558,0.9888689851985729,0.015839196129322605,0.087936096,0.12577184,0.8890229046873757,2e-05
5,15,0.001655894286618307,0.03049575,0.04068675,0.9887205988665916,0.015348800302793583,0.089996696,0.12398733,0.8854197505537149,2e-05
5,16,0.001489641108423924,0.028603343,0.038602125,0.9898545402161267,0.014342481973236081,0.08373775,0.119702645,0.8900764956861698,2e-05
5,17,0.0013350208914701643,0.026918644,0.036528923,0.9909106360050405,0.013963950289137385,0.08476582,0.11792969,0.891788378810986,2e-05
5,18,0.0013330485378000364,0.026669247,0.036413595,0.9909640951972438,0.013539767845671761,0.08235629,0.11640553,0.8936643966589537,2e-05
5,19,0.001476506850841046,0.027760727,0.03839112,0.9899735130319331,0.015120112673482962,0.086345315,0.1229355,0.880620014149846,2e-05
5,20,0.001271330765248592,0.025635822,0.035660554,0.9913344846250404,0.015160878568335815,0.086045854,0.12308575,0.8867714703450458,2e-05
5,21,0.001199072041311062,0.025010873,0.034626503,0.9918344960182961,0.015482308627623651,0.08825159,0.12426635,0.8807547939094735,2e-05
6,1,0.02774439956427108,0.123081796,0.16650179,0.7913030434468362,0.022997755884986232,0.1113888,0.15176679,0.8099894466257602,5e-05
6,2,0.014645421678400555,0.0925892,0.121018395,0.8952575942927955,0.020347668133951998,0.09614925,0.14293236,0.8445775149325412,5e-05
6,3,0.009090099618639623,0.07170593,0.09535628,0.9363125963771765,0.016635662548381974,0.091895446,0.12909791,0.8634272539274878,5e-05
6,4,0.005678350210601081,0.05685448,0.07536819,0.960708647703883,0.016174853011896764,0.08860931,0.12730353,0.873291742859842,5e-05
6,5,0.004291405422867615,0.04878554,0.06549394,0.9704598882305183,0.023197884257468913,0.108735666,0.15243043,0.8160806688784398,5e-05
6,6,0.0045729616938961805,0.05009314,0.06762849,0.968475182564012,0.01577711611537746,0.08644806,0.12582594,0.8717248489081363,5e-05
6,7,0.0028452393069817623,0.03961732,0.053348765,0.9805055999733282,0.01646901100994674,0.08596156,0.12832749,0.8795222250372424,5e-05
6,8,0.002351566395454683,0.036546215,0.048490677,0.9839151715039169,0.017292840647752637,0.09012652,0.13147984,0.8730690384333862,5e-05
6,9,0.0017775306440742957,0.030904083,0.04216589,0.9878624848668202,0.01664805520946781,0.085278615,0.12919508,0.8706205615108112,5e-05
6,10,0.0014216164945707456,0.02742699,0.03771329,0.9903012601254959,0.015900446839320164,0.08418967,0.12619846,0.8793258452746251,5e-05
6,11,0.0013115243114766046,0.026487479,0.036207832,0.9910631951118012,0.016349838999169017,0.08562647,0.12804212,0.8771203159859511,5e-05
6,12,0.0011702458315450595,0.024746744,0.034178868,0.9920419173893188,0.01611570728925505,0.0864825,0.1268444,0.8759877548276896,5e-05
6,13,0.0010638981496574678,0.023368372,0.032623403,0.9927513493177924,0.016852759432771966,0.08648305,0.12993075,0.8739993128316189,5e-05
6,14,0.0010626040329782959,0.023196913,0.032599352,0.9927617720918029,0.015612970791860588,0.083641104,0.12502228,0.8813600232982245,5e-05
6,15,0.0011606546003664147,0.024917558,0.034072407,0.9920970736255694,0.01779798916713507,0.087835394,0.13343917,0.8682029143862948,5e-05
6,16,0.0010851070210859876,0.024009753,0.032945313,0.992607865815355,0.015716863231285027,0.08449478,0.12549692,0.8794475888467258,5e-05
6,17,0.0010154991018722949,0.023239728,0.031871274,0.9930823740596038,0.015045734678602053,0.08323218,0.12262792,0.8814493758972022,5e-05
6,18,0.001021586013959218,0.023112727,0.03185369,0.9930933902540269,0.016336833346738584,0.08613303,0.12776305,0.8787146615164383,5e-05
6,19,0.0011148825135499797,0.02443357,0.033380505,0.992411855859074,0.015697494252688356,0.0835372,0.12529573,0.8765652175716171,5e-05
6,20,0.0012412516792031727,0.025672508,0.035238575,0.9915410842175523,0.017339225466087186,0.08719072,0.13195683,0.8659945974409496,5e-05
6,21,0.001254029319527511,0.026084227,0.035415832,0.9914517913962745,0.017159647532497293,0.09154804,0.13110198,0.8762841082182825,5e-05
6,22,0.001177471737302818,0.024896858,0.03432226,0.9919759260236767,0.015125718355799714,0.081119135,0.12298037,0.8854721736522468,5e-05
6,23,0.0012072607348281369,0.025292978,0.034751967,0.9917708420403338,0.016697511934951222,0.08540197,0.12913026,0.8751181509380743,5e-05
6,24,0.001036560207441619,0.023377543,0.032188028,0.9929473369823543,0.015660381393024215,0.08229346,0.12499967,0.8819849511701511,5e-05
6,25,0.000918319748230953,0.021564187,0.030302038,0.9937492999512513,0.016174442324511432,0.0847314,0.12718847,0.8789150686627807,5e-05
6,26,0.0008805136820687652,0.020820916,0.029674739,0.9940065439041796,0.015464745466252443,0.08191056,0.12416386,0.8815170502453257,5e-05
7,1,0.03231289300188492,0.13545492,0.17972933,0.7558347228106147,0.0226666074315155,0.11407063,0.150723,0.8168989023556564,0.0001
7,2,0.0176465067317248,0.10033185,0.13284841,0.8730120366808469,0.023845493827980978,0.11128776,0.15435763,0.8406396341925947,0.0001
7,3,0.012269992467013806,0.08250398,0.11078078,0.9133100789465939,0.018199270884333936,0.101516314,0.13471182,0.8526344290080334,0.0001
7,4,0.009181388130489842,0.07219627,0.09579376,0.935931342481202,0.0191219096261732,0.10026147,0.13798317,0.8577583595040369,0.0001
7,5,0.0064859133067967315,0.060168892,0.08054639,0.9550248338470967,0.01828828122018388,0.09581583,0.13532323,0.8635800168287302,0.0001
7,6,0.004910589437322499,0.05282323,0.07007333,0.9661811470715646,0.01863184068955619,0.09343069,0.13651018,0.8525837403986825,0.0001
7,7,0.0037565217082765143,0.045225427,0.061284106,0.974218657251075,0.019760253780987114,0.095528506,0.14066742,0.8502758157550415,0.0001
7,8,0.002836937122805823,0.038809557,0.053254846,0.9805924244191099,0.019511001081102423,0.09422055,0.13977915,0.850247649133759,0.0001
7,9,0.00243004360663265,0.036259655,0.04929706,0.9833854498684607,0.019821842912481062,0.09373828,0.1410079,0.8479539523251988,0.0001
7,10,0.0022084774618378674,0.03498442,0.04700059,0.9849072991906498,0.020211296181918845,0.09302578,0.1423737,0.8406631310277556,0.0001
7,11,0.0022507749509314405,0.03566946,0.047418404,0.9846423071933409,0.017826130674048153,0.09349864,0.13353291,0.8592726026513893,0.0001
7,12,0.0025341927267558805,0.036606986,0.05029883,0.9826910458988386,0.01679048793286913,0.090125516,0.12942404,0.8791760728283406,0.0001
7,13,0.00398824003916212,0.045082755,0.06314535,0.9726146336687043,0.022754985287233635,0.10943023,0.15075062,0.8275765718479143,0.0001
7,14,0.010139992378464961,0.07579739,0.10070867,0.9287650824386526,0.021191610057872755,0.09737694,0.14559643,0.8434967618318818,0.0001
7,15,0.004675947005151135,0.05278022,0.068392426,0.967777490069104,0.02257619292854711,0.10280286,0.15040156,0.8415153485439812,0.0001
7,16,0.003088075019991478,0.041713703,0.05557551,0.9788397991769185,0.018628005869686604,0.09254926,0.13663864,0.8598216711694706,0.0001
7,17,0.002194618826302826,0.03555578,0.046853896,0.9849978569717424,0.01801140459806279,0.090874024,0.13427517,0.8611081223257284,0.0001
7,18,0.0015079083154929986,0.028677253,0.038727604,0.9897717505572713,0.016910329452474362,0.08894527,0.13003394,0.8657474497712097,0.0001
7,19,0.0012829209897241764,0.025721056,0.035814393,0.9912594339459846,0.018603845301118714,0.09033018,0.13641587,0.8654140391102751,0.0001
7,20,0.0010120979330456754,0.022792764,0.0318157,0.9931067401189543,0.018950025137099955,0.09219647,0.1377165,0.8655052407530286,0.0001
7,21,0.0009490358608893976,0.022216829,0.03081065,0.99353948747414,0.016974991049479554,0.08661411,0.13018768,0.8705833124949904,0.0001
8,1,0.03208055787624043,0.13809238,0.17910668,0.7519357225306873,0.02197363437153399,0.10689084,0.14766257,0.8168667472773465,1e-05
8,2,0.015169046423180359,0.09446618,0.12317794,0.8912832046246464,0.020330180214451894,0.1012656,0.14125167,0.8416993882821219,1e-05
8,3,0.011475535033479612,0.08145276,0.1071227,0.9189467020727938,0.019236018382278935,0.10326844,0.13658372,0.849203403749911,1e-05
8,4,0.007958878562829204,0.0689969,0.08922879,0.9444935831495321,0.017323189148945466,0.09391088,0.12835954,0.8668483340548881,1e-05
8,5,0.006254293397721773,0.061340198,0.07908051,0.9566397228583122,0.0199225978659732,0.09849935,0.13787359,0.8603016093190746,1e-05
8,6,0.004976974953636179,0.054928366,0.07054764,0.9656839355963988,0.0178447504793959,0.09548195,0.13158469,0.8625855548022822,1e-05
8,7,0.004315224466366676,0.05071987,0.065695,0.9703038888907941,0.020288344472646713,0.09963816,0.13896988,0.8577331845603385,1e-05
8,8,0.00371003418803981,0.04675837,0.060900144,0.9745584307999487,0.01816169192482318,0.097411096,0.13271219,0.8609958112064825,1e-05
8,9,0.003228496883073212,0.044387676,0.056823056,0.9778582111074343,0.020732994324394634,0.09704483,0.1385684,0.8658692778254595,1e-05
8,10,0.002961104181399308,0.042150393,0.054389752,0.979751531454261,0.018416158023423383,0.09675988,0.13489473,0.8565552269490703,1e-05
8,11,0.0030150758962051195,0.04254465,0.054908536,0.9793820992274784,0.02044923191091844,0.09975727,0.14049244,0.8471694060892827,1e-05
8,12,0.002489977249675474,0.03822983,0.049901284,0.9829581517719834,0.01921269979460963,0.09562105,0.13507466,0.859109167323253,1e-05
8,13,0.002397475579196465,0.03757207,0.04897419,0.9836011689548163,0.019476904167926738,0.098261684,0.13643803,0.8573153923541849,1e-05
9,1,0.028787874272876532,0.12622389,0.16966023,0.781086413192393,0.02382663607464305,0.10392352,0.15236984,0.8151808760685147,2e-05
9,2,0.01221761943459093,0.083962314,0.11053723,0.9133830639710364,0.020215911025713598,0.100962274,0.14057274,0.8519004618948843,2e-05
9,3,0.00736001798791689,0.06600052,0.08578569,0.9487456174781085,0.01805302863275366,0.093734026,0.13171542,0.8610754740584226,2e-05
9,4,0.004952709822671784,0.054477863,0.070368536,0.9658145834774071,0.017145729291119745,0.09052015,0.1292188,0.871085205684344,2e-05
9,5,0.0037321621719660744,0.04748699,0.061083384,0.9743505880464922,0.014648123178631067,0.08575008,0.119925536,0.8842030023475254,2e-05
9,6,0.0030736717744730413,0.042178188,0.05543685,0.9789251993565994,0.015372311895979303,0.08786754,0.123610854,0.8770003051072605,2e-05
9,7,0.0024651471562422466,0.037975658,0.049655184,0.9831247534718276,0.018050951217966422,0.0925572,0.13348486,0.8762940143317999,2e-05
9,8,0.002086119193727342,0.034579262,0.04566925,0.9857473886176898,0.015762166818603873,0.08856504,0.12426282,0.8779430311867342,2e-05
9,9,0.0019557050028902903,0.033228986,0.04422832,0.9866352057296928,0.01725585712119937,0.09006792,0.1298031,0.8777554606774706,2e-05
9,10,0.0017662342114452376,0.031507522,0.041975006,0.9879775900386009,0.015145975331376706,0.08502893,0.12119281,0.8820887616420358,2e-05
9,11,0.0015684944671626577,0.029433612,0.03960609,0.9892971176035149,0.016901736580101506,0.09025668,0.12831375,0.8763354858195839,2e-05
9,12,0.001409375996581305,0.028064784,0.037542544,0.990389839135103,0.01812735845201782,0.094542004,0.13417439,0.8734397607504748,2e-05
9,13,0.0012751784685359415,0.026419457,0.035715416,0.9913062757963942,0.015425844417352761,0.085448995,0.12314524,0.8836729869195864,2e-05
9,14,0.0011650642921939213,0.025438866,0.034128673,0.9920689101967143,0.01880622678436339,0.093837485,0.13593237,0.874914836682244,2e-05
10,1,0.03187976999069068,0.13419485,0.17855708,0.7560002024028118,0.02440276219775634,0.11186781,0.15456797,0.8008140128303516,5e-05
10,2,0.013104339199854391,0.086517565,0.11447174,0.9067431403605732,0.019811185808586224,0.096924774,0.1392742,0.8463449619601193,5e-05
10,3,0.00853362369185714,0.07059675,0.09238141,0.9403323113570721,0.01889955179233636,0.09439479,0.1352645,0.8530502761138135,5e-05
10,4,0.005836921454642281,0.05913187,0.076401785,0.9595933513143207,0.01763362523966602,0.09189484,0.13060705,0.8628442786556906,5e-05
10,5,0.004410918867302553,0.05100829,0.06641803,0.9696071637238808,0.019518234667235186,0.095394656,0.13772018,0.8652718151876428,5e-05
10,6,0.0037115588914777074,0.046798207,0.0609205,0.9745083236997193,0.017655023839324713,0.09017065,0.13083649,0.8670484336815572,5e-05
10,7,0.003127092282313888,0.04282184,0.055928532,0.9785624828870382,0.019048163035352315,0.091620296,0.1359816,0.8645105162434039,5e-05
10,8,0.0024291189179633894,0.03705625,0.049292713,0.9833793931173915,0.017672792010541474,0.08883673,0.13025941,0.8663828412703357,5e-05
10,9,0.0020761514734259205,0.034542635,0.045565657,0.9858123302723453,0.017608949415651814,0.08766222,0.13012534,0.870044003322336,5e-05
10,10,0.001899982413612132,0.032459307,0.043564692,0.9870371731581171,0.01655555669484394,0.086299196,0.1263487,0.8764731997710034,5e-05
10,11,0.0017515860082337928,0.03083017,0.04185924,0.9880375432181511,0.017605319353086606,0.0888914,0.13023263,0.8696223994449737,5e-05
10,12,0.0017163295200351347,0.030716961,0.04142394,0.9882879188498634,0.018046241785798754,0.08931973,0.13164157,0.8683686084978375,5e-05
10,13,0.001450719605319672,0.028540097,0.038090862,0.9901083442209266,0.01833513768256775,0.091253065,0.13338348,0.8625960826237045,5e-05
10,14,0.0013512327650205067,0.02749682,0.036764145,0.9907897428118502,0.0181628438378019,0.08979647,0.1326721,0.8708626968059205,5e-05
10,15,0.0012881635537558174,0.026383774,0.035897978,0.9912175841799574,0.017311520475362028,0.088567376,0.12900926,0.8674442960548899,5e-05
10,16,0.002807758416965273,0.036027014,0.052989475,0.9807590614013453,0.0194298714798476,0.09769014,0.13814455,0.854624296381091,5e-05
10,17,0.00206622693232896,0.033797827,0.04546313,0.985885228979744,0.018070210037486895,0.092109844,0.1320053,0.8693236454980928,5e-05
10,18,0.001558608778863362,0.029172912,0.039427906,0.9893945389532273,0.017820416051628336,0.091303505,0.13173681,0.870267180418866,5e-05
10,19,0.001201149801915146,0.025622712,0.03466022,0.9918141735223934,0.01752252906693944,0.089267656,0.1300333,0.8717686814559079,5e-05
11,1,0.029103817925222705,0.12519711,0.17060445,0.7800002657947283,0.029278972518763373,0.11518666,0.17159157,0.8045114473523589,0.0001
11,2,0.012355338897399395,0.08365636,0.11114097,0.9124674468678565,0.016832906353686537,0.092189886,0.1309366,0.8627209094160483,0.0001
11,3,0.007777486409922348,0.06678943,0.088187955,0.9458434900445006,0.017955025990626643,0.09833145,0.13409057,0.8653612011878847,0.0001
11,4,0.004511718390178736,0.05107881,0.06716899,0.9689069454471325,0.014518841103251492,0.0817026,0.11941115,0.8850434739012693,0.0001
11,5,0.0034225166364024594,0.04443252,0.05851166,0.9764903884637345,0.017346869189558283,0.08746448,0.13158983,0.8678994093953204,0.0001
11,6,0.0026548606461614683,0.03836915,0.05150761,0.9818394203958709,0.016040515187861665,0.08914955,0.12664047,0.877432073718268,0.0001
11,7,0.002589722247750751,0.038624033,0.050897993,0.982268689135359,0.017463984732915248,0.08788518,0.13165382,0.8715740808396257,0.0001
11,8,0.0020230840418322413,0.033481028,0.044985782,0.9861777618375053,0.01629503653384745,0.08521691,0.12649804,0.8741597069736997,0.0001
11,9,0.0017771487511589984,0.031152075,0.042160045,0.9878690787428206,0.017076724441722035,0.0862389,0.12976821,0.8740361084997755,0.0001
11,10,0.0014083548190581359,0.027719878,0.037504748,0.9904170769689715,0.018147211854479144,0.09113333,0.13469192,0.8714591398463992,0.0001
11,11,0.0014094637111743268,0.02736243,0.037546247,0.9903879417996068,0.014941657327913813,0.084474355,0.1214879,0.8816963402809667,0.0001
11,12,0.0011063728222588652,0.024134506,0.033244383,0.9924727724678584,0.01606853156616645,0.08588933,0.12622656,0.8782870070918268,0.0001
11,13,0.0010079049070639901,0.02250035,0.03175167,0.9931344761185674,0.01547570014372468,0.085089885,0.1242107,0.881949601973783,0.0001
12,1,0.09256790310066089,0.2577661,0.30418834,-0.14784022337603756,0.06723597506061196,0.21400718,0.2603908,0.09769161417877596,1e-05
12,2,0.053269785346125226,0.18430226,0.23080333,0.5495437103867739,0.040594754869946174,0.15953875,0.20207688,0.6417526533577885,1e-05
12,3,0.030411162562167846,0.1370921,0.17441115,0.7706175072425986,0.03048038295539165,0.13165525,0.17563595,0.7286442502334891,1e-05
12,4,0.022390514016657346,0.11694461,0.14965346,0.8355425791755949,0.02824775241013547,0.12152012,0.16919951,0.7543192250301314,1e-05
12,5,0.018109534000928913,0.103347786,0.13443124,0.8691968910523787,0.02487977063261766,0.11075533,0.15882395,0.7896384509274241,1e-05
12,6,0.014235511984378012,0.09234106,0.11929536,0.898706829315858,0.023889307336907625,0.10725586,0.15562688,0.798136466574473,1e-05
12,7,0.011942056685537328,0.083788864,0.10930985,0.9156181945390447,0.02403007853071257,0.10566224,0.15609972,0.8093331169599143,1e-05
12,8,0.009528871620357881,0.07466527,0.09764303,0.9331028887916659,0.02206039716232529,0.10354664,0.14956662,0.8133331987424866,1e-05
12,9,0.007725364715663312,0.06811171,0.08791862,0.9461165413325346,0.022198840001591533,0.09956605,0.15003088,0.824654759040459,1e-05
12,10,0.006136377255116314,0.06065377,0.07830551,0.9574954029272859,0.020020942987348127,0.098099545,0.14248164,0.8374991142542108,1e-05
12,11,0.005389211768318167,0.05718988,0.07342419,0.9627335425893955,0.021200100657383533,0.1005585,0.14658412,0.822444021616208,1e-05
12,12,0.00449333663442796,0.051662847,0.067004815,0.9690524731417591,0.02354076700727024,0.104460366,0.15448941,0.8189530347013949,1e-05
12,13,0.004090463968984473,0.0490634,0.06397364,0.9718292093217049,0.018609205281353316,0.092645764,0.13732883,0.8449982958872065,1e-05
12,14,0.0036550196553808943,0.046647187,0.06046633,0.9748805199751526,0.02234626437658099,0.10153637,0.15047625,0.8397509117990367,1e-05
12,15,0.003411358389644405,0.04522861,0.058404267,0.9765827744975001,0.023723032653193782,0.10445476,0.1548295,0.8196416573159154,1e-05
12,16,0.003255130011655927,0.04357131,0.05706546,0.9776503465706501,0.019738854721826675,0.0967255,0.14145467,0.8421034255025165,1e-05
12,17,0.003280321346813754,0.0430726,0.05727353,0.9775003382886082,0.01798797713073091,0.09176673,0.13500315,0.8504023506125793,1e-05
12,18,0.0031553961548907465,0.042561598,0.05603221,0.9784651014968129,0.018980305075712276,0.09525924,0.13866158,0.8449715522886605,1e-05
12,19,0.00314639483773458,0.042140942,0.0560864,0.9784394063239992,0.019107313064456254,0.09192264,0.13919547,0.84362635750163,1e-05
12,20,0.002635888938282937,0.038728483,0.051338047,0.9819694165477216,0.020272716360489506,0.09479816,0.14338036,0.843935807438606,1e-05
12,21,0.002270576455655522,0.03519767,0.04766202,0.984467074665849,0.018041061215357063,0.092232496,0.1352206,0.8576537326936023,1e-05
12,22,0.0021592893101165895,0.034668606,0.046464898,0.9852789527781335,0.019198927162236673,0.099840924,0.13950911,0.8451114224020321,1e-05
12,23,0.002619732278360325,0.037990924,0.05119603,0.9820861337233714,0.019706635166787438,0.0987236,0.1411636,0.848475384667207,1e-05
12,24,0.0025832941057806493,0.03874642,0.050824307,0.9823417991315544,0.01924865084799455,0.09755712,0.13967057,0.8548778320927883,1e-05
12,25,0.002528532001506222,0.036863837,0.050286293,0.9826965162870618,0.024943845862842998,0.10463026,0.15904431,0.8274401164203987,1e-05
12,26,0.0021578211248469473,0.033542853,0.046456736,0.9852752772156569,0.020150756359389226,0.097039595,0.14291063,0.852777790978332,1e-05
12,27,0.0022495862195538504,0.03511026,0.04743951,0.9846195196257034,0.017755814535862387,0.09135117,0.13414173,0.8631240895706006,1e-05
12,28,0.0022077478833864993,0.034617614,0.046997637,0.9849350955472282,0.019965891807158995,0.09688438,0.14223644,0.8472587548343823,1e-05
12,29,0.0022341136261538595,0.0345463,0.04727346,0.9847369717422458,0.017956402381295682,0.090051286,0.13489668,0.861133570380057,1e-05
12,30,0.0019385791147427558,0.03223459,0.04403755,0.986762028126739,0.017187109814215177,0.09013339,0.13201012,0.8568044058933584,1e-05
12,31,0.0018963210361073485,0.032097436,0.043556623,0.9870640705647713,0.018014707107525924,0.09241871,0.13515277,0.8591198482151718,1e-05
12,32,0.0015514040670521387,0.028875943,0.039362036,0.9894332533873144,0.01703849540119875,0.08813092,0.13144702,0.8691275296095985,1e-05
12,33,0.0018612266738052322,0.030746134,0.04315088,0.9873074907315607,0.0187737970252918,0.09193966,0.13796425,0.8555024798104081,1e-05
12,34,0.0015556972418049111,0.029074728,0.039440088,0.9893984589310602,0.018776979678646225,0.090212636,0.13795526,0.8596605037114493,1e-05
12,35,0.0012704374843893658,0.025581034,0.035650592,0.9913495029833754,0.0178502929656706,0.08627999,0.13452289,0.8632617267405625,1e-05
12,36,0.0013668240849766106,0.026410693,0.03697779,0.9906844123407601,0.01931161188123817,0.097532175,0.13979395,0.8583724206248372,1e-05
12,37,0.001311189235710576,0.025822695,0.03621677,0.9910619924850244,0.017483902453898702,0.09114908,0.13315064,0.8605219820622414,1e-05
12,38,0.001156118795575762,0.024951817,0.033996537,0.9921263710119678,0.01620155918842809,0.08711269,0.12817824,0.8766803737265799,1e-05
12,39,0.0010779239882624742,0.0235419,0.032834005,0.9926657743268124,0.01628479805798701,0.08650802,0.12849262,0.8658897243132203,1e-05
12,40,0.001072387859422234,0.023551986,0.032753132,0.9926975658280747,0.01651665412147715,0.08599663,0.12941372,0.8752681178469066,1e-05
12,41,0.0009100776596909289,0.021360325,0.03016777,0.993807395641648,0.016751115766021906,0.087831154,0.13032079,0.8729272430310298,1e-05
12,42,0.0008410098878676278,0.020634124,0.029007139,0.9942770087301619,0.01818320521608838,0.09201715,0.13579133,0.8675726454888558,1e-05
12,43,0.0009025421541337322,0.021304216,0.030042315,0.9938560521247862,0.018690806904622284,0.09151473,0.13765492,0.8576543151936352,1e-05
12,44,0.0018507823580331997,0.026875716,0.04302679,0.9873602675980363,0.020282497817081295,0.092442095,0.14339112,0.8393862966576949,1e-05
12,45,0.000875354824032248,0.021028012,0.029590974,0.9940427774037243,0.01767654547438724,0.08858904,0.13388133,0.8604235355326997,1e-05
12,46,0.0005987075408496838,0.016708387,0.024474753,0.9959266173173402,0.018444430861479674,0.09006057,0.1367626,0.8606373785403202,1e-05
12,47,0.0005269532695977338,0.015563875,0.022938374,0.996423134120231,0.017903980035448006,0.089236595,0.13473986,0.86090812608743,1e-05
13,1,0.06789029625388054,0.2145865,0.26050162,0.29887535676605215,0.04615187725155718,0.17463206,0.21538693,0.5865476447635203,2e-05
13,2,0.037777216732121185,0.15239947,0.19438091,0.7030096734599112,0.027607449718440574,0.1283172,0.1666753,0.7630861712031977,2e-05
13,3,0.02292663457169128,0.11749034,0.15145522,0.8307581899569987,0.022651661058059998,0.113155596,0.15147725,0.8053455345734974,2e-05
13,4,0.017201855632563004,0.101363316,0.1311702,0.8758667740295164,0.021021034467223757,0.10703102,0.14589003,0.8225165970744475,2e-05
13,5,0.01308612190061858,0.08927003,0.114318915,0.9071259262510439,0.01899087788204404,0.098125696,0.13877377,0.8487064317504746,2e-05
13,6,0.010162742199320738,0.07843148,0.10080095,0.9285341471831045,0.018611406008454248,0.10080765,0.13730477,0.846118322075449,2e-05
13,7,0.007997898829136115,0.06937558,0.08943682,0.9442132662651489,0.01753801145564972,0.09513479,0.13324693,0.8639222449944073,2e-05
13,8,0.006157727127964935,0.06113593,0.07846402,0.9573150507762905,0.016041404774619475,0.09079116,0.1273617,0.8728773666897793,2e-05
13,9,0.005880867213027924,0.059498787,0.07669264,0.9592568733595509,0.017499974277732824,0.09421448,0.13306479,0.8693148701459842,2e-05
13,10,0.004728801223306882,0.052713506,0.0687325,0.9674225358584111,0.01524370529740635,0.08856583,0.12421635,0.8807556451409647,2e-05
13,11,0.004606417040496321,0.053109113,0.067883834,0.9682532664526692,0.016933967937263702,0.09524984,0.13104035,0.8705857488339197,2e-05
13,12,0.003993543147491062,0.04873281,0.06315132,0.9725637603362104,0.017184515143054777,0.09505397,0.13184935,0.8708707467300035,2e-05
13,13,0.004491419279500439,0.051083624,0.06702138,0.9690490493862497,0.017975567916572024,0.095936015,0.13496317,0.8604138103173817,2e-05
13,14,0.003773319339628547,0.04655618,0.061428003,0.9740837474091768,0.01678951170523996,0.093189046,0.1304402,0.8733958577207465,2e-05
13,15,0.003479179897801268,0.043822173,0.058994558,0.9761123054552325,0.01781276077041943,0.09552167,0.13440105,0.8664762394141446,2e-05
13,16,0.0031872020613136387,0.043321528,0.056469634,0.9781288864722464,0.017414525242336956,0.09242846,0.13277917,0.8736571590458974,2e-05
13,17,0.0030212360418594235,0.04102989,0.05494225,0.9793141350450636,0.015251975504657754,0.0884571,0.12435808,0.8839402051580983,2e-05
13,18,0.003125009299136228,0.041533694,0.055710588,0.9787252389810274,0.01530478695618782,0.0889826,0.12453848,0.8841505413306998,2e-05
13,19,0.0025599988562432464,0.038025312,0.050606094,0.9824801064850202,0.015878551939547632,0.08911074,0.12659702,0.8698585999054578,2e-05
13,20,0.002758688517179873,0.038056638,0.0521713,0.9813678138035844,0.01476377462057388,0.08856861,0.12234728,0.8818043991062631,2e-05
13,21,0.0027647507791936443,0.039356537,0.052507296,0.9811283896422395,0.01509920802688477,0.089853115,0.123740725,0.8769542520735389,2e-05
13,22,0.002727608109882363,0.038939796,0.052236415,0.9813239151784586,0.014555129060344943,0.08753817,0.121454336,0.882728710114316,2e-05
13,23,0.002330160937460371,0.035933644,0.048242565,0.9841003124258535,0.0202796042819197,0.10572609,0.14331126,0.8745182973995539,2e-05
13,24,0.002457711130442034,0.03743664,0.049578357,0.983192128933649,0.01893208695454868,0.09555443,0.1378941,0.8718333715479055,2e-05
13,25,0.002401500802011682,0.03661105,0.049008396,0.9835889379111712,0.016262380000230055,0.089194484,0.12841873,0.8740869914871352,2e-05
13,26,0.0023331802388715447,0.035602648,0.048315573,0.9840366523167264,0.016229404773454276,0.09003904,0.12828495,0.8755732897881661,2e-05
13,27,0.0021708026132362768,0.0349101,0.046604346,0.9851807513516477,0.014894602773926669,0.08583587,0.12282896,0.8843331096017972,2e-05
13,28,0.001763899536769297,0.031285964,0.0419835,0.9879796521954133,0.016818040603000014,0.09042543,0.13058053,0.8809074467096468,2e-05
13,29,0.0021365427278609464,0.034109704,0.04623049,0.9854029308477141,0.01567304851913057,0.08817836,0.12585858,0.8824708916542818,2e-05
13,30,0.0029126808218007624,0.039484464,0.053955782,0.9800785222814299,0.016269348107033257,0.09346816,0.12844604,0.8717244659363003,2e-05
13,31,0.0026475483110627008,0.037304237,0.051465146,0.981875155729036,0.014966985621531084,0.088416785,0.123195656,0.8857816542274148,2e-05
14,1,0.08052778851880614,0.23184337,0.28379765,0.21520903482974305,0.03983380197745713,0.15584987,0.20034222,0.6412324237223516,5e-05
14,2,0.026292752460130516,0.12511536,0.16214198,0.8035368422917029,0.02142955784478949,0.10902396,0.14728034,0.820311268512324,5e-05
14,3,0.016156703322186355,0.09749103,0.12711403,0.8836955911903128,0.02080895719161533,0.10484044,0.14521833,0.8268306082470644,5e-05
14,4,0.011858810609882201,0.08400599,0.10892081,0.9160681890611126,0.021343480226480298,0.1043584,0.14710265,0.8379152919267852,5e-05
14,5,0.00971347151810214,0.07511663,0.098580025,0.9317932702590179,0.014463029747680088,0.09025454,0.12109277,0.8809409653221886,5e-05
14,6,0.0073058114349831196,0.06490091,0.085482776,0.9491558206891085,0.015583762636028783,0.09023471,0.1257014,0.8759750567101182,5e-05
14,7,0.006741036517490093,0.06367802,0.08212116,0.9532167438800038,0.017119967548448283,0.09157075,0.13174826,0.8721753177439301,5e-05
14,8,0.005364408106772962,0.056336395,0.073251225,0.9629780062797125,0.015004546379377306,0.08779851,0.123318836,0.8761328127252893,5e-05
14,9,0.0051133514613619785,0.053975545,0.07152265,0.9646939915104153,0.018526910627500642,0.09153608,0.13706684,0.8564363550024079,5e-05
14,10,0.004608522074364526,0.051823914,0.06789616,0.9682645558779958,0.017002715350827202,0.09460139,0.13127953,0.8596838146452325,5e-05
14,11,0.004546111763468438,0.05007819,0.06744072,0.9687111489506549,0.01659685987073721,0.09348634,0.12967181,0.876833784780782,5e-05
14,12,0.005732515724821922,0.053935546,0.07571608,0.9604242391152379,0.017192629518427163,0.09654972,0.13199285,0.8579338669194655,5e-05
14,13,0.004696681765389572,0.051030666,0.06854959,0.9676276066123622,0.01645267124560498,0.09150021,0.12862137,0.8756415501087348,5e-05
14,14,0.0031040855413087902,0.04136474,0.05572516,0.9787409009080363,0.014064540848873245,0.08478878,0.11941569,0.8889127025006549,5e-05
14,15,0.0026364278020150566,0.038442507,0.05130916,0.9820029258441758,0.01778821885219128,0.091392264,0.13430844,0.8585285117022335,5e-05
14,16,0.0030279432075390827,0.03981529,0.054987542,0.9793254782678904,0.014157219738047355,0.081550285,0.1198188,0.8871791387738411,5e-05
14,17,0.004681103799786423,0.05081172,0.068437666,0.9677391050762251,0.017049912501264503,0.091584325,0.13139749,0.8700619271293578,5e-05
14,18,0.003822951787178596,0.046079457,0.06170247,0.9738975288336437,0.017058918114613603,0.09562606,0.1312527,0.8612848426716175,5e-05
14,19,0.004471031160468658,0.048218567,0.066884026,0.9692360927269643,0.017803743942177215,0.094132096,0.13436456,0.8538775661148426,5e-05
14,20,0.0037064694373261306,0.04441268,0.06088479,0.9745488854536614,0.017876260717727105,0.08839868,0.13389325,0.8597311878941964,5e-05
14,21,0.00477357702128816,0.047224738,0.06909304,0.9672053288159344,0.01543117572873598,0.086993545,0.12508138,0.8736763330909696,5e-05
14,22,0.002624803707085533,0.038429845,0.05121224,0.9820735263620018,0.01842681173487411,0.09194862,0.13669555,0.848505399552272,5e-05
14,23,0.002517236051538352,0.036766287,0.0501845,0.9827814104985401,0.017914503278141772,0.0912212,0.13470559,0.8713810554450786,5e-05
15,1,0.04699465694481498,0.16786014,0.21676072,0.6035134684863735,0.028649690149231227,0.12889004,0.17027622,0.7512462292117711,0.0001
15,2,0.021363074758397983,0.11323585,0.14613998,0.8430251856069811,0.020514400088426622,0.10638267,0.14420871,0.8261568430547035,0.0001
15,3,0.014360811997019517,0.091327734,0.1198408,0.8974985499728967,0.0176022166683483,0.09844209,0.13360026,0.853837901843982,0.0001
15,4,0.010593233680584855,0.078704305,0.102952845,0.9254281103424733,0.020776786860854674,0.10661206,0.1450864,0.8363314711162056,0.0001
15,5,0.008720295143269642,0.07287486,0.093392655,0.939389089660658,0.01852718370059005,0.09838788,0.1370292,0.8538057219170144,0.0001
15,6,0.00812661472160454,0.068676695,0.090167135,0.9436531948815805,0.01660382870532986,0.09058896,0.12971674,0.8641912340586929,0.0001
15,7,0.0066559247885872586,0.06213001,0.081590585,0.9540538030346207,0.020328471447875793,0.1055958,0.14343822,0.864630669900236,0.0001
15,8,0.007768487272170485,0.066224486,0.0881543,0.946329144549094,0.021133091189700214,0.100380786,0.14633766,0.8471302046925346,0.0001
15,9,0.006396805824475008,0.05997571,0.08000107,0.9559501638037905,0.01554465404586625,0.08888053,0.12541842,0.8771688324378384,0.0001
15,10,0.006129079388395261,0.058336142,0.07823231,0.9579027529179946,0.016068570974446764,0.09222319,0.12752005,0.874999255859492,0.0001
15,11,0.006954485161361071,0.062038474,0.08341037,0.9519658212799437,0.01886726648188886,0.09995721,0.13829137,0.8554154403673813,0.0001
15,12,0.005813782720626103,0.056876212,0.07624574,0.9599613209559494,0.019729120159926998,0.098358564,0.14090505,0.8683137843731009,0.0001
15,13,0.004393499363219217,0.04999115,0.06629726,0.9698205940216182,0.015286280776544354,0.088002525,0.12447228,0.8813730408132099,0.0001
15,14,0.0038377915986878342,0.046813037,0.061910022,0.9737519006823022,0.018032659524275612,0.09371921,0.13516046,0.8823501502729834,0.0001
15,15,0.0046135628376717495,0.05091131,0.06787989,0.9683655816430817,0.023339681240839936,0.10690743,0.15383458,0.8329315295192893,0.0001
15,16,0.006452424045955157,0.059542835,0.08031547,0.9555385204915477,0.020887689828264736,0.10002691,0.14551893,0.8393818631305073,0.0001
15,17,0.008377728062127249,0.06803631,0.09154279,0.9418939763829548,0.024242159515981458,0.11194534,0.1566473,0.8338477202217919,0.0001
15,18,0.006359719716154733,0.058746357,0.079578035,0.9561473069451593,0.02055960803948067,0.099030666,0.14437096,0.8464743674338688,0.0001
15,19,0.004161789349127163,0.048325837,0.06451488,0.9714483390530256,0.01762492868389624,0.09722846,0.13366139,0.8637798848903105,0.0001
15,20,0.015433839825104387,0.091853596,0.12419518,0.8896317397204437,0.020710219116019155,0.099610955,0.1446764,0.831920180309231,0.0001
15,21,0.0654591227091183,0.20415176,0.25586405,0.3345442333057711,0.06897722860729252,0.21906717,0.26385823,0.46840760625024747,0.0001
15,22,0.07390301695385094,0.22212212,0.2718182,0.043087579433035726,0.07362943720417442,0.228674,0.27240548,0.35412762298546274,0.0001
16,1,0.07116181423417597,0.22282182,0.26677004,0.2576550300334875,0.05883120897191542,0.20112273,0.24314442,0.4103849169878781,1e-05
16,2,0.051652445710290255,0.18355605,0.22730072,0.5647224131165082,0.04304158159842094,0.1662234,0.20804423,0.6194379523742662,1e-05
16,3,0.03496179965359516,0.14724815,0.18696743,0.7306945731566126,0.03343464696296939,0.13972214,0.18306921,0.7277744465733359,1e-05
16,4,0.024168599592782905,0.12106809,0.1554203,0.8213965555356152,0.027220901050087478,0.12079158,0.1649562,0.7731127619225533,1e-05
16,5,0.019837362564464806,0.107699856,0.1408191,0.8551570415734672,0.023947988041780062,0.11091018,0.15458408,0.8007104811779469,1e-05
16,6,0.015647778343017622,0.096482955,0.12510712,0.8877740998206585,0.02253678985181506,0.10549562,0.14961936,0.8172484990123672,1e-05
16,7,0.013315203864014247,0.08870708,0.11542184,0.9053322919994979,0.023080715219731682,0.10467999,0.15126342,0.8236586028028593,1e-05
16,8,0.010963974257269613,0.08023878,0.10469579,0.9226439940956076,0.02066432721740394,0.09920414,0.14274944,0.8410714714125864,1e-05
16,9,0.009086399874432343,0.07289211,0.09533953,0.9363735231722097,0.021450316369602526,0.10074586,0.14533818,0.8390377167190831,1e-05
16,10,0.0076811713836739,0.06774288,0.08762237,0.946485667324805,0.0186065427734758,0.09621797,0.13559526,0.8540215841884811,1e-05
16,11,0.006179079898387176,0.060349036,0.07860261,0.957172045305297,0.02061155831648244,0.099143304,0.1424797,0.8449554851847878,1e-05
16,12,0.005116234998606041,0.0556611,0.07151061,0.9646970737129207,0.01859937177936512,0.09660895,0.13571432,0.851835768699977,1e-05
16,13,0.004334456535658982,0.05161562,0.06583916,0.9701493670114657,0.01910439103462354,0.09637091,0.1373728,0.8565997029589139,1e-05
16,14,0.0037449292153681445,0.047599066,0.061206736,0.9742437718841417,0.0175851261312211,0.09391366,0.13190264,0.8633542444872758,1e-05
16,15,0.0037785284351731572,0.04719772,0.06147962,0.9740112960190421,0.017484790473072616,0.09283182,0.13141413,0.865391689652431,1e-05
16,16,0.0031557227835759833,0.04341968,0.05618655,0.9783422703689545,0.017313243390095455,0.09279418,0.13099907,0.868774824941477,1e-05
16,17,0.0030252562337239474,0.041913033,0.055006843,0.9792531486648482,0.016023848749076326,0.088858396,0.12593995,0.8801788305254238,1e-05
16,18,0.0027066621007060493,0.03945056,0.051932976,0.9815372679117379,0.01644503184663201,0.0891564,0.12748258,0.8733324684157496,1e-05
16,19,0.0024385419695977574,0.037883222,0.049360696,0.9833255254759915,0.018092989611128967,0.09296196,0.1342049,0.8677232789575374,1e-05
16,20,0.002435072225482621,0.037454765,0.049342427,0.9833387895031726,0.017358284823044582,0.09292267,0.13142937,0.8737043022285803,1e-05
16,21,0.002453752018856189,0.037451528,0.049524605,0.9832209663915314,0.018081860841010457,0.094380304,0.1338953,0.8618227459500626,1e-05
16,22,0.0022141556795436247,0.03558809,0.04706168,0.9848557426130012,0.015984138560101942,0.08811452,0.12600218,0.8748783430100289,1e-05
16,23,0.002158949059835705,0.035410687,0.046469748,0.9852436329074626,0.01639245762662203,0.09086616,0.12760665,0.8767422384167053,1e-05
16,24,0.0018884420543000598,0.03282179,0.043446112,0.9871125038033226,0.015440687019791868,0.085601486,0.12360672,0.8815558389343364,1e-05
16,25,0.002185355545109721,0.034286324,0.046743326,0.9850623286249077,0.01926890323455963,0.099080816,0.13836363,0.87297748419715,1e-05
16,26,0.002041115321079704,0.033608243,0.04518649,0.9860468688410868,0.016762481614326436,0.092849016,0.12933849,0.8744867574992214,1e-05
16,27,0.002025115279419343,0.033470806,0.045006443,0.9861641739269148,0.01919244051290055,0.09754918,0.13799578,0.8757350908505745,1e-05
16,28,0.0017269324855979588,0.030988736,0.04156046,0.9882118872714711,0.01504624578066998,0.08656746,0.12221826,0.8797544796365788,1e-05
16,29,0.0017269392964722823,0.030715955,0.04156378,0.9882110625751596,0.013881076705055657,0.08299752,0.11737696,0.8928514849233375,1e-05
16,30,0.0016755939354667457,0.029572587,0.040937934,0.9885613804407462,0.014688595836223275,0.08768449,0.12074192,0.8848895937743496,1e-05
16,31,0.0015155622504012894,0.02896202,0.038938742,0.9896601160117842,0.014879965641604806,0.08669619,0.121433444,0.8906697036546983,1e-05
16,32,0.0014293561382197435,0.027878905,0.037814286,0.9902516450468805,0.015602496452629566,0.08871972,0.1244639,0.8838492868448555,1e-05
16,33,0.0012424894702464677,0.025630655,0.035246916,0.9915332043317987,0.015350115735566727,0.08662005,0.12348762,0.8911402082651161,1e-05
16,34,0.0013617634550283694,0.026657296,0.036904924,0.9907156951933699,0.015053528171308615,0.086400114,0.12224118,0.8839687421796316,1e-05
16,35,0.0011905737243476868,0.025290336,0.034512047,0.9918880246510855,0.014688344551595274,0.084606394,0.12074436,0.8889029947853373,1e-05
16,36,0.0011869595954156584,0.024879226,0.03444707,0.991916473742963,0.014396912465734338,0.08423285,0.11958729,0.8863671698691654,1e-05
16,37,0.0011992685658782155,0.024997579,0.034635548,0.9918253458599038,0.014688675378069834,0.0886596,0.12083712,0.8905779575375535,1e-05
16,38,0.00110387511065319,0.02377095,0.033221677,0.9924823826010378,0.016254266275575868,0.08742713,0.12714477,0.8835039026145913,1e-05
16,39,0.0010401900064743615,0.02308966,0.032252777,0.9929180509872043,0.013759657408593706,0.08239485,0.11681375,0.8913626252890618,1e-05
16,40,0.0010274672688941893,0.023282861,0.032028873,0.9930136136984749,0.015077783372598115,0.08619322,0.12230208,0.8940426989287746,1e-05
16,41,0.0009558056042415132,0.02213178,0.030919949,0.993493413205081,0.01736963210903384,0.09219097,0.13128363,0.8805432501617295,1e-05
16,42,0.0009484749310690731,0.02201037,0.030795347,0.9935435418685064,0.015255996741837374,0.08724908,0.12313681,0.8845493697093618,1e-05
16,43,0.0008717480069658747,0.020999964,0.029528804,0.9940652321447625,0.015198696654772869,0.08534612,0.12278864,0.8923093555731959,1e-05
16,44,0.0008922666190224743,0.021439206,0.029873552,0.9939253754244378,0.014846990454114146,0.08409353,0.121304035,0.8892050245972845,1e-05
16,45,0.0008148902313657013,0.020450175,0.0285493,0.9944532437027523,0.01670947138875447,0.09125904,0.1287783,0.885530496270456,1e-05
16,46,0.0012594923382749014,0.024909126,0.03549388,0.99141542592684,0.014676272688019607,0.08594094,0.12050318,0.8888760570081774,1e-05
16,47,0.0009161302715876667,0.020183418,0.03025439,0.9937825175485415,0.015039158187358192,0.085607305,0.12184601,0.8849628990643541,1e-05
16,48,0.0006638606667867318,0.017866153,0.025769517,0.9954841351873703,0.01494045382262104,0.086164355,0.12160507,0.88958901678391,1e-05
17,1,0.06690980739038542,0.20425345,0.25870064,0.308655517094982,0.05191771168675688,0.18453328,0.22840478,0.49443552068102387,2e-05
17,2,0.043845544181868576,0.16326101,0.20941642,0.6454917524873026,0.03365126500527064,0.1417212,0.18350057,0.7124123471128653,2e-05
17,3,0.026520818108518685,0.1273244,0.16286594,0.8015328660020852,0.025835647713392973,0.11908507,0.16062938,0.7800820836663301,2e-05
17,4,0.01790750304467663,0.1043068,0.13382125,0.8709037101748441,0.023331284488516825,0.11158758,0.1525893,0.8042776540949924,2e-05
17,5,0.013886368939561647,0.09100831,0.11781597,0.9011454371256938,0.02168928178165246,0.10411201,0.14684209,0.8284940755059483,2e-05
17,6,0.010289121620470187,0.07926487,0.101423904,0.9277306038139492,0.02010102457953272,0.105486125,0.14151531,0.8350325656061773,2e-05
17,7,0.008740988584500781,0.07257314,0.093484625,0.9388777103793481,0.01938682062447899,0.09718767,0.13856274,0.8506305044893562,2e-05
17,8,0.0069580521490577195,0.064522825,0.083399504,0.9516355333777203,0.017760370720039914,0.09509353,0.1324059,0.8573337346552371,2e-05
17,9,0.005651203461783442,0.058164526,0.07519144,0.9608737589451827,0.018443761315817635,0.0970898,0.13408956,0.8540232185156499,2e-05
17,10,0.004651559394388242,0.052320007,0.06816383,0.9679705506683607,0.018829271067968674,0.09322805,0.13540062,0.8539716099979879,2e-05
17,11,0.00426820146951337,0.050539795,0.065332346,0.9706207472392061,0.023866854099280858,0.10275029,0.1529218,0.8303929227902955,2e-05
17,12,0.004198675717077018,0.049996365,0.06478482,0.9711026040192302,0.02250806716512199,0.0996465,0.14801358,0.8410865653063917,2e-05
17,13,0.003418282633723482,0.044671737,0.058476098,0.9765288058828241,0.018719187359911977,0.09318813,0.13482378,0.8559472321113412,2e-05
17,14,0.0031571528337412803,0.04297283,0.056166966,0.9783746864385104,0.021951231519105257,0.09856218,0.1465279,0.8498921546323734,2e-05
17,15,0.0031232422482381167,0.04213557,0.055882085,0.9785940803380063,0.023509164685728372,0.102395535,0.15129547,0.8313290534218896,2e-05
17,16,0.0035762786969953764,0.044993997,0.05980396,0.9755189375560156,0.021771147122813597,0.097968906,0.14692795,0.8427474354060692,2e-05
17,17,0.0035018716476668352,0.044533323,0.059166025,0.9760392025821147,0.02120666242963462,0.09861897,0.14385703,0.8604974967318229,2e-05
18,1,0.07686191570300992,0.2290135,0.277272,0.28779487380091373,0.04354476394062793,0.16771692,0.20919499,0.6113667100035535,5e-05
18,2,0.03189662779533418,0.13903733,0.17860912,0.7549777140961608,0.028588083313985005,0.12483779,0.16875239,0.7735116694817903,5e-05
18,3,0.01925493458560102,0.10776033,0.13876164,0.8596969950316585,0.021418117331685842,0.10695329,0.14592828,0.8216408820295645,5e-05
18,4,0.013603829047599129,0.08980662,0.116649374,0.9030933494166887,0.01888066438820075,0.10088966,0.13708366,0.8482660401451372,5e-05
18,5,0.010642156378631524,0.07977493,0.10315454,0.9250098948669578,0.016052457383247436,0.092584066,0.12622574,0.8697410623062286,5e-05
18,6,0.008189191997146983,0.069988996,0.09048974,0.9428399797650623,0.015264276768667278,0.08800111,0.12348874,0.8756492542354094,5e-05
18,7,0.006378295394280821,0.06192417,0.07984592,0.9557664057462706,0.017768205048654367,0.095788606,0.13281891,0.8609076163961144,5e-05
18,8,0.005033827003278708,0.05399941,0.07094027,0.9652606783433559,0.01625332495853029,0.09103535,0.1272669,0.8747104012323889,5e-05
18,9,0.00470128894697061,0.05208466,0.06858047,0.9676018346880457,0.018023827751339587,0.094825864,0.13438539,0.8721678083606395,5e-05
18,10,0.004828396482854455,0.05335081,0.06949013,0.9667357486264243,0.014342667069286108,0.08600192,0.11940629,0.8936220226035034,5e-05
18,11,0.0041069196399505835,0.049388792,0.064072475,0.9718211638100759,0.015116804326815461,0.089620285,0.12273427,0.8856873036195017,5e-05
18,12,0.0033738196939806604,0.04381133,0.058045805,0.9768991682012407,0.014251951654269188,0.08488069,0.118772216,0.8889338412715327,5e-05
18,13,0.0029579041330970684,0.042109612,0.05440084,0.979744365699739,0.013701797833804178,0.08332878,0.116311334,0.8914859107915133,5e-05
18,14,0.0032775854500376174,0.04324455,0.057250615,0.9775629770969844,0.017015410018050008,0.09186794,0.12958236,0.8791644995971872,5e-05
18,15,0.0027998257776565643,0.039880544,0.052903645,0.9808558300611034,0.016750364219424902,0.09256084,0.12840989,0.8820012192234081,5e-05
18,16,0.00293425947879811,0.04133004,0.05415694,0.9799605228629674,0.013467328364236487,0.085664935,0.11592046,0.8912786217324742,5e-05
18,17,0.003079044455406691,0.042437393,0.0554932,0.9789261102895382,0.016100844997843658,0.08930787,0.12636831,0.8885516884527095,5e-05
18,18,0.0035564663053477166,0.044053897,0.059557013,0.9756762809895785,0.014123098381484548,0.08583925,0.118237816,0.8948155356134773,5e-05
18,19,0.0029932106643802024,0.041331895,0.054709658,0.9795178467680357,0.018441764198036656,0.09016334,0.13555884,0.8600667379260104,5e-05
18,20,0.0025342550296249375,0.03792584,0.050344754,0.9826947292885655,0.019664477776839502,0.09447231,0.14029172,0.8593704485959818,5e-05
18,21,0.0024304873490636454,0.0372288,0.049308863,0.9833752847435528,0.016425893857592234,0.09100888,0.12792653,0.8766256318470051,5e-05
18,22,0.0032993533771493795,0.04154683,0.057441834,0.977417372349411,0.018220452238219203,0.096507326,0.13494119,0.8579793905386274,5e-05
18,23,0.003268003730711562,0.042992525,0.057174385,0.9776377674727801,0.016746116655499296,0.092710376,0.12910621,0.8767911361348028,5e-05
18,24,0.0024993679053465635,0.03707308,0.049950853,0.9829546044262715,0.01738341294091057,0.091326706,0.13174948,0.8743140847337061,5e-05
18,25,0.0039618906168436855,0.04681822,0.06295824,0.9727730921609261,0.016431615994035923,0.09105977,0.12813854,0.8800088073565698,5e-05
19,1,0.0557379311094252,0.18596622,0.23609918,0.4946500343976064,0.031711750853530785,0.13584638,0.178346,0.720799517831374,0.0001
19,2,0.023144783737207544,0.118576504,0.15214585,0.8287453798883241,0.021449121905283794,0.10785341,0.14621498,0.833734145728192,0.0001
19,3,0.014675027109839232,0.09321593,0.12112102,0.8950062596597201,0.018359321704203332,0.10001323,0.13507904,0.8507570821905807,0.0001
19,4,0.009770286133486742,0.07696471,0.09884755,0.9313790281111857,0.019400203203851427,0.10201455,0.1390913,0.8456634801700721,0.0001
19,5,0.008116825607770654,0.07020495,0.09010096,0.943382799652893,0.018009444560717652,0.098895095,0.1335302,0.867623393322134,0.0001
19,6,0.006196703319002604,0.060821246,0.07872741,0.9571705182408148,0.019638432172575482,0.099949166,0.13977599,0.846849976655319,0.0001
19,7,0.005652908135964927,0.057718195,0.07517681,0.9609469101775983,0.01713906651949165,0.095376976,0.13058339,0.8651741739801553,0.0001
19,8,0.004895089285298051,0.053025823,0.06996721,0.9662982502467169,0.020231404410744155,0.099051334,0.14224349,0.8436807998494901,0.0001
19,9,0.005635728315661322,0.0567367,0.07507875,0.9612819110567896,0.015532168870170912,0.0886879,0.12381535,0.8767695143822031,0.0001
19,10,0.005033347618039349,0.054303445,0.07095167,0.9653662068535316,0.015180175572081848,0.08991413,0.12287376,0.8773876235778811,0.0001
19,11,0.004249273372322286,0.049553014,0.06518625,0.9708549691451559,0.016626366810804163,0.09397106,0.12856424,0.8684377821672852,0.0001
19,12,0.00675241710840089,0.060159273,0.08212077,0.9533531966522314,0.02007261837867123,0.098043256,0.1416428,0.8419915221628576,0.0001
19,13,0.004589843335664813,0.051414043,0.0677613,0.9684096918017001,0.014786912499133635,0.08576224,0.12113461,0.8879771318821965,0.0001
19,14,0.003015069849000347,0.041058347,0.054889396,0.9793931752655535,0.01586771677075713,0.08991868,0.12569635,0.8790609410566006,0.0001
19,15,0.0027756376508035847,0.038396504,0.052677047,0.9810200532562063,0.01599421045156541,0.08811776,0.12569742,0.8864097595266137,0.0001
19,16,0.002424155196575361,0.03674266,0.049211577,0.983480112533821,0.01704939628985745,0.09145919,0.13031755,0.867690948610601,0.0001
19,17,0.0023152233999294324,0.035579056,0.048122495,0.9841939728418375,0.015713051289182017,0.08953662,0.1253024,0.8898623456616779,0.0001
19,18,0.002275776751932392,0.035800986,0.047626395,0.984502456567431,0.01523321915279936,0.08763343,0.12332248,0.8767825138976159,0.0001
19,19,0.0026463640548580404,0.0385458,0.051448487,0.981918525686221,0.017487730235896178,0.095034845,0.13172472,0.8661962194596492,0.0001
19,20,0.0254743633333215,0.10255272,0.15947363,0.8104381064546541,0.06011319877924742,0.2001918,0.24608889,0.3760686334077297,0.0001
19,21,0.07386627355068226,0.2214401,0.27181825,0.06655061697551451,0.07175429544791027,0.22426702,0.26850137,0.14731209921862362,0.0001
19,22,0.07438078060067285,0.2226123,0.27268976,-0.011397161822340704,0.07040816241944278,0.22147602,0.266028,0.19179046048821047,0.0001
20,1,0.08936194205117003,0.25478467,0.29894954,0.08559867367513462,0.08066324996096748,0.23910198,0.28220773,0.13322880818232022,1e-05
20,2,0.060994029811052515,0.20105843,0.2469691,0.45073454473229746,0.054319359229079316,0.18893608,0.23103975,0.5266078065113994,1e-05
20,3,0.040221108297739075,0.15797286,0.20055564,0.6948563274217311,0.04026240629277059,0.15354794,0.19757695,0.6653463998439662,1e-05
20,4,0.02816813985738799,0.13064712,0.1677983,0.7906749685443498,0.03340232219280941,0.13227038,0.17934886,0.7259165172443061,1e-05
20,5,0.023018591275664968,0.11653249,0.15170409,0.8297717377962244,0.02945577326629843,0.12115423,0.16849138,0.7643143243885303,1e-05
20,6,0.018749430927961507,0.10544191,0.13691404,0.8640275149052051,0.02726092462294868,0.11401554,0.16180818,0.7858910514562165,1e-05
20,7,0.01639060912845291,0.09827978,0.12801585,0.8823311443964444,0.025458575558981726,0.11003221,0.15666403,0.7990723184711775,1e-05
20,8,0.013988483401241704,0.091295235,0.118259445,0.900454373137194,0.024540592716740712,0.10698759,0.15320167,0.8166522850638289,1e-05
20,9,0.012079704200378924,0.084598675,0.10992012,0.9146884071961903,0.022107534809038043,0.102350265,0.1448642,0.8300960834816229,1e-05
20,10,0.010342914589341277,0.0788891,0.10169352,0.9273546966023454,0.019888284217034067,0.10037933,0.13855453,0.841510799566843,1e-05
20,11,0.008997531649090838,0.072379425,0.09487171,0.9370235024687384,0.0198999077381034,0.0975986,0.13855259,0.843391931140221,1e-05
20,12,0.007844510555667716,0.06903721,0.08857435,0.9453191505081587,0.020312935346737504,0.09695036,0.13878155,0.8506059889828891,1e-05
20,13,0.006444599196558523,0.0628385,0.08028184,0.9553526477630727,0.018589266941749623,0.09391772,0.13266443,0.8571774613085024,1e-05
20,14,0.005629002623625587,0.058392033,0.075030684,0.9610670500853893,0.023885149375668595,0.10541691,0.14974375,0.839249009514186,1e-05
20,15,0.004973742162164683,0.05536815,0.070518956,0.9656772083942157,0.02027708025915282,0.09739099,0.1384189,0.8584991711908138,1e-05
20,16,0.004131182562559843,0.05034721,0.06427525,0.9715716408981233,0.01785505237057805,0.09408517,0.13044252,0.8612531614110821,1e-05
20,17,0.003837587032249528,0.047883708,0.061958946,0.9736016790756467,0.02170909202790686,0.099849306,0.14333726,0.8538934013531179,1e-05
20,18,0.0034772777292337792,0.046264384,0.05895145,0.9761328035415462,0.018644144292920828,0.09457988,0.13336109,0.860597185637172,1e-05
20,19,0.002947923350887739,0.04237923,0.05426924,0.9798093444661935,0.02114720905332693,0.098164536,0.14026733,0.8539141425151054,1e-05
20,20,0.003076541113501815,0.042777106,0.055461872,0.978901608940131,0.018190681834572127,0.09306572,0.13324404,0.85759163949488,1e-05
20,21,0.0029403999606669646,0.0423141,0.054234643,0.9798419839225718,0.01993572835012206,0.09776385,0.13692598,0.8592224354630467,1e-05
20,22,0.0024341615776435656,0.03777668,0.049342833,0.9833425113215928,0.017502534203231335,0.09188204,0.12887183,0.8670809430521522,1e-05
20,23,0.002739133015187962,0.039815247,0.052334845,0.9812430282214091,0.01779520744457841,0.09107004,0.13110287,0.8668073005745073,1e-05
20,24,0.002731854996913783,0.0396934,0.052267954,0.9812951039012833,0.021215435716190507,0.09875465,0.14036031,0.8536597246674733,1e-05
20,25,0.0025036389260578934,0.037659854,0.05002865,0.9828917456993588,0.02104552442740117,0.09978736,0.14143127,0.8563769729997285,1e-05
20,26,0.002098954208445448,0.0352389,0.045817807,0.985652145286926,0.016899287501083955,0.09013516,0.12690017,0.8747637216739005,1e-05
20,27,0.002170570536351232,0.035153173,0.046590395,0.9851657127167991,0.01815440086647868,0.09291489,0.13173051,0.86894111656161,1e-05
20,28,0.0020255896161641123,0.033592686,0.045009617,0.9861637976952384,0.017084242809297785,0.090682626,0.12746017,0.875848985620489,1e-05
20,29,0.0021426801435936627,0.03481309,0.046284754,0.9853624635452812,0.020170656831136773,0.09654807,0.13706045,0.8675693391193543,1e-05
20,30,0.001963463580892987,0.03351061,0.044318426,0.9865841228992216,0.01877712631332023,0.09446926,0.13499844,0.8683209642498683,1e-05
20,31,0.0017985923038403913,0.032197036,0.042413183,0.9877200821519125,0.018540540843137672,0.09506718,0.13340293,0.8703814767462311,1e-05
20,32,0.0018017526322140175,0.031906854,0.042453695,0.9876932155021175,0.017545478152377263,0.09130789,0.12874877,0.8748493264656125,1e-05
20,33,0.0017634722157751394,0.03135368,0.041996468,0.9879645073982689,0.01740790609203811,0.08810491,0.1289955,0.8706407876600075,1e-05
20,34,0.0015853320751078078,0.029730694,0.039814275,0.9891839438804855,0.017495302017778158,0.091839805,0.12955217,0.8777779590440381,1e-05
20,35,0.001650303101469545,0.030920058,0.04063,0.9887482230186617,0.015967959504840628,0.08762856,0.12298912,0.8806883605785758,1e-05
20,36,0.0015734516157089758,0.029282626,0.03965343,0.9892733555470634,0.016366063484123776,0.08920642,0.12545826,0.8781171257819744,1e-05
20,37,0.0013951942622204632,0.027489075,0.03735871,0.9904836861783378,0.016281683430341736,0.08726135,0.12507331,0.8777403167153327,1e-05
20,38,0.0011618948366414652,0.025387663,0.034090213,0.9920827845051743,0.01651598483191005,0.08720279,0.1251825,0.8806165350272023,1e-05
20,39,0.001220332832341126,0.025819147,0.03492687,0.9916915618657749,0.016462964471429586,0.086962596,0.12491886,0.8799170778096919,1e-05
20,40,0.0011973403302830792,0.025609152,0.034587655,0.9918540771655489,0.01574969680846802,0.08547032,0.12299315,0.8775581180135255,1e-05
20,41,0.001269886516052011,0.026305487,0.035643127,0.9913405457652257,0.016455407803212956,0.086307034,0.12593526,0.8757737490618978,1e-05
20,42,0.0011951739336233413,0.025320468,0.03457309,0.9918686845241208,0.01540663539032851,0.08470942,0.121387854,0.8848784753429868,1e-05
20,43,0.0010573170230795724,0.023913292,0.032514833,0.9928005557252707,0.015429588799764003,0.08595623,0.12193045,0.8835949671337263,1e-05
20,44,0.001085496239394611,0.02396684,0.03294884,0.9926055565065691,0.016913176214854633,0.08766054,0.12679265,0.8784882208031572,1e-05
20,45,0.0010098116456043566,0.022799697,0.031781234,0.9931217501264148,0.017069430988548056,0.08957187,0.12713824,0.8791459254416519,1e-05
20,46,0.000929918738297474,0.022181107,0.030482227,0.9936765738464507,0.01631375521953617,0.087451875,0.12452093,0.8837845189997877,1e-05
20,47,0.0009165650840726829,0.022055699,0.030262984,0.9937661099371232,0.01682106964290142,0.08880058,0.12694278,0.8787348793718958,1e-05
20,48,0.0009563022905690856,0.0227471,0.030927012,0.9934929963447875,0.015696395304985344,0.085213244,0.122576535,0.8818257418228375,1e-05
20,49,0.0010145574755897032,0.02284423,0.031808235,0.9931120406992106,0.016446157042602345,0.08751638,0.12510504,0.8794530981239075,1e-05
20,50,0.0009006702635713601,0.021828389,0.030016463,0.9938681988888132,0.016305767631690418,0.0883817,0.12460943,0.8845584400533654,1e-05
20,51,0.000923966830890086,0.02235174,0.030400407,0.9937087923711961,0.01605023819554065,0.08630918,0.1232514,0.8841420409591827,1e-05
21,1,0.07198182498670627,0.21597533,0.26831922,0.18102132097211446,0.05334209703973362,0.1928467,0.2322613,0.5413337768674583,2e-05
21,2,0.04481347660734274,0.16916041,0.21169786,0.6577950734602315,0.034613924965794594,0.14822417,0.18548621,0.7224459590868775,2e-05
21,3,0.02812280339650183,0.13152094,0.16768898,0.7923568786955374,0.02670198984976326,0.12238118,0.16162282,0.7867215875513123,2e-05
21,4,0.02055901048322008,0.11117795,0.14338094,0.850219391427191,0.022858404155288423,0.111421645,0.14987591,0.8167019468879879,2e-05
21,5,0.01608881212022399,0.09796859,0.12683223,0.8845789254445681,0.02114877720097346,0.105482236,0.14425915,0.8357294214932184,2e-05
21,6,0.013542344123473235,0.08971306,0.116352126,0.9038009051227344,0.01810471011724855,0.097164035,0.13328376,0.8548698425987181,2e-05
21,7,0.011511498376744513,0.08337995,0.10726965,0.9188250379100079,0.019394367168258344,0.099568084,0.13812655,0.8546242272898522,2e-05
21,8,0.009435623377196002,0.07379032,0.09712509,0.9338354219445376,0.017538262996822596,0.09492167,0.13083069,0.8703147352260309,2e-05
21,9,0.007689936532612855,0.06779837,0.08769479,0.9464943040232053,0.018688221595117023,0.0963729,0.13377407,0.8693434436859866,2e-05
21,10,0.0067831846628616625,0.06369638,0.08233026,0.9528899919708557,0.015720914567022452,0.09055465,0.123453334,0.8767834495395835,2e-05
21,11,0.005587041240934038,0.058175582,0.07475432,0.9613342887084558,0.016231509690572108,0.09030871,0.12534884,0.8753468836941685,2e-05
21,12,0.00478043877215029,0.054154128,0.06914106,0.9670146307544709,0.01573334451365684,0.0925887,0.1226875,0.8868492438708055,2e-05
21,13,0.004117793895339019,0.049505353,0.06418,0.9716502983394886,0.016390584143144742,0.09074809,0.12558046,0.8781308543290963,2e-05
21,14,0.003913836350238003,0.04800316,0.06256682,0.9730811525579811,0.019576888930584704,0.09726631,0.13387258,0.8702001493736876,2e-05
21,15,0.003726947648999081,0.047327958,0.061047565,0.9744055859373528,0.015192900418436952,0.09147288,0.12212902,0.8800787040593987,2e-05
21,16,0.0036311403752487398,0.04613433,0.060203176,0.975100957186624,0.016829345175730332,0.09414047,0.12766352,0.8842254488564213,2e-05
21,17,0.0033814796185660584,0.04367952,0.05815744,0.9768392872317306,0.013797950764585818,0.08591474,0.115939625,0.8926198906160782,2e-05
21,18,0.0029761381746513473,0.04147016,0.054510165,0.9796280018847016,0.015547245774152023,0.0909241,0.12298054,0.8801909043143622,2e-05
21,19,0.002965800920566631,0.041438982,0.054456886,0.9796852453484683,0.01607612008228898,0.08833802,0.122751094,0.8795795973068545,2e-05
21,20,0.0027971823458237764,0.039746683,0.052892283,0.9808326216631787,0.015972768222647055,0.09278685,0.12467947,0.884009782853254,2e-05
21,21,0.0027809460918314616,0.03976038,0.052737825,0.9809606153680808,0.01619017157437546,0.09280107,0.12419829,0.8890410636372879,2e-05
21,22,0.002555324489285595,0.038367227,0.05055733,0.9825053947681617,0.015835957817866335,0.088696055,0.12398394,0.8826876391165139,2e-05
21,23,0.0022235183397778004,0.035487935,0.047153965,0.9848125226914799,0.015941733128524253,0.088510185,0.12337437,0.8872706227317648,2e-05
21,24,0.002282770243952068,0.03664967,0.047782168,0.9843902008430954,0.015620824781113438,0.088286996,0.122866854,0.8854925393002929,2e-05
21,25,0.0020390245660913187,0.034265872,0.04515231,0.986087334591082,0.01779437391087413,0.09418842,0.1301448,0.878752631237762,2e-05
21,26,0.001922044021765066,0.033006903,0.04385083,0.9868702644232747,0.015787917588438307,0.090134025,0.12415144,0.8912193333285761,2e-05
22,1,0.08793686775960655,0.24728808,0.29657927,-0.018862190941977802,0.052973336806254726,0.18593559,0.23212734,0.45865647166628504,5e-05
22,2,0.0405179013924621,0.15740635,0.20131214,0.6734021751744952,0.030003825069538186,0.1319131,0.1730739,0.7532990731225429,5e-05
22,3,0.024153371289302814,0.12021137,0.1554084,0.8201511893986472,0.02334825012699834,0.112481415,0.15204099,0.8059948526363775,5e-05
22,4,0.01709260409436772,0.10155907,0.13074374,0.8767450161948418,0.022812292545235584,0.106152944,0.15033747,0.8121594160102767,5e-05
22,5,0.013171719639588183,0.086947225,0.11474715,0.9063121637544477,0.019465472449415495,0.09459703,0.1373445,0.8498470945269825,5e-05
22,6,0.009817487225110564,0.07636399,0.09906907,0.9310542352974929,0.021290174818464687,0.10342234,0.14552915,0.8300587909647889,5e-05
22,7,0.008794479333212443,0.072628215,0.093772344,0.938451353803646,0.020524832120697414,0.09734154,0.14065324,0.8495811037274136,5e-05
22,8,0.006546116231670864,0.061875604,0.08090407,0.9545785834128739,0.017931845039129257,0.09232135,0.13224976,0.8584447850451754,5e-05
22,9,0.005228240797992482,0.055992566,0.072316445,0.963857139010383,0.017030307025249516,0.09101246,0.12769932,0.868984035012706,5e-05
22,10,0.004651052160319115,0.052704945,0.06818594,0.9679727486662044,0.01714953322828348,0.090223715,0.12861596,0.8708415497241182,5e-05
22,11,0.004345636216436174,0.05062635,0.06592375,0.9700845383085961,0.017996693828276226,0.09089059,0.13100134,0.8685036075986321,5e-05
22,12,0.0035331488160468705,0.04614135,0.059421886,0.9757532644256592,0.016947006257916137,0.089765735,0.1269515,0.8699847879992175,5e-05
22,13,0.003284250939848058,0.043437812,0.05731156,0.9774838064681542,0.01736082653847656,0.08989365,0.12678853,0.8742445676696549,5e-05
22,14,0.002985765354024577,0.041085023,0.054648977,0.9795439791957775,0.017935206265454844,0.09089652,0.13079894,0.8729821595706976,5e-05
22,15,0.0025766403321829563,0.037975173,0.05075972,0.9823665071549723,0.019547844738034264,0.09010506,0.13238436,0.8740135598570337,5e-05
22,16,0.0028308717518714128,0.039931588,0.0532,0.9806698607881591,0.017226931040308306,0.088827975,0.13005592,0.8717547795722622,5e-05
22,17,0.0029589865910472505,0.040435184,0.054405812,0.9797385642204365,0.01597289421728679,0.08549614,0.12241158,0.8864992915474922,5e-05
22,18,0.0028815916217167243,0.039578266,0.053647384,0.9803232334568938,0.01879298790091915,0.09101234,0.13286415,0.8764001786270439,5e-05
22,19,0.0030062915158901955,0.040780295,0.054814976,0.9794513522438174,0.01949122902338526,0.08865469,0.13296953,0.8690149877648436,5e-05
22,20,0.0027444419934127095,0.039273027,0.052395716,0.9812796325033831,0.02372205796252404,0.10143044,0.15016375,0.8541046516061247,5e-05
22,21,0.0024152604148235763,0.036648605,0.04915229,0.9834887970087351,0.016689901339954565,0.0859112,0.12538329,0.874693176835604,5e-05
22,22,0.001986994301447662,0.033364438,0.04457894,0.9864486523931457,0.015617206626172577,0.08343027,0.12022005,0.8886888214499826,5e-05
22,23,0.0018380834374502823,0.031982254,0.04287427,0.9874616944785615,0.01661644155891346,0.08662583,0.12625158,0.8768961388439935,5e-05
22,24,0.0019247110766602384,0.03286401,0.043873977,0.9868649636330189,0.01816807417864246,0.08684651,0.1280918,0.8778768336376256,5e-05
22,25,0.0018841752104643975,0.03210639,0.043409828,0.9871427214800548,0.016978562842788442,0.087498516,0.12915605,0.876834259421112,5e-05
22,26,0.0018378823471177266,0.03203504,0.0428788,0.9874502724471454,0.015575578003855688,0.0880157,0.12372195,0.8763797957475058,5e-05
22,27,0.0020500674074576627,0.03329995,0.045283977,0.9860190045345937,0.016732248843514493,0.084248915,0.12484874,0.88414758266274,5e-05
22,28,0.0022625136684199846,0.034349024,0.047565125,0.9845663938109736,0.021143866004422307,0.09423699,0.14415112,0.8457377495722264,5e-05
22,29,0.002645235169770318,0.03768623,0.051437773,0.9819561022897315,0.021039035370839492,0.09552085,0.14424263,0.8357113690717263,5e-05
22,30,0.002658533474765544,0.037589543,0.051567126,0.9818380016314532,0.015267446071707777,0.086053394,0.122647725,0.879628454511749,5e-05
22,31,0.002436628734375237,0.03627209,0.04937246,0.983339474266533,0.017890568988929902,0.08989207,0.13229053,0.8734004007060505,5e-05
22,32,0.0019308168065155396,0.0320784,0.04394657,0.9868407582734987,0.021697167406923006,0.09722134,0.1456714,0.8633273555435349,5e-05
22,33,0.0017419244877006162,0.03002101,0.041738834,0.9881189933479403,0.01987493161245116,0.098036036,0.13880113,0.8773850675988719,5e-05
22,34,0.00173261477780598,0.030603718,0.04161917,0.9881975986222556,0.017543438389631256,0.08751634,0.13218158,0.8587664121471741,5e-05
22,35,0.0013707221312139392,0.026937572,0.03703058,0.9906713950297389,0.018259229055339738,0.087957196,0.13237916,0.875568785737704,5e-05
22,36,0.0011647105914383918,0.024830487,0.034123164,0.9920760118092785,0.016181225256462182,0.08436932,0.12444051,0.8830442818802725,5e-05
22,37,0.0012338482988312857,0.023590323,0.03512409,0.9915935773656988,0.019572058143759414,0.090170346,0.14060293,0.854512987105711,5e-05
22,38,0.0013516250849270619,0.025109323,0.036766987,0.990790562950248,0.01594518151666437,0.085448846,0.12413929,0.8823009519141195,5e-05
22,39,0.0012239166663276363,0.024196828,0.034979157,0.9916836536870474,0.018734593676137074,0.09084889,0.13525645,0.8671468043682441,5e-05
23,1,0.05888803553915469,0.19659506,0.24270771,0.46539212060041574,0.03705714150731053,0.1450879,0.19176774,0.6803182102080679,0.0001
23,2,0.02493661460597242,0.12232494,0.15792044,0.8138527325954931,0.024685846342306052,0.11293589,0.15451588,0.8092535324655672,0.0001
23,3,0.016647041444536124,0.09949836,0.12903574,0.8798210900305635,0.021859801673729504,0.10514908,0.14374202,0.8293223096249704,0.0001
23,4,0.011823301895512877,0.084339544,0.10872574,0.9163884842007539,0.024646603236241,0.106806405,0.15026507,0.8471342586444974,0.0001
23,5,0.009221715160654249,0.07391951,0.09602763,0.9353895005006971,0.021260777255520225,0.095138945,0.1370303,0.8579716200091222,0.0001
23,6,0.007403369951627661,0.066943124,0.08603569,0.9485247591162393,0.018464961554855108,0.09084719,0.13035233,0.8646866984262911,0.0001
23,7,0.0069180730345145425,0.06447603,0.08319426,0.9520849131162871,0.017558302131614516,0.09065513,0.12994279,0.8722341520556363,0.0001
23,8,0.005552634584856716,0.05744679,0.074513264,0.9617398126581311,0.015139360945405704,0.08698971,0.11988898,0.8857093730893559,0.0001
23,9,0.004936094526375566,0.05434272,0.07025728,0.9659914793225722,0.02020949005548443,0.09643807,0.13834228,0.8583929138404756,0.0001
23,10,0.007821668455133511,0.06728961,0.088433884,0.9455567251023709,0.016182367989261235,0.08975442,0.12416647,0.876864105467461,0.0001
23,11,0.005592658576146464,0.05699553,0.074800014,0.9615625774928814,0.015317533531093172,0.086327806,0.11997807,0.8848098647390887,0.0001
23,12,0.0042744693732559335,0.050084822,0.065376356,0.9706112037074752,0.01577618523567383,0.08906836,0.124097966,0.8751759551526006,0.0001
23,13,0.0035596103810000223,0.045840826,0.0596672,0.9755847905160652,0.014935833967423864,0.084391095,0.11753062,0.891678453728812,0.0001
23,14,0.0032522814749809696,0.04304428,0.05703178,0.9777561343415655,0.023699235237602676,0.10635441,0.15024371,0.8576794782647474,0.0001
23,15,0.003260780261855607,0.043142363,0.057106536,0.9777042636979479,0.018161239651297883,0.09194751,0.13102962,0.8753023872180794,0.0001
23,16,0.0028113211166749005,0.039734174,0.053027075,0.9807872893357492,0.016749778180383146,0.09042168,0.12704842,0.87824798154395,0.0001
23,17,0.002875128890405122,0.04054466,0.05362698,0.9803937891893886,0.016109103237145712,0.08805652,0.12385626,0.8886046126756503,0.0001
23,18,0.0026116195264289798,0.038588364,0.051061325,0.982187750306024,0.01718776792820011,0.09069616,0.12784716,0.8838431259248843,0.0001
23,19,0.002356007527103038,0.035778686,0.048528872,0.9839356770073029,0.01694347333562161,0.08806078,0.12689215,0.8725013025570247,0.0001
23,20,0.002502212189921291,0.037149545,0.05002694,0.9828970185676259,0.01920378697104752,0.09389565,0.13684146,0.8682539338819978,0.0001
23,21,0.002311883618833201,0.036408678,0.048088964,0.9842122085683024,0.014445898622008306,0.08413605,0.11748392,0.8904210172873651,0.0001
23,22,0.001869416271802038,0.031774003,0.04323393,0.9872533494309067,0.016480568297473446,0.08978811,0.1275691,0.876581012913893,0.0001
23,23,0.002113362596909925,0.03415791,0.045969747,0.9856045387447017,0.015559868388144034,0.08856135,0.12316346,0.8775353193877656,0.0001
23,24,0.002100725204544577,0.03431579,0.045838792,0.985665748319182,0.015834259002336433,0.084948905,0.12402633,0.8860584698287816,0.0001
23,25,0.002097950834850563,0.033287447,0.045804888,0.9856945607947772,0.018292466344844018,0.091875106,0.1318435,0.8828815645448919,0.0001
23,26,0.0028189541483689623,0.038868684,0.05308742,0.9807385127543222,0.018181559829307452,0.0928572,0.13413133,0.8697098175739327,0.0001
23,27,0.0036525834154851177,0.045321815,0.060446214,0.9749685637781692,0.015699726196804216,0.08747389,0.123520374,0.8886142798263772,0.0001
23,28,0.002766959847899798,0.03963443,0.052606687,0.9810766690449306,0.018324288772419095,0.0929715,0.13435298,0.8807975290111928,0.0001
23,29,0.0023797745277852724,0.035876293,0.04878579,0.9837477981072769,0.01796845206990838,0.09436943,0.13272527,0.8808062974957613,0.0001
23,30,0.0017507269602621445,0.030460916,0.041850522,0.9880609892898191,0.015411823755130172,0.08452979,0.12410635,0.8787552670460858,0.0001
24,1,0.017567022828163283,0.09846333,0.13255782,0.8726778895505521,0.008544691274572094,0.07289904,0.0923927,0.9383864648557906,1e-05
24,2,0.008016008286695154,0.068836525,0.089515164,0.9440882079263627,0.006775553974202248,0.06259359,0.082821995,0.9465532709493594,1e-05
24,3,0.00638365670452471,0.061815128,0.0799011,0.9557285250529213,0.006616884565489643,0.063551344,0.08184092,0.9479915106207581,1e-05
24,4,0.00458446617156828,0.05130879,0.06771561,0.9684065591366092,0.006767825261771644,0.06314099,0.08279218,0.9465718619426053,1e-05
24,5,0.026795005824866488,0.105334945,0.16368984,0.7993292913537301,0.05941643539160766,0.20379658,0.24500707,0.7747274402767612,1e-05
24,6,0.014123092672770472,0.08647945,0.118831426,0.8999119356648432,0.008058529518031585,0.06834041,0.08990088,0.9374140922462467,1e-05
24,7,0.004383186252852853,0.050442476,0.0662074,0.9697996327850296,0.007189431774248887,0.06475388,0.08521462,0.9446690531866803,1e-05
24,8,0.00280499229196823,0.0403503,0.052970074,0.9807732812571884,0.007515056150926587,0.06453976,0.08721934,0.9401963981109217,1e-05
24,9,0.0023017401036013667,0.036399346,0.04796501,0.9842643415784721,0.008122304919568167,0.06614105,0.09072675,0.9362113476030595,1e-05
24,10,0.0018572267848289345,0.032446906,0.043094527,0.987316262284305,0.0075154017637639,0.06478806,0.08726561,0.9403966886797903,1e-05
24,11,0.001655421700735838,0.030629396,0.04068978,0.988699849886496,0.007300003923538262,0.0629106,0.08598959,0.9434689722143486,1e-05
24,12,0.001416534283906972,0.028087001,0.037548125,0.9903857466402012,0.007481523847673088,0.06425019,0.08699755,0.940947169078365,1e-05
25,1,0.016472900159973606,0.094584964,0.12835877,0.8816730611941048,0.009784002900468531,0.077746175,0.09872919,0.9331999325491303,2e-05
25,2,0.007854942373945552,0.067891665,0.08861224,0.945372596533641,0.007327362737366154,0.06551405,0.08619307,0.9420122128267533,2e-05
25,3,0.006062011793589004,0.05916199,0.07782963,0.9581300476786286,0.010236000019142887,0.08017312,0.10145985,0.9378627160868783,2e-05
25,4,0.004521556073883556,0.051162515,0.067257665,0.9689060611281035,0.007890030391367705,0.066666186,0.08939994,0.9382220464605296,2e-05
25,5,0.0033187990704442267,0.043758657,0.057612434,0.9772607228016559,0.007847350820897932,0.06836349,0.089130774,0.9382107627667018,2e-05
25,6,0.0028085161531601096,0.040130563,0.05300235,0.980791924009161,0.008441084699976878,0.06968116,0.09232678,0.9363024257371728,2e-05
25,7,0.002417796671507459,0.036618363,0.049179092,0.9834864158020505,0.007052518299369021,0.06358053,0.08454316,0.9436367735041156,2e-05
25,8,0.0020020497488807214,0.03387961,0.044743977,0.9863450378068059,0.0075615430396283045,0.06533594,0.08753644,0.9431826944573324,2e-05
25,9,0.0019973474704996666,0.03315698,0.044700652,0.9863731447409234,0.007568358715852136,0.065509945,0.087593496,0.9417789689769432,2e-05
25,10,0.0018483553912944028,0.032080483,0.04300347,0.9873856944701321,0.007892300608849231,0.06724676,0.089444734,0.9368455823247626,2e-05
25,11,0.0016844872292171985,0.030953519,0.041050196,0.9885078936881946,0.007916194368994588,0.06656203,0.08955847,0.9414382357239108,2e-05
25,12,0.0016140343058965454,0.030257586,0.04015193,0.9890069990622763,0.0075440521754057115,0.06576753,0.08724534,0.9427596490208761,2e-05
25,13,0.00142441497044733,0.02798857,0.037725065,0.9903025552052901,0.007368620442354801,0.06479007,0.08643586,0.9412947781104426,2e-05
25,14,0.0012976744518216896,0.026847405,0.03603109,0.991156244305605,0.007771467799708868,0.066335395,0.08867656,0.9400944447250408,2e-05
25,15,0.001152842625759778,0.025124488,0.033953656,0.9921509784400995,0.007718290026618719,0.0655315,0.08843964,0.938145183794801,2e-05
25,16,0.00108642859991518,0.025122399,0.032969177,0.9925957606255439,0.008227658634832888,0.068909794,0.091284476,0.9390895676265079,2e-05
26,1,0.06262354520527606,0.2001429,0.25011244,0.39313267079269026,0.059667348197695834,0.20319545,0.24560404,0.5551552482234795,5e-05
26,2,0.03368402239857035,0.14202856,0.18354163,0.7394010157311922,0.013723615151657551,0.090528004,0.117789395,0.8975964429492513,5e-05
26,3,0.012214191211237915,0.085693955,0.110541314,0.9133360175940696,0.02020517307230168,0.11663392,0.14281222,0.8908627012108694,5e-05
26,4,0.06234819702931248,0.19800828,0.24973507,0.404058005135002,0.06186648139178201,0.20229952,0.24986728,0.4172331791197664,5e-05
26,5,0.04331895567843403,0.1619569,0.20796561,0.6435882441038607,0.038162787695236386,0.14059491,0.19672208,0.7256383239436077,5e-05
26,6,0.019740705175340777,0.10819541,0.14050372,0.8556072078460949,0.016331891682326655,0.0974451,0.12848413,0.8726337138650874,5e-05
26,7,0.0145787993183446,0.09197893,0.120761864,0.895613303604858,0.019447279684418055,0.10287171,0.13978297,0.8577659769590901,5e-05
26,8,0.009502085193009203,0.07547102,0.09750252,0.9332592054117393,0.01184410471749423,0.07782876,0.109379545,0.9055623214194273,5e-05
26,9,0.007951862556004687,0.068659164,0.08918279,0.9444981591589147,0.012357318869800548,0.079763174,0.11189461,0.9006179612094939,5e-05
26,10,0.005842517774373132,0.059356738,0.07642387,0.9595487945555756,0.016022543121060287,0.088402495,0.12702228,0.8945893213661873,5e-05
26,11,0.005071677675991043,0.054141,0.0712093,0.9649899525535367,0.012230223743783965,0.07935736,0.111239955,0.9026245067060631,5e-05
26,12,0.004288419255300421,0.049757093,0.06544052,0.9705109061880368,0.013379450188949704,0.08409958,0.1158178,0.9078538495212193,5e-05
26,13,0.0031825544882059004,0.04289422,0.056395892,0.9781825420209845,0.012773821182135079,0.080304526,0.112920724,0.9069296792410526,5e-05
26,14,0.0030844412013321513,0.042441174,0.055524334,0.9788735057291222,0.01413921625741447,0.08551301,0.11967858,0.9008153918144642,5e-05
26,15,0.003523993935164284,0.04457244,0.059377328,0.9757845640246293,0.018369976699533355,0.094791375,0.13593236,0.8943572183185149,5e-05
26,16,0.011953677129104872,0.07938328,0.10935969,0.9154626979380427,0.015568347326566086,0.09223156,0.12546186,0.8846042241152712,5e-05
26,17,0.003634734010324154,0.046230465,0.060295876,0.9750155897056403,0.012832892029875977,0.08279317,0.11407727,0.8948959835937216,5e-05
27,1,0.03642212517263594,0.14433487,0.19086263,0.7127391040197659,0.02469756959989253,0.11673808,0.15722995,0.8369632736600261,0.0001
27,2,0.07551448818766207,0.22282013,0.27477303,0.15918664259589468,0.06466984149517009,0.20928834,0.25580525,0.2850422284579225,0.0001
27,3,0.08112978649425764,0.23276657,0.28484452,-0.023681909537611456,0.11018455099245464,0.29497898,0.33238629,0.1580600546525818,0.0001
27,4,0.07878900604065786,0.2298055,0.2806975,0.0014256705186136403,0.07820360186613268,0.23803803,0.28058788,-0.0030908548867473597,0.0001
27,5,0.07750321926454422,0.22776654,0.27846387,-0.014114907260946795,0.06443122800232635,0.20659,0.25544435,0.304430658624192,0.0001
27,6,0.07687700399258565,0.22703558,0.27732325,0.021965396385479594,0.07006540283974674,0.2212937,0.2658796,-0.3259548429328506,0.0001
27,7,0.07657079071363557,0.22615768,0.27679175,-0.02405186187182519,0.06486616364714724,0.21003468,0.25616482,0.37605415067446635,0.0001
27,8,0.07626167354260997,0.22594345,0.27611881,-0.03196717706790883,0.07106356390027536,0.22341433,0.2677218,0.34980522844413964,0.0001
27,9,0.0765152173323522,0.22724052,0.27653086,-0.014243142760614193,0.06676097397037127,0.21451335,0.25971344,0.32680843608173726,0.0001
27,10,0.07514953710112686,0.22426638,0.27409035,0.027320573868613328,0.06632212656377642,0.21358137,0.25888905,-0.21148240552781863,0.0001
28,1,0.021248752683744914,0.10759905,0.14579253,0.8440354733914556,0.009479581585360898,0.07488158,0.09756897,0.9241449321732221,1e-05
28,2,0.009954315534070413,0.07715512,0.09977359,0.9303134050647002,0.008495083328819385,0.07060947,0.092423506,0.9382090292306391,1e-05
28,3,0.007402783782530367,0.066190735,0.086055666,0.9485308551718554,0.007256665374842231,0.06567411,0.08524998,0.94310601380727,1e-05
28,4,0.006306578083971307,0.061519567,0.0793955,0.9564297154532427,0.007998858630243275,0.06817918,0.089429,0.9369773698979401,1e-05
28,5,0.005394724882033732,0.0557256,0.07344551,0.9628641839324114,0.007404793957162097,0.06628964,0.08591975,0.942225472300538,1e-05
28,6,0.004696229742578814,0.052335918,0.068537734,0.9677911611305595,0.0074188222211820105,0.064890265,0.086062096,0.942542078170185,1e-05
28,7,0.0038613116702665446,0.047486234,0.06215393,0.9735537248043936,0.007160621469396305,0.0631815,0.08446694,0.9441586741330673,1e-05
28,8,0.0031106755713808183,0.04272501,0.055779234,0.9787738064927156,0.007229823998554989,0.06347742,0.084896274,0.9452026552170082,1e-05
28,9,0.0028749371641620157,0.040901296,0.053608783,0.9803843577381606,0.006933458571977637,0.06264383,0.08317486,0.948651535030993,1e-05
28,10,0.0028532123732789654,0.04043359,0.053422544,0.9805961835451824,0.006254523251468695,0.059242,0.07890189,0.9514276837896442,1e-05
28,11,0.0026295795507955354,0.03814057,0.05128041,0.9821139034324035,0.006938054786857079,0.06246919,0.08305001,0.9463713425667074,1e-05
28,12,0.0024062885030931096,0.036217198,0.049034536,0.9836872393226397,0.006908492788810421,0.06144784,0.08285456,0.9463916923582133,1e-05
28,13,0.0021702140034802007,0.03443194,0.046589587,0.9852381521556919,0.007223516948417657,0.06367863,0.08470374,0.9448873473056149,1e-05
28,14,0.002169612120830445,0.034764506,0.046585705,0.9852397079318604,0.006629000144096574,0.05965256,0.08101648,0.9485837831298567,1e-05
28,15,0.0019324360787025304,0.03271141,0.04395933,0.9868864558792253,0.0068010460440914525,0.06144442,0.08232101,0.9468916172528284,1e-05
28,16,0.0017601219039202545,0.031057112,0.041960318,0.9880409543035291,0.006733976213985847,0.060788,0.08178137,0.9479397241719661,1e-05
28,17,0.001814162896518491,0.031452574,0.042599015,0.9876883657454205,0.006386708459575419,0.058967073,0.079562955,0.9509882790224077,1e-05
28,18,0.001836650292011017,0.031108541,0.04286274,0.9875316881490958,0.007248814601485652,0.06407657,0.08488081,0.9477215862300707,1e-05
28,19,0.001733602235413583,0.030768283,0.041614335,0.9882442301737715,0.007186537694737867,0.06220625,0.08450073,0.9445220131378466,1e-05
29,1,0.017178025585708044,0.097181626,0.13108577,0.8759500859549623,0.008867055871868852,0.0728347,0.09442598,0.9293996410965947,2e-05
29,2,0.007887757271767602,0.068106666,0.08880967,0.9450500585633077,0.007906356498737025,0.0700594,0.08920472,0.9434491860293257,2e-05
29,3,0.006183137758564265,0.05896307,0.07864412,0.9571513191980943,0.007531917198017861,0.06744355,0.08677871,0.9407839594002187,2e-05
29,4,0.004381877116676176,0.05106871,0.06619473,0.9698624191092502,0.008388027566036693,0.069222115,0.091615774,0.9378690540838317,2e-05
29,5,0.003371294983336267,0.043673962,0.058055896,0.9768747703862419,0.007539872133983644,0.06501002,0.08697782,0.9418824027516948,2e-05
29,6,0.002592076956665483,0.038689144,0.05089401,0.9822939143781596,0.007374447260560744,0.06667904,0.08586277,0.9433922127234478,2e-05
29,7,0.0021386276555892783,0.034900382,0.04624636,0.9853830525609542,0.0086774102938189,0.069437414,0.09312696,0.9380439422682103,2e-05
29,8,0.0017980531145474182,0.03174572,0.042393267,0.9877336833690805,0.006920174872330217,0.062790945,0.083126344,0.9463029095532406,2e-05
29,9,0.001758229560828028,0.031413313,0.041922234,0.9880114449373772,0.006980232415824301,0.062428407,0.08340107,0.9472079709119408,2e-05
29,10,0.0014455832483733257,0.028822903,0.0380295,0.9901472696253284,0.007246087227637569,0.06469451,0.08509001,0.9431792169545301,2e-05
29,11,0.0013668628892438077,0.027873691,0.036978573,0.9906857444286274,0.007625831582117826,0.06554762,0.08714484,0.9440088708099693,2e-05
29,12,0.0012869526539378685,0.026928376,0.03586487,0.9912334241731201,0.00750982931155401,0.06468272,0.086444035,0.9433399610551392,2e-05
29,13,0.0013098053229195076,0.027006537,0.036193933,0.9910733069687654,0.006740438389695353,0.06127573,0.08203177,0.9480314414492317,2e-05
29,14,0.0011581911869449368,0.025494186,0.034034938,0.9921127682261613,0.007054490923312389,0.061820652,0.08392321,0.9460638876336316,2e-05
29,15,0.001020442338022659,0.023907963,0.031942513,0.9930540410229586,0.007180474783160241,0.06330571,0.08475,0.9450736527832704,2e-05
29,16,0.000961028527284572,0.023186227,0.030995497,0.9934626846582206,0.007708680721137811,0.06376406,0.08770877,0.9393471679314578,2e-05
29,17,0.0010667176387886403,0.024449226,0.0326581,0.99274013884612,0.0067126678240364765,0.061707214,0.08174877,0.9482271518032184,2e-05
29,18,0.0009269359111258212,0.022351036,0.030441312,0.9936931756937427,0.007844770206483427,0.06642767,0.08843777,0.9429302988731186,2e-05
29,19,0.0008052724959474562,0.020816965,0.028376572,0.9945203878484429,0.007059815039004509,0.062296476,0.083834894,0.9453243795962842,2e-05
29,20,0.0008274129127512934,0.021350171,0.028771155,0.9943682364256936,0.00729136765477489,0.062770784,0.08525165,0.9451610182844729,2e-05
29,21,0.0007576481658471944,0.019949846,0.02752639,0.99484555417324,0.007572794615515266,0.06446577,0.086927816,0.9439800164338653,2e-05
29,22,0.0007676767123382752,0.020632194,0.027710184,0.9947756996089587,0.0072446565630983695,0.062690146,0.08511128,0.9435501357609928,2e-05
29,23,0.0006981333357475918,0.019034117,0.026410827,0.995255650699041,0.007470172003161645,0.06407457,0.086240076,0.9443182035486918,2e-05
29,24,0.0006932677803047014,0.019193374,0.026334397,0.9952830482257367,0.0070045822886405165,0.060879417,0.08354915,0.9451302232376773,2e-05
29,25,0.0006994376415384076,0.01992072,0.026451116,0.9952406843487827,0.007094172021930313,0.061426234,0.084278986,0.9442648202839539,2e-05
29,26,0.0006858212720000546,0.018735016,0.026192427,0.9953345847914846,0.006955934227099297,0.06246522,0.0831815,0.9457033800100645,2e-05
30,1,0.018657667343134808,0.099685945,0.13660868,0.8658423286945853,0.009788569545856229,0.07485554,0.09925487,0.9215431894626928,5e-05
30,2,0.008841062627219221,0.07215718,0.09402849,0.9385261783878986,0.007183968710402648,0.06431327,0.084831625,0.9436970628499685,5e-05
30,3,0.006351032952569146,0.05967037,0.079699256,0.9561053664852109,0.008699317273028471,0.069957644,0.093225725,0.9416094492503596,5e-05
30,4,0.005222058043081888,0.05483337,0.07226776,0.9641302627208237,0.007974979260729419,0.06715286,0.08946944,0.939225502120272,5e-05
30,5,0.0035173781821341036,0.04455809,0.0593111,0.9759010906887556,0.007504272908489738,0.06401688,0.08681142,0.9427073607351635,5e-05
30,6,0.0030771209564599616,0.041716646,0.05545663,0.9789710055004162,0.008468011726142356,0.06754857,0.092214584,0.9357391242612543,5e-05
30,7,0.0027027890011646445,0.038778495,0.05199646,0.9815450215273361,0.00843647682470166,0.06863098,0.09193235,0.9352705767397288,5e-05
30,8,0.001990186115337871,0.0331622,0.044600155,0.9864260543238877,0.007922052638605237,0.065077014,0.088687345,0.9397902809211334,5e-05
30,9,0.001711800573290343,0.030488597,0.04137074,0.9883416457200419,0.007893073721788824,0.06560114,0.0888433,0.9410192141641245,5e-05
30,10,0.00181942705059436,0.031787854,0.042665597,0.9876071559272971,0.008025745233883046,0.065468356,0.08935565,0.9367782535294934,5e-05
30,11,0.0019210489008741052,0.032764688,0.043827284,0.9869178813814794,0.008473388488507934,0.069597684,0.09187563,0.9344278608982205,5e-05
31,1,0.022500761475078936,0.10911801,0.15000188,0.8370064698895011,0.013765238708368054,0.09131893,0.11762078,0.900567017773579,0.0001
31,2,0.010126133605230722,0.07591151,0.100624405,0.9291256747508169,0.0087900059470148,0.073791474,0.09407842,0.9324320009149631,0.0001
31,3,0.007369581803899241,0.06477132,0.08583756,0.9487873887606407,0.009830038934187204,0.078176446,0.09944353,0.9272280947202997,0.0001
31,4,0.005590109811186198,0.055464793,0.0747553,0.9613669149139936,0.007422305738415431,0.06592352,0.086140156,0.9422689412960387,0.0001
31,5,0.004696768852958247,0.051126413,0.068544716,0.9676700162520177,0.008877536514773965,0.072382756,0.09460508,0.9347035814922708,0.0001
31,6,0.0032689379907330654,0.043180943,0.057153963,0.9776166372778716,0.009118336791827998,0.07212559,0.0958826,0.9306357707249633,0.0001
31,7,0.05758143993525409,0.18291484,0.23990881,0.4766568539747921,0.06757668902476628,0.21562001,0.26077268,-0.08838230858841324,0.0001
31,8,0.07470781004456716,0.2231451,0.27331012,-0.05398358740569511,0.07411433025090783,0.22906841,0.2727927,-0.10279200793350055,0.0001
31,9,0.07449978355875361,0.223653,0.27293822,-0.026186768791776026,0.06495513118527553,0.20950487,0.25589994,-0.04442906397148019,0.0001
31,10,0.0743660989226164,0.2228847,0.2726797,0.02737240047471764,0.06484554231994683,0.20904312,0.2557042,0.047867089727880625,0.0001
31,11,0.07469322239962693,0.22391284,0.27328503,-0.02584643172599809,0.06513082587884532,0.21012881,0.25621885,0.0697784234968692,0.0001
31,12,0.07503960061400572,0.22374031,0.27394512,-0.02433074820621023,0.06947894956640623,0.21956846,0.26431125,-0.0722941664805609,0.0001
31,13,0.07440058320377753,0.22289144,0.27278104,-0.02194881789191243,0.06837098559157716,0.21727122,0.26225343,0.12945990720778125,0.0001
32,1,0.022584824457277206,0.113455296,0.15030605,0.8327830495038825,0.01075570410050984,0.08041914,0.10337267,0.9154228285818359,1e-05
32,2,0.009265059207035142,0.073937714,0.0962482,0.9350633187315985,0.008778150259916271,0.07498941,0.093138896,0.936918578940613,1e-05
32,3,0.0068130630447102766,0.063649796,0.08254486,0.952638080391653,0.007881048551228429,0.07036654,0.08853971,0.9417478799083332,1e-05
32,4,0.005507373131341605,0.057062373,0.074212804,0.961897979239744,0.007764480376083936,0.068507,0.08786042,0.9390701721448551,1e-05
32,5,0.005096435080125719,0.05505364,0.07138849,0.9648161091492847,0.008004330115259759,0.06875146,0.08912831,0.9374835690449533,1e-05
32,6,0.004328620914918171,0.05054864,0.06578736,0.9702147837058289,0.00762323519614126,0.06617131,0.08675141,0.9405267100977404,1e-05
32,7,0.004087041941619365,0.0490362,0.06393442,0.9719053444550503,0.007880328073432403,0.06715011,0.08788647,0.9397301491081161,1e-05
32,8,0.003085323365701136,0.04289483,0.05554907,0.9788539206107234,0.0084298622262265,0.07029844,0.091316104,0.9361852204959653,1e-05
32,9,0.0026842007499458006,0.039387934,0.05181571,0.9816150505868336,0.008201481109218938,0.06738389,0.08937932,0.9369599453943313,1e-05
32,10,0.0022650097407592093,0.036012445,0.047594868,0.9845340007637872,0.007587667870601373,0.06419847,0.08580688,0.9418789426346871,1e-05
32,11,0.002017830976145777,0.03475635,0.044918444,0.9862363185230064,0.007999089929009122,0.067632526,0.088092715,0.9414694054152837,1e-05
32,12,0.001929337687564091,0.033511147,0.043919746,0.9868456376324087,0.008078600105363876,0.06766884,0.08879993,0.938968431099792,1e-05
32,13,0.001688514055497074,0.03155844,0.04108757,0.9884808508745201,0.00790085707558319,0.06586688,0.087575704,0.9398924539487133,1e-05
32,14,0.001594607362514971,0.03077548,0.03992233,0.9891366874608201,0.007835802514039512,0.065437466,0.087400176,0.9422943621676912,1e-05
32,15,0.0016421886513479681,0.030331459,0.04052785,0.9888426109662619,0.007853156828787178,0.065892324,0.087332524,0.9397265050604917,1e-05
32,16,0.0014756120954614099,0.029558383,0.038413346,0.9899433083843151,0.008483767925229455,0.06814749,0.091312036,0.9353253607326691,1e-05
32,17,0.0013591699793425642,0.027925791,0.036873225,0.9907450052491461,0.00768836958533419,0.0652585,0.08663054,0.9406914935966925,1e-05
32,18,0.0012695154245337906,0.027229436,0.03563063,0.9913497396111125,0.007699017146868365,0.06396509,0.086677104,0.9413539898077531,1e-05
32,19,0.0012247809309568953,0.025810558,0.03499985,0.9916638297106641,0.007770466967485845,0.065273404,0.08703065,0.9401411917001254,1e-05
32,20,0.001221608118943992,0.025894396,0.034955367,0.991676237230497,0.007555969766274627,0.063694134,0.08562347,0.943741351806313,1e-05
32,21,0.0011041560558445543,0.025429025,0.033232544,0.9924825036934428,0.007435931225440332,0.06430516,0.08481191,0.9441240481840003,1e-05
32,22,0.0010428329609839298,0.024288377,0.032299247,0.9928994018458873,0.007643982776374157,0.06500066,0.08610278,0.9419504237227105,1e-05
32,23,0.0010273547129918796,0.024167005,0.032050032,0.993014549616128,0.007880634037844305,0.06543476,0.087417446,0.9437676461320641,1e-05
32,24,0.0010048467315032766,0.023547677,0.031699803,0.9931619438488942,0.008003070210439287,0.066222966,0.08752304,0.9419273941575519,1e-05
32,25,0.001062490016240496,0.02410598,0.032594223,0.9927763238245683,0.0077149697047259125,0.06492583,0.086627476,0.9424906315444697,1e-05
32,26,0.0009777887476005408,0.023334833,0.031274416,0.9933534400819908,0.007615258335135877,0.06391016,0.08598625,0.9437250778654279,1e-05
32,27,0.0009274057000570834,0.02295672,0.030457355,0.9936902622253999,0.007807630480134061,0.06484696,0.086533,0.9409930889310419,1e-05
32,28,0.0009550175977170154,0.022883346,0.030901456,0.9935012617210558,0.007999394238660378,0.06570222,0.08819626,0.941938757151292,1e-05
32,29,0.0009608740837282771,0.02314249,0.03099573,0.9934710456566986,0.007715236744843423,0.06434188,0.086195275,0.9431672770827016,1e-05
32,30,0.0008562563964226675,0.021575902,0.029258613,0.9941741100244716,0.007764556362027568,0.064822756,0.087069616,0.9414897867942973,1e-05
32,31,0.0008076710100710027,0.020808479,0.028424498,0.9945056825959374,0.007266434940642544,0.06257826,0.08394139,0.9461723527705971,1e-05
32,32,0.0007815843091180948,0.020437673,0.02794783,0.9946913387440555,0.007705588916516197,0.06497849,0.086576626,0.9429346644011158,1e-05
32,33,0.0007701038617410079,0.020403797,0.027748147,0.9947664630253721,0.007617155647104872,0.06384507,0.08600362,0.9432378227046998,1e-05
32,34,0.0006883695027214327,0.019168247,0.02623676,0.9953195131914531,0.007307812014395105,0.06321432,0.08417951,0.9451843066621525,1e-05
32,35,0.000695921797397825,0.019461047,0.026382338,0.9952678878544896,0.0081956189075884,0.06634565,0.08905546,0.9402398895663161,1e-05
32,36,0.0006996500293591503,0.019649642,0.026447808,0.9952438580502994,0.007447797805070877,0.06348413,0.08502699,0.9443818400458577,1e-05
32,37,0.0006870718645127751,0.019100664,0.026213005,0.9953265235223717,0.007762955085906599,0.0649015,0.08675881,0.9434929015724055,1e-05
32,38,0.0006303931235566422,0.018751103,0.025108932,0.9957162673379384,0.0073390595664802405,0.062099326,0.0841735,0.9441884894710127,1e-05
32,39,0.0006569499519428404,0.018595424,0.02562288,0.9955361241710594,0.007639731995628348,0.06412633,0.08624464,0.9423660601134658,1e-05
32,40,0.0006812401502132067,0.01924665,0.026091691,0.9953727744582955,0.007592458760232798,0.06370921,0.08564521,0.9435009448037079,1e-05
33,1,0.020132189153075637,0.10459176,0.14191386,0.8527397326040212,0.009019373699889652,0.07298334,0.09508956,0.9282371931993473,2e-05
33,2,0.007443538710266073,0.06579287,0.0862701,0.9481535326470353,0.008472166489809752,0.07086033,0.09190349,0.939863603091271,2e-05
33,3,0.005864850815524843,0.05839805,0.0765818,0.9593829490331639,0.008173834183253348,0.06979287,0.09006362,0.9427451946852488,2e-05
33,4,0.004372783681969637,0.050949533,0.066128924,0.96987158153226,0.007061707512808165,0.062962316,0.08284822,0.9460129976755648,2e-05
33,5,0.0035607809969006436,0.04566109,0.059677783,0.9755327591230902,0.007714664729844246,0.065147236,0.08697825,0.9425053156976706,2e-05
33,6,0.002785847928139999,0.040553585,0.05278095,0.9809211082543112,0.007647179524480764,0.06492622,0.0867361,0.9415866870504882,2e-05
33,7,0.001942105281218956,0.033469103,0.04407186,0.9867317633096881,0.007744536751748196,0.065839544,0.08687556,0.9421322932566973,2e-05
33,8,0.0017202924607891729,0.03155509,0.04147944,0.9882553899805401,0.007851385927226926,0.066887505,0.08733225,0.9400300268529974,2e-05
33,9,0.0016232824114055557,0.030498976,0.040292945,0.9889207886686951,0.007311897701583803,0.06349432,0.08423235,0.9463647210991094,2e-05
33,10,0.0013176654715735083,0.02762571,0.0363026,0.9910195504581604,0.007188487590091037,0.06205974,0.08325823,0.945441834620881,2e-05
33,11,0.0011389055020049666,0.025938345,0.03374942,0.9922402650088876,0.007310972731959607,0.06355815,0.08400701,0.9447947370685611,2e-05
33,12,0.0009993539187974497,0.023660665,0.03158916,0.9932050778203977,0.0072450853684651,0.06240473,0.08407644,0.9444460314894573,2e-05
33,13,0.0010730352156978343,0.02502762,0.032755986,0.9926927155793559,0.007473102621068912,0.064233676,0.08500504,0.9445405509963993,2e-05
34,1,0.055279900850815196,0.18606304,0.23515601,0.5045761097414252,0.018140143814629743,0.10833115,0.1372037,0.8499076260354124,5e-05
34,2,0.013031599170606688,0.08858304,0.11415283,0.9072772643108772,0.008844398643954523,0.07476839,0.09482999,0.9360486216002369,5e-05
34,3,0.006677706193866504,0.062015947,0.081723906,0.9536217968852196,0.007930881568297212,0.06882642,0.08993593,0.9372108947417988,5e-05
34,4,0.004714002744642861,0.052274212,0.06866694,0.9674736517664764,0.007780404877848923,0.066954955,0.08863034,0.9378925073173615,5e-05
34,5,0.003589480540880533,0.0455268,0.059912317,0.9753408120916597,0.008432118288640465,0.068794265,0.09239018,0.9330743875973655,5e-05
34,6,0.002766711235364081,0.03935312,0.052587874,0.9810598638049965,0.008391972140608621,0.07201908,0.09185969,0.9370629421702994,5e-05
34,7,0.001971584726799558,0.03346945,0.044408787,0.986525501708193,0.008786905673332512,0.06925019,0.09412368,0.9310004072273743,5e-05
34,8,0.0017063198758019396,0.030382367,0.04130868,0.988353804262647,0.008208780948604857,0.06814522,0.09030777,0.9355935476743916,5e-05
34,9,0.00150197854202467,0.028380571,0.03875821,0.9897557085552368,0.007768633775413036,0.06289578,0.08822375,0.9404332467551109,5e-05
34,10,0.0014895286893028175,0.028139131,0.03859405,0.9898447900285916,0.007731369987595826,0.06522554,0.08801441,0.9395117796177785,5e-05
34,11,0.0013005192164183708,0.026472429,0.036068108,0.9911353932014962,0.007862145771339004,0.0645889,0.08796192,0.9389421354522342,5e-05
34,12,0.0011315133311637791,0.024501514,0.03361927,0.9923036555727837,0.007756046102648335,0.06491202,0.08801273,0.9389066615957244,5e-05
34,13,0.0010122182941125165,0.023014333,0.03182102,0.9931090532891603,0.007790500431188515,0.06500899,0.08838158,0.9395555971306903,5e-05
34,14,0.0009012439248215181,0.021653086,0.030025395,0.9938633717905622,0.007517277920019946,0.06162489,0.08651315,0.9420469973736697,5e-05
34,15,0.0007981741416026516,0.019776544,0.0282539,0.9945698245055473,0.008150138397468254,0.06550291,0.09065545,0.9377079354888198,5e-05
34,16,0.0007145624938551511,0.018959306,0.026734328,0.9951385735790329,0.007835649070329964,0.063370734,0.08744972,0.9407059126139603,5e-05
34,17,0.0008053341386763588,0.019386096,0.028377807,0.9945200593945185,0.008079411886033736,0.06424483,0.08893121,0.9374470988822856,5e-05
34,18,0.0006515714951908372,0.017724553,0.025529819,0.995567381690347,0.007703008088615856,0.06356432,0.087294854,0.9409892990859354,5e-05
34,19,0.0005785265705432899,0.016662858,0.02404932,0.9960674067546139,0.007443368983721095,0.062324207,0.086378016,0.9417816749837545,5e-05
34,20,0.0005933765801231194,0.017089797,0.024361923,0.9959653481451075,0.007799899812588202,0.06534557,0.088497974,0.942606476375313,5e-05
34,21,0.0006079959202227052,0.017342744,0.024659999,0.995864712608191,0.007741849511928324,0.064529166,0.08781699,0.93968686559846,5e-05
34,22,0.0005078057537647399,0.0154313315,0.022536721,0.9965474435363851,0.00759591772137875,0.062837236,0.086845554,0.9409097888038375,5e-05
34,23,0.0005032967690516602,0.015114832,0.022437451,0.9965782647090482,0.008230141289199569,0.066986665,0.09058545,0.9418987400157964,5e-05
34,24,0.00048403978606448815,0.015570102,0.022002634,0.9967097465312281,0.007216877220863742,0.06082022,0.0848204,0.9435420977262281,5e-05
34,25,0.00046786184465647543,0.015115324,0.021634938,0.9968188370662016,0.008028029838377344,0.0638087,0.089456886,0.9389099643367756,5e-05
34,26,0.000452231491342509,0.014803929,0.02126256,0.9969272627177461,0.007796085572668484,0.06382884,0.08785212,0.9409366712644378,5e-05
34,27,0.000443220657250783,0.014420102,0.021056673,0.9969870127894561,0.007659436719092939,0.06316427,0.08777163,0.9405899236854149,5e-05
34,28,0.00045917234915280366,0.015086472,0.021432204,0.9968778979224886,0.007742026500636712,0.06386126,0.08787478,0.9408018952278459,5e-05
34,29,0.0003941065633030843,0.0138067715,0.019854601,0.9973211733874721,0.007793267835430535,0.06459015,0.088732794,0.9404157117921031,5e-05
34,30,0.0003459868860424488,0.012590743,0.01860267,0.9976489328535443,0.007848767497177635,0.064234704,0.08817742,0.9410114747881296,5e-05
34,31,0.00034314087805176094,0.012457193,0.0185278,0.9976676465946391,0.007364418174672339,0.061957575,0.08616325,0.9423511894208112,5e-05
34,32,0.00033402680298346137,0.012622987,0.018275678,0.997730732511149,0.0076414111203381,0.06348114,0.087388314,0.9421124295460205,5e-05
34,33,0.00033077201160012576,0.01220306,0.018190984,0.9977521538130047,0.007731122779659927,0.063929975,0.0880338,0.9432392530628316,5e-05
35,1,0.02108414315348752,0.10584613,0.14523523,0.8465768214026155,0.011119789759894567,0.079823,0.107348114,0.909024412836353,0.0001
35,2,0.007751853747084458,0.06681689,0.08802241,0.946074011582535,0.007594852225988039,0.065980084,0.08830435,0.9396702000418845,0.0001
35,3,0.00592503582005537,0.05824897,0.076968394,0.9589861109112702,0.007021191247206714,0.06514063,0.084562175,0.9438492795228428,0.0001
35,4,0.004032988707256442,0.048645135,0.063510776,0.9722601309906667,0.008288527439747537,0.06819403,0.09060062,0.9407128120444592,0.0001
35,5,0.0027167787998436,0.03901403,0.05213024,0.9813934594823338,0.007802107920204955,0.06659562,0.08946431,0.9382053685961244,0.0001
35,6,0.0020134462781846696,0.03378111,0.044864528,0.9862493387477947,0.008113360863977246,0.069274195,0.09069046,0.9363377497534068,0.0001
35,7,0.0018788966645103679,0.03246901,0.043350957,0.987165731107554,0.007806577370502055,0.06691064,0.08896834,0.9396674733479492,0.0001
35,8,0.0017877622381305305,0.03171711,0.042281743,0.9877996862114116,0.007184971057410751,0.06254441,0.08522653,0.9430035191082562,0.0001
35,9,0.0015395777112321284,0.02885343,0.03924489,0.9895015994383586,0.007855381617056472,0.06549169,0.08942777,0.9390320107649074,0.0001
35,10,0.0012641116717251489,0.026543979,0.035553582,0.991386611516885,0.007471997349057347,0.06489954,0.08712352,0.9402435952984535,0.0001
35,11,0.0010484685755778695,0.024065739,0.032385625,0.9928603126875423,0.007786600351599711,0.06544513,0.08888021,0.9417962623078752,0.0001
35,12,0.0009890932412426397,0.022806093,0.031434253,0.9932745858981623,0.008074970907598202,0.06605917,0.09047514,0.9362504469760914,0.0001
36,1,0.059669098925611404,0.20057903,0.24419266,0.4533178279017298,0.04478503595951393,0.1776721,0.21267441,0.6169569315050573,1e-05
36,2,0.036594341118998445,0.15409683,0.19128916,0.726473981655716,0.02414697245047945,0.12453613,0.15604636,0.8119676835671353,1e-05
36,3,0.019729338026693674,0.11018861,0.1404885,0.8592865523400042,0.01493288624678152,0.09671587,0.12300133,0.8798104142720823,1e-05
36,4,0.013394100634788084,0.09120456,0.11573554,0.905100518638252,0.011891381196349997,0.08759271,0.10978401,0.9043267640381097,1e-05
36,5,0.010332868700095227,0.079371735,0.10164939,0.9273349001068493,0.010510374788113782,0.08166546,0.10323791,0.9186674332521616,1e-05
36,6,0.008297069513722579,0.07112912,0.09105336,0.9420963373473262,0.008582702295690844,0.07370089,0.09324924,0.9318509600415709,1e-05
36,7,0.007607123124973237,0.06798502,0.08723006,0.9469859056783109,0.008728590970686465,0.07363316,0.09386265,0.9304986065686013,1e-05
36,8,0.006587280378880678,0.062463373,0.08117742,0.9542320312062204,0.008906584364012815,0.07537288,0.095001444,0.9356311155191462,1e-05
36,9,0.005833055685330674,0.058856156,0.07639547,0.9595814667957596,0.008339654240343306,0.07165132,0.09195005,0.935829941129538,1e-05
36,10,0.004839204910988364,0.05423166,0.06955076,0.9666192190841815,0.00782999017354558,0.06880151,0.089089036,0.9379154284690739,1e-05
36,11,0.004361352755576068,0.05065433,0.06601069,0.9699793976718455,0.008140847721801105,0.068875544,0.09081774,0.9364528456984029,1e-05
36,12,0.00378641197897187,0.048014134,0.061517585,0.9739807544551893,0.008047055630918799,0.069133185,0.090286486,0.9398481449902373,1e-05
36,13,0.0032926342106786304,0.044194724,0.057392318,0.9773944700576759,0.007823183771742388,0.0688663,0.08905961,0.9376710650502005,1e-05
36,14,0.002672294465266413,0.039470565,0.05169333,0.9816985694291027,0.008255470373788503,0.068645485,0.09133884,0.9368952018469132,1e-05
36,15,0.002536343218503772,0.03844314,0.050336145,0.9826553616571965,0.008234489917985801,0.069523096,0.09135484,0.934350959778988,1e-05
36,16,0.002289694819954212,0.037032805,0.047856268,0.9843354005606217,0.008932937607891357,0.072792284,0.09516939,0.9334978279492899,1e-05
36,17,0.0020827741787993502,0.034542,0.045648575,0.9857571057847512,0.007734688640253067,0.06824576,0.08849121,0.9394271786396096,1e-05
36,18,0.0023540262468529118,0.03633158,0.048505608,0.9839062623945838,0.008071616113604116,0.06798417,0.09045579,0.9384651501661656,1e-05
36,19,0.0019108759281033743,0.03287087,0.04371843,0.9869464880025945,0.008534873454704195,0.07086994,0.093032666,0.9336649509951697,1e-05
36,20,0.0015714308904696344,0.030254005,0.039645195,0.9892760599439706,0.00792184641155742,0.0679134,0.08959355,0.9389773768886968,1e-05
36,21,0.0016293296195777724,0.030162483,0.040370226,0.9888782384481346,0.00799170442203629,0.0678998,0.08990794,0.9374212345507784,1e-05
36,22,0.0014614442171673502,0.028868396,0.038239427,0.9900287945835156,0.007800760405694341,0.068246216,0.088918105,0.9376173390967116,1e-05
36,23,0.0013333673722814281,0.02777818,0.03652526,0.9909052265180446,0.008171681073252801,0.069829226,0.09074104,0.9401530241927257,1e-05
36,24,0.0013766647487109451,0.028563965,0.03711271,0.9906092038729317,0.008614254373781107,0.073377445,0.093308814,0.9404631050955148,1e-05
36,25,0.0016626848600340776,0.030327713,0.04078452,0.9886511054846986,0.008009646516896922,0.06731137,0.090015054,0.9367376867517629,1e-05
36,26,0.0016199613939925173,0.02959413,0.04025067,0.9889473616048207,0.007871144120161733,0.066203,0.089341365,0.939208053532614,1e-05
37,1,0.07604817121407174,0.22836751,0.275754,0.12441399030406189,0.04178373077108214,0.167771,0.20507269,0.6626505266362575,2e-05
37,2,0.031119120098507928,0.14003919,0.17642823,0.7742345766289735,0.017209026188572386,0.101594895,0.13127677,0.8677430155249981,2e-05
37,3,0.015078905747567465,0.09634421,0.12279634,0.8932437556863393,0.010772129460410387,0.080890566,0.10432161,0.9143158376177573,2e-05
37,4,0.010724289319845173,0.081622235,0.103533894,0.9245817377351291,0.009741286472288065,0.077754475,0.099277414,0.9217487659367993,2e-05
37,5,0.008398420431378633,0.07094708,0.091633156,0.9413168261914052,0.008126680909535262,0.069720194,0.090483755,0.9353005971306616,2e-05
37,6,0.006874542750546569,0.06498848,0.082891054,0.9522323834015841,0.008649725229824308,0.073523335,0.093502484,0.934051995598635,2e-05
37,7,0.006269743734120422,0.061107177,0.07916346,0.9565325929615727,0.008423157089122536,0.07186062,0.09228509,0.9325244108443502,2e-05
37,8,0.005462005576157587,0.056717545,0.07392153,0.9622186546711581,0.007481101839975627,0.06776917,0.08699538,0.9426994977915988,2e-05
37,9,0.004884875668297091,0.053760312,0.06989694,0.9662830422209797,0.007964847314589726,0.06976277,0.08985734,0.9377731313847141,2e-05
37,10,0.004246470512358241,0.04990535,0.0651675,0.9707649077955111,0.008965093501097322,0.07404807,0.095348366,0.9340623958924438,2e-05
37,11,0.0038391292244715457,0.047432084,0.061934482,0.9736458675288899,0.008498120427787028,0.070661,0.092710726,0.9371197582509506,2e-05
37,12,0.003216621734120445,0.043792054,0.056608893,0.9780227158413544,0.007448487059499948,0.06746869,0.086905256,0.9439636467538199,2e-05
37,13,0.003272871978029271,0.043475866,0.057186507,0.9775759276127169,0.008588886253038355,0.07134528,0.093326114,0.9326625369552937,2e-05
37,14,0.0027521695271482535,0.039430425,0.052473143,0.9811566127551135,0.0078046658584046075,0.067585416,0.088793635,0.9387866753995142,2e-05
37,15,0.002279103389759189,0.036558855,0.047702268,0.9844446538522966,0.00813387980598337,0.06861191,0.09082,0.9352014762398271,2e-05
37,16,0.0023607216816829086,0.037026405,0.048590552,0.9838686267072404,0.008585962240532454,0.072487205,0.0932927,0.9355575817597028,2e-05
37,17,0.0022598793156818073,0.035924926,0.04754053,0.9845504169481757,0.007617763094862716,0.067539826,0.08787954,0.9392810638108883,2e-05
37,18,0.002411179695279154,0.03668201,0.049101725,0.9835082700035931,0.009349131816566957,0.07301302,0.097160935,0.9285031413529047,2e-05
37,19,0.002309542247029274,0.035995252,0.04805525,0.9842419820084012,0.008765819993169754,0.07056349,0.09427351,0.9320573556302539,2e-05
37,20,0.0021247565521058686,0.03451524,0.046104096,0.9854793152408148,0.008175932262626398,0.071475565,0.09104882,0.941454951619509,2e-05
37,21,0.0017983429155481933,0.031969342,0.042400472,0.9877320029974315,0.00955837973338526,0.07390395,0.09838953,0.9293827018817918,2e-05
38,1,0.06019871659026368,0.1992454,0.24535412,0.4421211444987364,0.022880142621471786,0.11887209,0.15202668,0.8096319695615679,5e-05
38,2,0.017015019849771808,0.10205829,0.13046628,0.8771557594660225,0.011521161596411493,0.085499115,0.10778263,0.9168978384672082,5e-05
38,3,0.010266774665409532,0.0793278,0.10132499,0.9277173600185766,0.00843108311043276,0.07287274,0.09244889,0.9326017184112628,5e-05
38,4,0.008470279634253682,0.071674414,0.09201584,0.9408146027971461,0.008718632327616905,0.07179916,0.09398164,0.9314378990723046,5e-05
38,5,0.007119943246503239,0.06463629,0.0843768,0.9505057454951072,0.008189922980144966,0.06906629,0.09087046,0.9352659683562126,5e-05
38,6,0.0058365907962495195,0.05893961,0.07638543,0.9595991884488015,0.008036238359771367,0.06722776,0.09027263,0.9395918373197933,5e-05
38,7,0.005283970372733948,0.054998677,0.07270645,0.963496643815057,0.008221369039448392,0.07060996,0.09121049,0.9388519636612501,5e-05
38,8,0.004053353908143733,0.04836131,0.06366351,0.9721253807974054,0.009179677548268551,0.07185599,0.09639525,0.9305768442786092,5e-05
38,9,0.004268117097644875,0.050173946,0.06533275,0.9706726184685947,0.009505707206067705,0.07430767,0.09818107,0.934743561112869,5e-05
38,10,0.0036797106782172724,0.04600593,0.060652733,0.9747747428307224,0.008849220968100039,0.06979305,0.09472709,0.9329245500779718,5e-05
38,11,0.002970130395335439,0.04197903,0.054504447,0.9796495311389538,0.0083458354595307,0.06821695,0.091937564,0.9349293875357116,5e-05
38,12,0.0027842457242700774,0.039961122,0.05269742,0.9810010650264507,0.007445333751901571,0.065196544,0.08662232,0.9419451904912094,5e-05
38,13,0.002809833439990305,0.03961284,0.053010546,0.9807610331173018,0.00874629630868429,0.06889522,0.094177864,0.9314950941537373,5e-05
38,14,0.002479924117026619,0.03769546,0.049805027,0.9830553319237204,0.008350239236379921,0.069596104,0.091990806,0.9372358924898104,5e-05
38,15,0.002450953126227033,0.037941255,0.04948957,0.9832576510942318,0.008841891811496479,0.071000025,0.09469103,0.9293014382076439,5e-05
38,16,0.003012095541745562,0.040479507,0.05487476,0.9793760539613868,0.011084615363937768,0.08294313,0.105979495,0.9131733432255457,5e-05
38,17,0.0032734557956237637,0.043203473,0.057226226,0.977537057677383,0.007915462429755953,0.06647936,0.08957333,0.9372288160839093,5e-05
38,18,0.0020919930593493595,0.034050833,0.045744985,0.985709037110729,0.008721264791718029,0.06730397,0.09376958,0.9373027464624701,5e-05
38,19,0.0018517955389644523,0.032015003,0.043035034,0.9873619803509229,0.008130764463674967,0.06383351,0.09075505,0.934741998822166,5e-05
38,20,0.0020143117249530424,0.033742156,0.04487774,0.9862546123249918,0.009298932593756708,0.07119174,0.09707453,0.9333952233264544,5e-05
38,21,0.0019135665289281307,0.033044714,0.043729033,0.9869550623678264,0.009053913417759489,0.06841094,0.09572543,0.9276710577546551,5e-05
39,1,0.046042817813141936,0.16992033,0.2146091,0.6155067736246226,0.017289077162449422,0.10001519,0.13142718,0.8612585055702486,0.0001
39,2,0.013987697657115026,0.09190119,0.11829382,0.900149343330415,0.00867359539390438,0.07366163,0.09336243,0.9313593954088619,0.0001
39,3,0.009764855691377578,0.07719243,0.09881855,0.9315409146965331,0.008911773711184246,0.076030985,0.09476891,0.9297674790417347,0.0001
39,4,0.007480308543928794,0.06704811,0.08650164,0.9479697588500464,0.009051120641675812,0.07097363,0.09575702,0.9271679714989706,0.0001
39,5,0.007610990683736919,0.06584938,0.08726246,0.9472313875026583,0.008257115538947767,0.069504865,0.091396816,0.9344700170799942,0.0001
39,6,0.00594986284558447,0.05909274,0.077138804,0.9589572578901957,0.008476664726105,0.06921439,0.092535,0.9328199843724824,0.0001
39,7,0.004989083423492744,0.054016232,0.07063639,0.9657024147706819,0.007244267616476497,0.06429515,0.08570709,0.9429332824694928,0.0001
39,8,0.004494247514196665,0.05089128,0.06700245,0.9692284792072409,0.008847116948648667,0.07023894,0.09458797,0.9310533853559583,0.0001
39,9,0.005122426803371416,0.054297917,0.07157867,0.9647879117291613,0.01054464940076556,0.07800413,0.1030233,0.9289824450916346,0.0001
39,10,0.0045105383141732245,0.050436016,0.067164846,0.9690811360153659,0.008128144556259806,0.068965025,0.09077079,0.9350677560857376,0.0001
39,11,0.009695898514909007,0.06520143,0.098216854,0.9327307919492179,0.06886518417687276,0.20086516,0.2642551,0.24953979509652333,0.0001
39,12,0.08091003484110061,0.23047453,0.28440952,0.02249242974184545,0.06939172211827503,0.21993095,0.26463047,0.2962387243834848,0.0001
39,13,0.07961945406272224,0.23007873,0.28214648,-0.04383024711677371,0.06802441295305336,0.21708381,0.26208177,0.09867138029913396,0.0001
39,14,0.07520755637648176,0.22470836,0.27419636,-0.014804681213019075,0.07046125004826873,0.22215289,0.2666115,0.009612049279997543,0.0001
39,15,0.07470081408429786,0.22463816,0.27328545,0.01717613319035949,0.06751810152221609,0.2159984,0.26113397,0.04378345146630172,0.0001
39,16,0.07403935382151366,0.22262761,0.27207938,0.033518652836413636,0.06460174200711427,0.20899,0.25568265,-0.06720088618783307,0.0001
40,1,0.082378875803655,0.23878342,0.28698212,-0.01208661058814739,0.061112633664850834,0.20645823,0.2482377,0.3079039563076402,1e-05
40,2,0.05525345773061859,0.19268413,0.23510012,0.5067313120613193,0.03414109259567879,0.15030368,0.18541312,0.7321018209558836,1e-05
40,3,0.028837239796243537,0.13543193,0.16985439,0.7882335385976514,0.020532915644623614,0.112166926,0.14354692,0.841519020045755,1e-05
40,4,0.017304425685945028,0.1033688,0.13151085,0.8762674232460925,0.014226728688097663,0.092521004,0.1192997,0.8860374967977448,1e-05
40,5,0.012767035706691165,0.08899116,0.113001175,0.9096794565490238,0.011400827094567594,0.08292496,0.10662945,0.9097172588910404,1e-05
40,6,0.010390031043218152,0.07933407,0.101924226,0.9269412789769493,0.00982957506655819,0.07754787,0.09903259,0.9239635760648853,1e-05
40,7,0.008841206836427135,0.07327154,0.09403567,0.9381800324433092,0.009887816582771915,0.07715664,0.099382706,0.9301211271296783,1e-05
40,8,0.008013244630185731,0.069079675,0.08953077,0.9440741896899654,0.008659195749916963,0.07309937,0.09289321,0.9351688294166827,1e-05
40,9,0.007694520318454184,0.06779104,0.0876999,0.9463693458529411,0.008708215905008492,0.0722175,0.09317636,0.9312732036290727,1e-05
40,10,0.006922363265521964,0.06519036,0.08321293,0.9519475101047534,0.007451132112355144,0.065613486,0.086085364,0.9418241739851823,1e-05
40,11,0.0057812233098617225,0.05896372,0.07602699,0.9599868734274554,0.007823283051106113,0.06807317,0.08822858,0.9391706730966146,1e-05
40,12,0.005633008690000399,0.058817342,0.07504457,0.9611022199039871,0.007501826664708831,0.065384395,0.08626813,0.9414947201767524,1e-05
40,13,0.005135623470795228,0.055923034,0.07166975,0.9645688488786097,0.008288182904598889,0.070099376,0.090715885,0.939152849505908,1e-05
40,14,0.0047256377102398075,0.052853405,0.06873307,0.9674577380883407,0.008096454173533453,0.068272024,0.089720406,0.9381009680292974,1e-05
40,15,0.004288195550798604,0.05062508,0.06548717,0.9705670749275089,0.008015981935723513,0.06803455,0.08921148,0.939705432867401,1e-05
40,16,0.003805202653111507,0.04798342,0.061690062,0.973892662696999,0.008435548408198412,0.06918524,0.09150144,0.93505922868033,1e-05
40,17,0.0035120296815875918,0.046011116,0.059270576,0.9759251201126088,0.008703922835627088,0.0701597,0.093006365,0.9344175354888226,1e-05
40,18,0.0031764397936738225,0.043804746,0.056348506,0.9783045775516923,0.009735091779105089,0.076989815,0.09842758,0.9321339482910024,1e-05
40,19,0.002988399966920739,0.04188739,0.054628186,0.9796250776145102,0.007930212132460266,0.06752757,0.08860181,0.9388447041236974,1e-05
41,1,0.08183016702880926,0.24060376,0.28606567,0.20106877850027616,0.04934431960875237,0.18132521,0.2227307,0.5174823935361677,2e-05
41,2,0.03587164499831743,0.15024133,0.18943721,0.7256582860005891,0.023635480621898616,0.12163363,0.15353908,0.8203402492716163,2e-05
41,3,0.01803265164810816,0.1051021,0.13431805,0.871412488295163,0.014037559791985486,0.093106106,0.11845124,0.8886528781892814,2e-05
41,4,0.012068234598394657,0.08660523,0.10983471,0.9146908758132931,0.011230077611765376,0.082347296,0.105967775,0.9108284232171548,2e-05
41,5,0.009669370515974865,0.07588386,0.09834441,0.9320602008740893,0.010770020980594886,0.08248466,0.103684485,0.9206070354460474,2e-05
41,6,0.00885012834746321,0.07259991,0.094055355,0.938080001014578,0.008769640112640682,0.073393546,0.09362139,0.9308960453174431,2e-05
41,7,0.007379183615884247,0.06644735,0.085919306,0.9485923390865769,0.008877325501223957,0.07296646,0.09420712,0.9297061106658847,2e-05
41,8,0.0071394778078173885,0.0645812,0.0845097,0.950485845297398,0.008860616435952208,0.07366692,0.09405641,0.9367100657398151,2e-05
41,9,0.006450545269599898,0.061602954,0.08030017,0.9552983834030088,0.008010252064128441,0.06968484,0.08951648,0.9376889703120133,2e-05
41,10,0.005456400315481821,0.05672755,0.07388255,0.9623865129850957,0.00726333510182384,0.06572102,0.08510538,0.9436291853754621,2e-05
41,11,0.004613575774460387,0.052441537,0.06792236,0.9682303783639427,0.00799614858503143,0.0691972,0.0893168,0.9407273421501026,2e-05
41,12,0.004583383539624112,0.051841877,0.067688495,0.9685616708598151,0.008635169371565873,0.07128107,0.09279861,0.9319356970614378,2e-05
41,13,0.0039006345470166096,0.048373148,0.06246232,0.9732724776764401,0.00913706421420944,0.07512762,0.0952951,0.9311519905125614,2e-05
41,14,0.0036177695213401445,0.046125438,0.06015541,0.9751983598088696,0.008004096970479522,0.067674816,0.08922232,0.9374979102448109,2e-05
41,15,0.003799177540866571,0.047412794,0.0616261,0.9740844666400903,0.008886652991080794,0.072278105,0.09408309,0.932948421230069,2e-05
41,16,0.0030014199608932556,0.042460877,0.0547803,0.9794894598265942,0.00907311488063661,0.07088301,0.09513021,0.9325192681299826,2e-05
41,17,0.06946860591524115,0.21055578,0.2636134,0.24368566290473473,0.06867879139328445,0.21828414,0.26279277,0.33542760488683704,2e-05
41,18,0.07286875279811776,0.22113858,0.26986367,0.10807780001170776,0.06596885511168728,0.21293439,0.25760612,0.21447818610476307,2e-05
41,19,0.0741623548886556,0.22284965,0.2723489,0.026097535104002298,0.06942413805949467,0.21944287,0.2641958,0.04462823872479325,2e-05
42,1,0.054474859528905045,0.18706144,0.2334021,0.5233495964176098,0.026653366732514568,0.12782237,0.16312544,0.7862753636508543,5e-05
42,2,0.018580238614448946,0.10598674,0.13633007,0.8671245864474104,0.013875139532265839,0.091338456,0.11758153,0.8897654950617105,5e-05
42,3,0.01074461764536328,0.0809145,0.103657626,0.9242669592666496,0.010225315733502308,0.07878822,0.10104111,0.9220507574406231,5e-05
42,4,0.008805627093071589,0.07371494,0.09383593,0.9383551283717662,0.008909022370870743,0.07228462,0.09433497,0.929269317536069,5e-05
42,5,0.007904587367932512,0.06891391,0.08891416,0.9449781839011872,0.008896966602791238,0.07374284,0.0942454,0.9295702434793838,5e-05
42,6,0.006650153783620031,0.06252426,0.08153295,0.9539527557398089,0.007845847932104435,0.06898681,0.08843675,0.9385032004663895,5e-05
42,7,0.006130955683308976,0.059744507,0.078302436,0.9576221920298746,0.010111416879765413,0.075169556,0.10057849,0.9248678353197638,5e-05
42,8,0.004646769018678395,0.052514635,0.06814619,0.9680354426510267,0.008856450975010241,0.07088389,0.09393043,0.9305238459291625,5e-05
42,9,0.004326763687161381,0.050353296,0.065779835,0.9702619217255996,0.008710656772126202,0.070625365,0.09297818,0.9355873802871288,5e-05
42,10,0.004093717087237556,0.049059547,0.0639931,0.9719444498288837,0.00821526445603619,0.068727314,0.090236604,0.9362929303078162,5e-05
42,11,0.0037258541019454983,0.046547472,0.061042607,0.9745157427660626,0.00864909845188743,0.071010545,0.09277942,0.9318163529552844,5e-05
42,12,0.003215527636117071,0.042919584,0.05668987,0.9780084581449081,0.008583030280230256,0.06969974,0.09216485,0.9342592468963521,5e-05
42,13,0.003018472902775986,0.041790657,0.0549345,0.9793818607998803,0.008287939885458737,0.06946055,0.0909334,0.9348524420082379,5e-05
42,14,0.00298002382283965,0.041102715,0.05458572,0.9796539859326168,0.009655727530588154,0.07597729,0.09783378,0.9346255944202252,5e-05
42,15,0.0027182514761045803,0.03944116,0.052139185,0.9814376871824028,0.009033398237079382,0.070564575,0.09471639,0.9354089117445118,5e-05
43,1,0.05358290230794418,0.17755586,0.23150457,0.5234278952577823,0.01999560022657668,0.10609692,0.14141227,0.8339341938913558,0.0001
43,2,0.015483493439061132,0.09739117,0.1244454,0.8887861943603576,0.010288118591739072,0.07623106,0.10105219,0.9187986435611827,0.0001
43,3,0.010424244005415832,0.079154186,0.102105424,0.9266244156584695,0.00868994721935855,0.07186607,0.09300306,0.9324431483119232,0.0001
43,4,0.008494714689528065,0.07116755,0.09216884,0.9407423226613363,0.010326588090888603,0.0765847,0.10128043,0.9258486856229227,0.0001
43,5,0.007332474673229431,0.06526202,0.08564363,0.9492079197576615,0.01078134632445182,0.07707116,0.10373824,0.9176438050696485,0.0001
43,6,0.006500687244539715,0.06161168,0.08062142,0.9553467082139007,0.009808252684133887,0.07515423,0.098819025,0.9230253870552196,0.0001
43,7,0.006284999379357236,0.06105797,0.0792937,0.9568357898396349,0.00879703467729053,0.07113137,0.09360999,0.9308081048809969,0.0001
43,8,0.004833684498161322,0.052513544,0.06952758,0.9669244122682424,0.008792140667706175,0.07014433,0.09340324,0.9307097983821955,0.0001
43,9,0.004666777690774631,0.051745784,0.068322115,0.9680098680171066,0.008858775247871462,0.068738066,0.093978085,0.933052285669967,0.0001
43,10,0.004408041421905004,0.050090864,0.066402614,0.9699812641816781,0.009121305990481266,0.070390396,0.095338255,0.9300986733306654,0.0001
43,11,0.004031479305905403,0.04818243,0.06348746,0.9724914588848748,0.008934749695644886,0.070287235,0.09432077,0.9293372108519132,0.0001
43,12,0.003791357723508622,0.04667019,0.061552376,0.9741577580774824,0.008209315029455832,0.06670623,0.09027087,0.9362079098313922,0.0001
43,13,0.003112554546634919,0.042478114,0.055770032,0.9787643845834839,0.009963947550945536,0.0734052,0.09973197,0.9269199097498342,0.0001
43,14,0.003310858672397716,0.043492097,0.05754272,0.9774163152009737,0.00897185546690943,0.06822842,0.09484368,0.9296425222173236,0.0001
43,15,0.002803473520934773,0.039736647,0.05295306,0.9808578968080301,0.009479240660935088,0.07035864,0.097411186,0.9276742165755866,0.0001
43,16,0.0024299743389721664,0.03774705,0.04928803,0.9834547418234026,0.010256258262045405,0.07420308,0.10126261,0.9300185576279796,0.0001
43,17,0.0027911098023591496,0.038916893,0.052831095,0.9809181536091499,0.008819447127515796,0.067765266,0.093869045,0.9349187769510975,0.0001
43,18,0.003985226131479526,0.040546454,0.063066676,0.9726704167124377,0.01582774465162031,0.09100596,0.125587,0.8858707204447418,0.0001
43,19,0.01557943761070198,0.09150496,0.124842204,0.88886359346645,0.008836468388498933,0.072018325,0.094346896,0.9308539657309433,0.0001
43,20,0.004710786728129644,0.052219145,0.06863488,0.9675274190219474,0.009193543094658741,0.071683496,0.09595872,0.9317044148332202,0.0001
43,21,0.0032492023480623074,0.041626707,0.05700535,0.9777358781290236,0.008762578790386518,0.06834362,0.09361452,0.9321769442189601,0.0001
44,1,0.09754073818292573,0.264621,0.3123261,-0.2961360780129991,0.078357736846166,0.23855752,0.28447068,-0.13086951766309504,1e-05
44,2,0.07105821174369237,0.21948987,0.26659977,0.2108941498732218,0.04941082958664213,0.18620501,0.22601663,0.5407543175172834,1e-05
44,3,0.04441306311811242,0.17087746,0.21076919,0.6524418521311113,0.029879536413188492,0.13733605,0.17503019,0.7640222814994423,1e-05
44,4,0.026517407994752176,0.13019748,0.16283147,0.8107644293789487,0.019231871302638735,0.107730165,0.13905948,0.8535442415071681,1e-05
44,5,0.017681536969737472,0.104759574,0.13296711,0.8756298237303597,0.014410961885005236,0.09335043,0.11971964,0.8892188970767883,1e-05
44,6,0.013552089517709807,0.0916524,0.11641486,0.9041063244274316,0.012437199342197605,0.087481834,0.11105873,0.9070683543383792,1e-05
44,7,0.010963593920797248,0.081978865,0.104716584,0.9229531842920036,0.010787365708633192,0.08239782,0.10337783,0.9194114482936533,1e-05
44,8,0.009435806708480014,0.075654514,0.09714242,0.933811542272188,0.009717099817602761,0.07798026,0.09826477,0.923742858045812,1e-05
44,9,0.00840174442561883,0.07197986,0.09165236,0.941360878554,0.009922689458887492,0.0799851,0.09929102,0.9309193659211443,1e-05
44,10,0.00817251315984492,0.07001128,0.09040846,0.9429114008068932,0.00951084353229297,0.07615947,0.09734754,0.9256460973395982,1e-05
44,11,0.00702222435578495,0.06507934,0.083807684,0.9511499223532218,0.008323916866044914,0.071144,0.09071137,0.9361235434381733,1e-05
44,12,0.0062794334551093175,0.062427036,0.07924349,0.9564441664263037,0.007946133979463152,0.06915572,0.08819026,0.9390788729855676,1e-05
44,13,0.006201508398402796,0.06169919,0.07874914,0.9570291426520054,0.009415901997791869,0.075840406,0.096399404,0.9286835775894204,1e-05
44,14,0.005709495183263218,0.05884038,0.07556322,0.960474050234438,0.008867776254191995,0.07370247,0.09360135,0.9324308904287258,1e-05
44,15,0.00505370035806723,0.055419333,0.07109689,0.9651298659540527,0.008468882197381131,0.07291062,0.0907068,0.935528945819657,1e-05
44,16,0.00471257259220616,0.05352357,0.06864832,0.9675327374308592,0.008378772247981812,0.07154678,0.09059133,0.9357538597905598,1e-05
44,17,0.00451079345521491,0.0519078,0.067170225,0.9689250112688061,0.008829126616806857,0.07397288,0.09334694,0.9337046685449216,1e-05
44,18,0.004040501879040744,0.049252044,0.0635687,0.9722324024361557,0.00848810504456716,0.07039761,0.091627516,0.9362898732857163,1e-05
44,19,0.0036414661885361037,0.046490896,0.060343057,0.9750381968609251,0.008541695307940245,0.07084839,0.09123737,0.9367855850639538,1e-05
44,20,0.0034621028440665,0.04597802,0.058845412,0.9762355274710033,0.008406635756338281,0.06962896,0.09024247,0.9384940075052104,1e-05
44,21,0.003377548643065808,0.04541083,0.058111552,0.9768797470558017,0.007967468949833087,0.06749946,0.08764071,0.9430704905022744,1e-05
45,1,0.09171043907370523,0.25961336,0.30287525,0.054746792195034026,0.06223913801035711,0.2051964,0.25193492,0.28963708955007755,2e-05
45,2,0.04622698026039054,0.17070277,0.21503454,0.637238724159015,0.029963005666754076,0.13856766,0.17544901,0.7530252962658109,2e-05
45,3,0.02304843543358495,0.11944281,0.15183322,0.8388157386435647,0.018743284179696014,0.10788717,0.13803183,0.8632188624715307,2e-05
45,4,0.014149086449782704,0.09413858,0.118948646,0.900132348439138,0.012290542512866003,0.088337295,0.11148223,0.9025377279833253,2e-05
45,5,0.011229196915873022,0.08320952,0.105965495,0.9207600269348266,0.010103919909202628,0.078904234,0.10071913,0.9207690548946261,2e-05
45,6,0.009659445241842176,0.07595745,0.098259084,0.9321988915834957,0.009431901720485516,0.07789699,0.09704953,0.9299909523746094,2e-05
45,7,0.007887024036391037,0.068749994,0.08881856,0.9449728098319451,0.01021428030383374,0.08042769,0.10130957,0.9275308602853959,2e-05
45,8,0.007529836387382211,0.06620208,0.08677411,0.9475688996148179,0.008507594050440406,0.072847396,0.09201296,0.9341936625542365,2e-05
45,9,0.006735477925095463,0.06335872,0.08208227,0.9532085146529058,0.008462606596627406,0.07256465,0.09185087,0.933610074945538,2e-05
45,10,0.005853052159649468,0.058494713,0.076510824,0.9594780901455042,0.007523594174667129,0.06684477,0.08602571,0.9416924991693054,2e-05
45,11,0.005242804609343549,0.056552853,0.07241062,0.9637738794766122,0.007868572886634086,0.06767374,0.08749762,0.9410134083001463,2e-05
45,12,0.004546391238049369,0.0518076,0.06742011,0.9686673823498864,0.007740129151248506,0.06661141,0.0871477,0.9407538265244303,2e-05
45,13,0.004464221565557696,0.0509934,0.066823214,0.969250916745305,0.008691987854295544,0.07058346,0.09253541,0.9352592874095489,2e-05
45,14,0.004176146288785352,0.050519653,0.06462568,0.9712647303743318,0.008675729988941125,0.07113684,0.091476075,0.9405131500212371,2e-05
45,15,0.003609924273626339,0.04614464,0.0600808,0.9752228235350292,0.010188407663788115,0.07557031,0.098499924,0.9345366335523959,2e-05
45,16,0.0030977440493129126,0.04348904,0.055660915,0.9787523108954568,0.008345421786153955,0.069225244,0.09085885,0.9370965251483305,2e-05
45,17,0.0029337416842545026,0.041482173,0.054168228,0.979947693199749,0.00767472042103431,0.06631793,0.08707655,0.9413561821746692,2e-05
45,18,0.0026076624015450617,0.038997147,0.05105665,0.9821813062542021,0.00835206060271178,0.06920713,0.09147153,0.9373508407028516,2e-05
45,19,0.0027715155635046483,0.04006342,0.052638687,0.9810493051331795,0.0077193660378855255,0.066036925,0.086722344,0.9406886196063154,2e-05
46,1,0.06966170743455953,0.2170113,0.26397842,0.25496768958993027,0.036519104814422984,0.15491103,0.19288415,0.6947547709502456,5e-05
46,2,0.02632340660893193,0.1282291,0.16226906,0.8133681253312041,0.016480176277192577,0.101111576,0.12807252,0.877573046497884,5e-05
46,3,0.013692333119285999,0.092254035,0.11702694,0.9026723778866791,0.01086330137747739,0.082550414,0.10423895,0.9178072303099651,5e-05
46,4,0.009615888466588526,0.07711437,0.09805801,0.9325242133038286,0.008995809924921818,0.07447451,0.09524049,0.9285219233912037,5e-05
46,5,0.00867882879150631,0.07269456,0.09314266,0.939293316933192,0.00830152687350554,0.071336284,0.09138986,0.936534549556122,5e-05
46,6,0.007088915777836587,0.065577984,0.084186554,0.9507633868819925,0.0074783633130469495,0.06779643,0.086226,0.9421054742246184,5e-05
46,7,0.006095465092058076,0.06032524,0.078084834,0.9577813448727104,0.00798296116824661,0.06972615,0.08874727,0.9411815678604815,5e-05
46,8,0.005018773117694551,0.05482847,0.07084392,0.9653503105850615,0.008068232397947992,0.06978797,0.090117685,0.9432351329458493,5e-05
46,9,0.004242169380266324,0.050151747,0.065137066,0.9707845072310483,0.007026940234936774,0.06539365,0.083143376,0.9465078677946434,5e-05
46,10,0.0037535250983331526,0.04739892,0.061270073,0.9742250827439002,0.007525019946375063,0.06644886,0.084319666,0.9464918160685016,5e-05
46,11,0.002965904369723992,0.041958842,0.054459676,0.9796823115637391,0.007709609128401748,0.066592805,0.0868434,0.9421327473936041,5e-05
46,12,0.0028838060630885795,0.04121551,0.053697582,0.9802614818234922,0.006888749626731234,0.06339413,0.0821981,0.947044647326698,5e-05
46,13,0.0025935167931977693,0.038925268,0.050927784,0.9822431231359426,0.007384445676247456,0.06550861,0.08546901,0.9432246511322065,5e-05
46,14,0.0022452155445815527,0.036023766,0.047379546,0.9846547151768239,0.006914411089383066,0.06280541,0.0820893,0.948934684078485,5e-05
46,15,0.002212220929654437,0.03556149,0.047042612,0.9848989381516363,0.007006096720163312,0.06390198,0.08234585,0.9483795667231393,5e-05
46,16,0.0018648548102306603,0.032862797,0.04318444,0.9872656495065368,0.007629971344223512,0.06566124,0.085844465,0.9420197067748659,5e-05
46,17,0.0021786121782089505,0.035357386,0.046671074,0.9851227736556755,0.007039148460275361,0.06409907,0.08234039,0.9473629496202713,5e-05
46,18,0.001983961192172926,0.033958048,0.0445421,0.9864551505314558,0.0069620887848681635,0.062632926,0.08235123,0.9469148404979775,5e-05
46,19,0.0015519527932215552,0.029205885,0.039389733,0.9894154063900993,0.0069529215273048195,0.06260099,0.081591755,0.948493097972525,5e-05
46,20,0.0016148538063780762,0.02990245,0.04018798,0.9889817432582808,0.006805106839497707,0.061842438,0.081438795,0.9488213135272282,5e-05
46,21,0.0014356587894878863,0.028339764,0.03789569,0.9902158104018615,0.007800499018880406,0.06519468,0.08719305,0.9429682380658653,5e-05
46,22,0.0013493934910631278,0.027621174,0.036740936,0.9907976000662646,0.007586545394068318,0.06533485,0.085365325,0.9443427320967601,5e-05
46,23,0.0015856395944763653,0.029701598,0.039815582,0.9891917195854093,0.007856281158248228,0.0640429,0.08661573,0.9411046539664674,5e-05
46,24,0.001599102730919372,0.029865144,0.03998735,0.9890942730968121,0.007878464363914515,0.06439308,0.08669555,0.9435002747913532,5e-05
46,25,0.0015123110459290584,0.028686,0.038892355,0.989688631855399,0.008637781047062683,0.071368694,0.09223369,0.9430966256052171,5e-05
46,26,0.0013484481447942067,0.027342007,0.036727782,0.9908046493184536,0.007038290512615016,0.062837236,0.08262369,0.9470676724069125,5e-05
46,27,0.0013212143360837318,0.027134744,0.036347955,0.9910073512972286,0.007377279223874211,0.06483443,0.08507348,0.9480532994900288,5e-05
46,28,0.0013892431621043725,0.028106166,0.037270747,0.9905294288438231,0.007949878079151469,0.065921895,0.08845215,0.9417351664033897,5e-05
46,29,0.0012442667758588409,0.025882147,0.03527845,0.9915201893819379,0.007609503476747445,0.06397674,0.085994594,0.9424243124933367,5e-05
47,1,0.053724976613351676,0.18596694,0.2318261,0.5272129101829119,0.02164327639288136,0.11393183,0.14844334,0.8243066056657479,0.0001
47,2,0.016684072205326826,0.10195668,0.12919198,0.880464210545753,0.010973450661237751,0.08240563,0.10482561,0.9141682996041196,0.0001
47,3,0.010327927689894895,0.079269774,0.10163188,0.9272630720186071,0.009237869642674923,0.074321695,0.09625161,0.9335935562150687,0.0001
47,4,0.008143196117446244,0.07018381,0.090238824,0.9431329562564732,0.008530651019620044,0.07118846,0.092868544,0.9318412239371924,0.0001
47,5,0.007252359452709625,0.06540348,0.08514231,0.9496036833154966,0.0092026517793004,0.0727447,0.095900156,0.9348767376077998,0.0001
47,6,0.00593343240352539,0.059757493,0.077030584,0.9589179745553991,0.007700324258101838,0.06800847,0.08789578,0.9396966520582092,0.0001
47,7,0.005089094898245672,0.054711286,0.07134532,0.9648699547812305,0.009035669658000447,0.07082172,0.095035285,0.9314258515925807,0.0001
47,8,0.004274117493801794,0.05017901,0.0653736,0.9706145019506511,0.007649260340258479,0.066432506,0.08662099,0.942968658720612,0.0001
47,9,0.003669971059442054,0.04677989,0.060584832,0.974777936358049,0.008199663067768728,0.067833126,0.09010277,0.9369308728596931,0.0001
47,10,0.0033337319466703198,0.043952778,0.05774406,0.9771313003197889,0.008283804245625756,0.06915656,0.09035753,0.9369973627739175,0.0001
47,11,0.0030416319936635754,0.041646253,0.055147037,0.9791916268146833,0.009094770266009229,0.070378065,0.09526538,0.9318805422383187,0.0001
47,12,0.0029482482208992205,0.041455846,0.05429642,0.9798305975392541,0.007976324613472181,0.06658837,0.08838257,0.9384987769292589,0.0001
47,13,0.0023110543750879294,0.03604883,0.048080664,0.9842032565995797,0.008430544469904686,0.06800035,0.09080352,0.9378786382080405,0.0001
47,14,0.0022125157976966943,0.035580344,0.047039244,0.9848733616312132,0.0071082343347370625,0.06347444,0.083801806,0.9451246700620314,0.0001
47,15,0.002737008826154345,0.0397685,0.05232327,0.98129076105293,0.008968990030033248,0.073265515,0.093852505,0.9318516013572526,0.0001
47,16,0.0021867053925982353,0.035963297,0.046760477,0.985055392518114,0.008216252733421112,0.06599589,0.08997798,0.936640598207301,0.0001
47,17,0.0017624534737257828,0.03199858,0.041980293,0.9879787536902633,0.007096511552975114,0.06314907,0.08346294,0.9456365014042831,0.0001
47,18,0.0016487281740682252,0.0301107,0.04060767,0.9887471899187456,0.008146201642895383,0.06710936,0.08939958,0.9424317195029419,0.0001
47,19,0.0018067516123486474,0.031774595,0.042494174,0.9876953690051485,0.009572464556965445,0.070236295,0.09697758,0.936876861976216,0.0001
47,20,0.0015601058902379962,0.029676775,0.039503966,0.989359623426359,0.007843290455639362,0.06469323,0.0879428,0.9452837398563032,0.0001
47,21,0.0012612759644844544,0.026359322,0.035516776,0.9914066537589911,0.007108806125220976,0.063630536,0.084055595,0.9460505661699137,0.0001
47,22,0.0011922835609570982,0.025934104,0.034531407,0.9918797605348477,0.007704398852573442,0.06534494,0.08722617,0.9403440437538529,0.0001
47,23,0.0013928875338942222,0.027655935,0.03732703,0.9905018067655431,0.008498172674860274,0.06801321,0.091384955,0.938466472818709,0.0001
47,24,0.0013299903733912577,0.026886225,0.036475405,0.9909317485793151,0.007261468812690249,0.06229593,0.08482476,0.9443063867094724,0.0001
47,25,0.0012513134763445532,0.026714709,0.035376616,0.9914710241472349,0.008666304904701454,0.069979824,0.09342438,0.9374501901683652,0.0001
47,26,0.001297786155667713,0.026704187,0.03602852,0.9911556571255132,0.007550091948360205,0.062805094,0.08618003,0.9446987675894611,0.0001
