config_id,model_name,batch_size,overlapping,epochs,learning_rate,training_time,peak_memory,test_mse,test_qwk
0,indobenchmark/indobert-lite-base-p2,4,128,1,1e-05,1727.5616312026978,2843.56689453125,985.6859166641046,0.4400427630248853
0,indobenchmark/indobert-lite-base-p2,4,128,1,1e-05,1688.0040094852448,2843.56689453125,985.6859166641046,0.4400427630248853
0,bert-base-uncased,4,128,1,1e-05,1786.319144487381,3865.755859375,1174.346220307303,0.3409380634407695
0,google-bert/bert-base-multilingual-cased,4,128,1,1e-05,1921.5964577198029,4627.33642578125,1153.1140055590338,0.29932250190480925
