config_id,model_name,batch_size,epochs,learning_rate,max_seq_len,training_time,peak_memory,test_mse,test_qwk,test_pearson,lora_rank,lora_alpha
0,allenai/longformer-base-4096,2,10,1e-05,2048,28129.73557782173,8158.47265625,0.03029893341273874,0.8672517129800541,0.9130476500645474,,
1,allenai/longformer-base-4096,2,5,1e-05,2048,14288.407348871231,8158.47265625,0.02037590613847705,0.9192190499777981,0.9197448155787307,,
2,allenai/longformer-base-4096,2,5,2e-05,2048,14176.054657459259,8158.6240234375,0.027510067655879735,0.8809966325483023,0.8966448706223502,,
3,allenai/longformer-base-4096,2,5,5e-05,2048,14162.030238628387,8158.6240234375,0.16287730767100186,0.0,-0.470287224703878,,
