config_id,epoch,train_mse,train_mae,train_rmse,train_pearson,valid_mse,valid_mae,valid_rmse,valid_pearson
0,1,0.017113928889888927,0.096306264,0.13084966,0.8766995302691328,0.009985546732355875,0.078261696,0.100212485,0.9266050037406272
0,2,0.008012773154932292,0.06877217,0.08950245,0.9442000667569371,0.0065614338171952925,0.062756285,0.081540905,0.9493228819415344
0,3,0.005926018757457305,0.05886123,0.076996826,0.9589791656499552,0.008857347652708457,0.074237496,0.09452643,0.9438465859978371
0,4,0.004059436146022886,0.04904547,0.06370807,0.9720776236682939,0.007369292960220264,0.06516255,0.086446725,0.942385133833517
0,5,0.0033079602807251874,0.043924943,0.057514727,0.9773090835290026,0.007185041919809818,0.0653091,0.085342325,0.9425011067793825
0,6,0.0027674582360024567,0.040402867,0.052603893,0.9810485922500761,0.007559972634125087,0.06645062,0.0873954,0.9438036730840987
0,7,0.0020162144420690854,0.03364954,0.044910304,0.986223379067134,0.007297874024650945,0.063628756,0.085834935,0.9446032714515481
0,8,0.0019659102414815582,0.03326964,0.044345163,0.9865715389001986,0.007107091493068125,0.063662685,0.08483455,0.94671211435107
0,9,0.0017073968351267162,0.030953707,0.041303676,0.9883608456755356,0.007212969859311771,0.06401894,0.08543548,0.9444186475315658
0,10,0.001874401275480837,0.032201722,0.043294635,0.9872186004549607,0.006602305658075407,0.061028887,0.08181669,0.9473415388535233
0,11,0.0014749403772694788,0.028651966,0.038404964,0.9899446259537305,0.0070620620260376235,0.06303793,0.08462438,0.9449851759287805
1,1,0.0170959022476577,0.09633391,0.13076931,0.8783590456061853,0.010235187237547641,0.08064091,0.10160235,0.9272487347678953
1,2,0.008798381173177421,0.07171033,0.09377762,0.9388976227376216,0.006997849510905023,0.06494144,0.084162794,0.9465766319878383
1,3,0.007343338483147716,0.065423116,0.0856989,0.9492689030147934,0.010500613596781882,0.08292054,0.10291342,0.9418344207868651
1,4,0.004865733977091291,0.05399184,0.06974245,0.9664899318015484,0.007756799913261569,0.06719886,0.08866605,0.9398387830297515
1,5,0.0038308142899958824,0.047108974,0.061901405,0.973691610192691,0.008350785601511167,0.07010599,0.09200708,0.9330883333906757
1,6,0.0033518650266351215,0.04409724,0.057896607,0.9770361500432065,0.008242672675233162,0.06925405,0.091418035,0.9374020771516131
1,7,0.0026398130272338046,0.039324824,0.051385857,0.9819615478407411,0.00812624288624243,0.06783652,0.09077263,0.936762026743393
1,8,0.00230146416611333,0.036281798,0.047962815,0.9842882397681618,0.007164562897742144,0.06211164,0.0852355,0.9431547220375952
1,9,0.0020761077282097566,0.03462206,0.045494992,0.9858737389686915,0.009940944636818367,0.074920826,0.1000679,0.9375035243275266
1,10,0.001771042265879098,0.032298252,0.042063966,0.9879423859161363,0.007277193588648785,0.06486484,0.085810736,0.9431018008957939
1,11,0.0016570887402305625,0.030746028,0.040702336,0.9887265084175847,0.007486633096252465,0.06561234,0.087041125,0.9450005624237927
2,1,0.01634185084454045,0.09424506,0.12784503,0.8828695471955579,0.008340716948387799,0.072203144,0.09161665,0.935797665670365
2,2,0.008069163905462102,0.06873529,0.08980677,0.9438698411854122,0.007188351415270181,0.06815001,0.08522575,0.9478803106051021
2,3,0.006091944680163102,0.058978815,0.07804452,0.957873299470689,0.01434914743542861,0.09774307,0.11996021,0.9355959002100565
2,4,0.004063286140930886,0.048548285,0.063755944,0.9720451655702086,0.007646347833980582,0.06567142,0.08805049,0.9389531358205905
2,5,0.003119141806012088,0.042331778,0.05582609,0.9786294183401822,0.007912944593785883,0.07016298,0.089211695,0.9427887491564558
2,6,0.002407402183936904,0.036739558,0.049064893,0.9835362137635345,0.00786058277137474,0.067457564,0.08913811,0.9385231714369959
2,7,0.0019802217264390425,0.033234574,0.04450456,0.9864699003840094,0.007060662913804295,0.06349594,0.08461742,0.944046742322739
2,8,0.001913178558475988,0.03295934,0.043738283,0.9869387362733499,0.007605469384105635,0.06591276,0.08775893,0.9420520823982231
2,9,0.001889523709888916,0.032732006,0.04347345,0.9871010943303301,0.007502839636193433,0.063774474,0.08721092,0.9418422152224333
2,10,0.0017867432023993847,0.03137179,0.042273313,0.9878002591484727,0.006902615580690542,0.06176499,0.08356155,0.9449604476864228
2,11,0.0015737137788402545,0.029703677,0.039664842,0.9892690714152178,0.0070375337586651935,0.060724154,0.08445515,0.9441318251011571
2,12,0.001569800820277047,0.029572006,0.039544266,0.989338167896136,0.007866297151108651,0.068515904,0.08920643,0.9410704991062205
2,13,0.0016112300108008606,0.029533993,0.04013538,0.9890227194122609,0.007724798743934285,0.06626135,0.08849537,0.9381778236212706
2,14,0.0013538975238410547,0.027932122,0.036803752,0.9907699113893303,0.008608817975511085,0.072589666,0.09291026,0.9460653366747356
2,15,0.0012353003386574826,0.026367353,0.035155237,0.9915786523570146,0.007214581770919419,0.06271831,0.08552268,0.9432415521106035
2,16,0.0010268918166534647,0.024100574,0.032052882,0.9930047362956131,0.007304250189379134,0.06363678,0.08603245,0.944363488409448
2,17,0.001152634676447429,0.025490312,0.03395913,0.9921517681812136,0.007185183688205952,0.06328487,0.08535406,0.9427149974734489
2,18,0.0009479919703340426,0.022845747,0.030796519,0.9935430785646782,0.006856774767382174,0.061443124,0.08333471,0.9455877497047435
2,19,0.0008725046547845514,0.021552535,0.029545097,0.99406102380673,0.007455898520506539,0.06492855,0.08691549,0.9428145363483146
2,20,0.0010153164491733312,0.023862138,0.031870548,0.9930877689142906,0.008880442925012041,0.07153896,0.09489184,0.9394836607506512
2,21,0.0009229159369450291,0.022576079,0.03036934,0.9937224235670367,0.007639063677305347,0.06430243,0.08792905,0.9396529768699372
2,22,0.0010176196785417055,0.023083337,0.031898916,0.9930761709933943,0.007583590448592548,0.06415831,0.087487265,0.9424964802892076
2,23,0.0009061125604169652,0.02203394,0.030104913,0.993831608521489,0.0069347092368708995,0.06147873,0.08380015,0.9449057367153885
2,24,0.0007804531302847345,0.020680608,0.027942274,0.9946880336667879,0.0068614922104946645,0.0625132,0.083354875,0.9453464342464967
2,25,0.0007088347934496537,0.0199851,0.026622633,0.9951788758984322,0.007842625880719559,0.065941595,0.089156605,0.9402852112958541
2,26,0.0007299653845204426,0.019935109,0.027025132,0.9950332041558387,0.0073097319591734385,0.06333705,0.08605136,0.9426998695386661
2,27,0.0007247573830384587,0.019583749,0.02692791,0.9950687883165764,0.007358975074128938,0.06298696,0.08632102,0.9412830691116627
3,1,0.016672184035928905,0.096167184,0.12913981,0.881910588488443,0.009330610704772105,0.07661314,0.09702914,0.9352047236540094
3,2,0.00840620622431879,0.0704725,0.09163887,0.9416909534276949,0.007083999276531998,0.06606048,0.084690295,0.946914030798796
3,3,0.006802026533376057,0.06313345,0.08248437,0.9530216654034492,0.012044151312525005,0.08783523,0.10981326,0.9392990843902476
3,4,0.004203312667439638,0.049691256,0.06483959,0.9711001397613772,0.007388369717874512,0.06472422,0.08655035,0.9417295293364775
3,5,0.003459618532904761,0.044951867,0.05880084,0.9762895559825036,0.007899811663837344,0.068072304,0.08934406,0.9383212461105154
3,6,0.0029848277596764977,0.041248873,0.05463885,0.9795857650030738,0.007201912434538826,0.06437766,0.085436314,0.9460476795859293
3,7,0.0021820515816488354,0.035402857,0.046718396,0.9850949060251827,0.007179215550961628,0.06391143,0.085302494,0.9433929350556494
3,8,0.002110041530248173,0.03464831,0.045919877,0.9856023427869601,0.006935759179997249,0.061971717,0.08386504,0.9447533931066319
3,9,0.0022336573513023713,0.035298172,0.04725873,0.9847647191488588,0.009200915744360019,0.071450695,0.0961608,0.9369243154746842
3,10,0.0020591317537186557,0.03437143,0.045385737,0.9859644905489198,0.007847098979659172,0.067330375,0.08906009,0.9387700850477245
3,11,0.0018149845798638058,0.031697065,0.042611174,0.9876266960527335,0.0073590041472386845,0.06524211,0.08630075,0.9429379166243029
3,12,0.001769950160077119,0.031027654,0.04201293,0.9879640571812184,0.007183617695571027,0.062712066,0.08524776,0.9442012067695793
3,13,0.0015257688835029334,0.02905471,0.039056744,0.9896296549254053,0.007650682020876384,0.06635507,0.088062786,0.940052843093663
3,14,0.0013322991645874818,0.027125945,0.03650959,0.9909192945287258,0.008600417466099046,0.071546786,0.09305013,0.942750663446814
3,15,0.0014254219321773124,0.02849318,0.03776164,0.9902829393141844,0.007619914664516087,0.065880746,0.087779075,0.9412541569380307
3,16,0.0013754489912647942,0.028058019,0.037084218,0.990634107776744,0.0071030110180058895,0.060962446,0.08483821,0.9436946785418444
3,17,0.0012129996071053029,0.026194552,0.034836024,0.9917412233482333,0.0070858847134837154,0.06275779,0.0847655,0.9437815110235352
4,1,0.017626060914927136,0.09909821,0.13277957,0.8725299768631106,0.009411628487416439,0.07445122,0.09727716,0.9247756556240615
4,2,0.008337261550733385,0.07076859,0.091302134,0.9418194011557846,0.007241707183075724,0.06647307,0.0852878,0.9444224319121877
4,3,0.006521980001299564,0.061366647,0.08076776,0.9547399522260012,0.007690635552905776,0.06817904,0.08776866,0.942238787858996
4,4,0.005392250694415019,0.056877267,0.07342793,0.9627689685794951,0.008292368044041924,0.0704939,0.09102843,0.9374823829672109
4,5,0.003997540669749647,0.04826182,0.063235916,0.9724906772298649,0.0074556222179025,0.065743476,0.08635619,0.9414007259228145
4,6,0.0029954567161839126,0.04222164,0.054717895,0.9794781657734845,0.007477967042682899,0.06766989,0.08635675,0.9418704307476683
4,7,0.0025854803418858133,0.03877912,0.050859246,0.9822960623556616,0.008174889677859567,0.06826225,0.09028656,0.9357676364062164
4,8,0.0020444983897717653,0.034384973,0.045210827,0.9860353028065002,0.007697250211128482,0.06466185,0.08748145,0.9401120934332656
4,9,0.0016384891014155566,0.03072357,0.04047899,0.9888181547820566,0.007916472239971713,0.065852106,0.088768676,0.9399391255326544
4,10,0.0013921284883840132,0.028335236,0.037313074,0.9905087233125507,0.007634881283458391,0.06466116,0.08687208,0.9431969889834095
4,11,0.0013832906250886524,0.027956612,0.03719387,0.9905698765249866,0.007910280906664277,0.06754288,0.088612355,0.9401726790034451
5,1,0.017403026470461876,0.097327165,0.13192795,0.8753881364501317,0.010667143303349062,0.08040841,0.10363782,0.9172117762927032
5,2,0.009390210295172199,0.074135646,0.096892886,0.934531604818855,0.007637859063429965,0.065948695,0.08761351,0.9410716353076134
5,3,0.006641577527516687,0.0622697,0.08149923,0.9539498085270919,0.008071643964352983,0.068295665,0.08982993,0.9389842363116786
5,4,0.005819329202597282,0.05823007,0.07627655,0.959847178220099,0.00797911909736555,0.06811874,0.08932399,0.9385371183680302
5,5,0.00409815857261985,0.049311474,0.06402175,0.9717995228163996,0.008182019555803251,0.0689136,0.09039644,0.9365136044198119
5,6,0.0033247504964314194,0.044129707,0.05765728,0.9771989802860721,0.008318434044701496,0.0696184,0.091195,0.936181725355011
5,7,0.0029021542117861317,0.041243266,0.053883273,0.9801368283699414,0.008651848278801751,0.0714298,0.0929227,0.9350769153482396
5,8,0.002302811196412256,0.0371706,0.047983,0.9842565919479641,0.00820708414108527,0.067382574,0.09032561,0.9354470212412254
5,9,0.0018702526425857914,0.033038102,0.043247562,0.9872279327082182,0.007856672028234849,0.065351345,0.08838667,0.9397985693169046
5,10,0.0017410919471985496,0.031806428,0.041731365,0.988124226243404,0.007777217991167196,0.06609654,0.08787042,0.9411120161477975
5,11,0.001494742918307523,0.029205393,0.038668327,0.9898046050612284,0.007391938163588445,0.06603946,0.08554249,0.9442793594046229
5,12,0.0013717312703422373,0.027673295,0.037008245,0.9906630228668746,0.008038889608104472,0.067356676,0.08927835,0.9410510360582581
5,13,0.0012077954416212225,0.02613691,0.034748826,0.9917720360651918,0.007869316161506705,0.06475522,0.08830399,0.9394637778833483
5,14,0.0011746006493922323,0.025504451,0.034273196,0.9919986410593125,0.006810682153122293,0.062223416,0.08200876,0.9485382015503515
5,15,0.0010156058052186985,0.023707598,0.031865418,0.9930856177982479,0.006792579916590411,0.060870055,0.08198275,0.9473593152245782
5,16,0.0008440680225095798,0.021459859,0.029051932,0.9942560013205137,0.007367647403885645,0.063634455,0.08526038,0.9434151759794426
5,17,0.0009220002980880487,0.022353835,0.030367441,0.9937224556892109,0.0076215046897737514,0.06403201,0.08671721,0.942880727976655
5,18,0.000989621150353325,0.023077518,0.03145988,0.9932614584862055,0.007377629166175784,0.06287939,0.08524016,0.9434927111591774
5,19,0.0010002904694196093,0.023294186,0.031633418,0.9931876385273103,0.006736665123349262,0.060942516,0.081648245,0.947540998933851
5,20,0.0009155882105354228,0.02233519,0.03026287,0.9937657394464305,0.007429394983100118,0.06592005,0.08577585,0.9496011131874218
5,21,0.0007884900161651589,0.02049087,0.028086236,0.994633551034543,0.007100438114893796,0.06383637,0.083618395,0.9478035843825179
5,22,0.0009045862045971933,0.022157654,0.030078236,0.993843314928297,0.007312122413336679,0.063758716,0.08503805,0.9434578982236359
5,23,0.0008629853583893534,0.021277431,0.029374512,0.994128286869467,0.0074030580516490675,0.06368554,0.08549487,0.9461147246535593
5,24,0.0008072358612939455,0.02104101,0.028409628,0.9945119687769242,0.007093876539902003,0.06173004,0.08363135,0.9448904894485038
5,25,0.000871665901167179,0.021685775,0.029527161,0.9940674855550815,0.007393816507559408,0.063337184,0.08549468,0.9430943199113782
5,26,0.000867045142207236,0.02154017,0.029450009,0.994097735826125,0.006883237411750964,0.06164016,0.082420416,0.946773919028301
5,27,0.0007227922390050812,0.019620365,0.02689206,0.9950806348049361,0.006324137690373593,0.058487065,0.079050146,0.9516299742432215
5,28,0.0007022051183165761,0.01933445,0.026487902,0.9952277428713086,0.008011842224126061,0.06838953,0.08906267,0.9488699573837746
5,29,0.0006359432115723138,0.018197067,0.0252227,0.995673101425242,0.0067931059370662464,0.06056242,0.08187772,0.9486445837534534
5,30,0.0006273722695105135,0.018345727,0.025045963,0.9957343936774803,0.007261044671327842,0.06407882,0.08465965,0.9455710894744521
5,31,0.0006091012358997304,0.018053187,0.02468317,0.9958566591425017,0.006745847347364934,0.061026357,0.08152924,0.9486724296873302
5,32,0.0005309695903276839,0.016633838,0.023041284,0.996390631517371,0.006990107929730719,0.06269384,0.08312454,0.9495340015235341
5,33,0.0006661590533465675,0.01860934,0.0258151,0.9954678594596587,0.006778816972790217,0.060972482,0.081853546,0.9473415436551171
5,34,0.0005737233411063218,0.01707035,0.023947937,0.9961006580785543,0.007871221143027974,0.06738982,0.08824817,0.9464446950425701
5,35,0.0005617130634257414,0.017327918,0.023705741,0.996179756712766,0.006925142236502358,0.06097968,0.08274874,0.9460802429560172
5,36,0.0005403352815252033,0.016723692,0.023219466,0.9963346353763417,0.008042561515510359,0.067398,0.08921642,0.9436635376071195
6,1,0.015659205288034383,0.09198694,0.12515853,0.8877387410511484,0.00944028125161788,0.07431229,0.09746759,0.9247512267408113
6,2,0.00777216480444316,0.067349985,0.088149525,0.9458692510856533,0.007351233378156192,0.06403421,0.08600794,0.9421104535025295
6,3,0.005848904462611721,0.057787046,0.076480374,0.9595240119500478,0.00804607430688554,0.06643897,0.0897542,0.9366289259656422
6,4,0.004597222617181087,0.051783185,0.06780918,0.9683307299129041,0.007233307395061409,0.06412846,0.08494167,0.9430661505620557
6,5,0.002990243604616697,0.04190702,0.05467856,0.9795038962331716,0.008174107535052355,0.06927128,0.0903857,0.9370778931165817
6,6,0.002245673901283413,0.036312938,0.047378562,0.9846501765801212,0.00792489895010712,0.06791794,0.088853605,0.9392219520991162
6,7,0.001967700768197412,0.033770997,0.0443703,0.9865505411779555,0.008286713342251326,0.069124036,0.090898104,0.9387702796161163
6,8,0.0014769348701316359,0.028662914,0.03841512,0.9899362673196973,0.008247836031606075,0.068053655,0.09056049,0.9359786160471109
6,9,0.001473204524062626,0.028342932,0.038383037,0.9899514426855468,0.008224460326514586,0.0679014,0.09055938,0.9424818737483511
6,10,0.0014362652940707167,0.028226499,0.03788837,0.9902107939617645,0.00708333285594428,0.062497117,0.08367896,0.9463035023251015
6,11,0.0010903697972518835,0.024500439,0.033021513,0.9925721472179392,0.008276740623707021,0.068754144,0.09079716,0.9401292269623756
6,12,0.0010426417155660229,0.02350663,0.03225511,0.9929144942217163,0.007834766818969338,0.065556936,0.08818161,0.941897106507784
6,13,0.0009525114016307661,0.022717496,0.030863045,0.9935155570102134,0.007382970665478044,0.06352991,0.0855391,0.9423978143237033
6,14,0.0009157359723826417,0.022504894,0.030259412,0.9937677315059825,0.0068408807144603795,0.060751375,0.08221199,0.9472312222577847
6,15,0.0008488293345087364,0.02136907,0.029128417,0.9942259961403992,0.007505920012826445,0.06405062,0.08635972,0.9414020772551612
6,16,0.00077320997195648,0.020681942,0.027806053,0.9947392447396273,0.007525142665986938,0.06397376,0.08631644,0.941953132845795
6,17,0.0008916878502200702,0.02209434,0.02986887,0.9939269175206068,0.007464290275324688,0.06473394,0.08599023,0.945518569776686
6,18,0.0008831056220855164,0.021558328,0.029721867,0.9939874257025989,0.007249522076798948,0.061881796,0.08484986,0.9436841488751396
6,19,0.0008702736669075871,0.021710526,0.029503455,0.9940758578897659,0.007997218178826626,0.06649261,0.08932269,0.9427369926340039
6,20,0.0008065854420569381,0.020978106,0.02840705,0.9945085876797697,0.00807462856432216,0.067969054,0.08953462,0.9438757183671281
6,21,0.0006322888057184173,0.018468166,0.025136886,0.9957028350742408,0.0074176678317599,0.0630303,0.085710704,0.9432604710170406
6,22,0.0006842604252087087,0.018887911,0.02615693,0.9953471231800096,0.007426289302572884,0.06463467,0.08602106,0.9428045428779427
6,23,0.0007181444124288196,0.019488724,0.026799744,0.9951139703719293,0.007214965349434082,0.062039092,0.084511,0.9453669976614293
7,1,0.016830733915242566,0.09494532,0.12973864,0.8797080693105794,0.009799438132042135,0.076112576,0.099251226,0.9214208925611366
7,2,0.008329155118989096,0.06995398,0.09125623,0.9419899120183362,0.006945103536256486,0.062734894,0.0836046,0.9454598251655266
7,3,0.0058673131671325065,0.05835608,0.07659985,0.9594155310702598,0.00749278247045974,0.06578196,0.08650212,0.9420635705414163
7,4,0.004404448948160823,0.050108865,0.066370845,0.969686236059429,0.008003591102789398,0.06700154,0.08936008,0.9390925756019788
7,5,0.003230641415956317,0.043259397,0.05683882,0.9778373683846615,0.008979377869292404,0.07366365,0.09464319,0.9365920707965922
7,6,0.00268180752197546,0.039573982,0.051775433,0.9816437305103415,0.008363587324748989,0.0697056,0.09136672,0.9383584986175817
7,7,0.0020825521975307436,0.034575347,0.04564514,0.9857745804667368,0.008553992999993541,0.07103918,0.092227824,0.9379016303077011
7,8,0.0015723519578029915,0.029653195,0.039646007,0.9892771478216915,0.008092519124383453,0.067185804,0.08965634,0.9371182974994761
7,9,0.0014529235610166113,0.028590363,0.038111992,0.9900941381734982,0.007981752220075577,0.06544804,0.08895616,0.9397889557900161
7,10,0.0015433120747857345,0.029408738,0.039288957,0.9894736221844771,0.007503492345912727,0.064267896,0.086336546,0.941359604251761
7,11,0.0013478896501756962,0.027769834,0.036718186,0.9908081551690278,0.007084070644513877,0.06335893,0.08361622,0.9458248508653391
8,1,0.021516186964184603,0.109556794,0.14671578,0.8421980178548999,0.009217599174007773,0.07410071,0.0962,0.9308024160170151
8,2,0.008509495880924792,0.070410885,0.09223707,0.9405268214454799,0.007852968460481082,0.069047555,0.08897464,0.9395644145136969
8,3,0.006520124804010946,0.062418032,0.08075238,0.95472530517755,0.007586199125008923,0.06952207,0.087003104,0.9472381420244969
8,4,0.005336971686952791,0.05629691,0.07305732,0.9630976139252507,0.0073723810408929625,0.06684768,0.086200856,0.9414524353154895
8,5,0.004499937588279353,0.051830735,0.067074075,0.9689886505729217,0.00795387539879552,0.068163365,0.089471176,0.9425120611119366
8,6,0.003795440018255368,0.04739207,0.061608866,0.9739021154151043,0.007238213970725026,0.064601555,0.08501083,0.9434780007336032
8,7,0.003103693959163937,0.04293543,0.055718124,0.9787063129499206,0.007627025945112109,0.0665021,0.08687632,0.9406425031018295
8,8,0.0023994458688066174,0.03765866,0.04898153,0.9835845151867192,0.007672673440538347,0.06660789,0.08725161,0.9403396153558043
8,9,0.002112721489572671,0.035015643,0.045962248,0.9855609253140307,0.007673146502513971,0.06729622,0.08638227,0.9414706835568792
8,10,0.0019037586500298092,0.033644445,0.043637436,0.9869991206083278,0.00740273726738191,0.06626096,0.085286364,0.9427420165755365
8,11,0.0014610871826037416,0.02891599,0.038226947,0.9900334599897224,0.007436735721837197,0.064938694,0.08530011,0.9425746674641601
8,12,0.0012085338030119262,0.026395652,0.034753416,0.9917699322649945,0.007632259296120277,0.06619299,0.086256474,0.9418894417855881
8,13,0.0010340109434322602,0.024118256,0.032160398,0.9929615927642553,0.008117939195861774,0.06793505,0.0891755,0.9375856762387809
8,14,0.0010063065921509134,0.024126131,0.03172411,0.9931469203601525,0.007542869932616928,0.06411459,0.0851401,0.9434924777803324
8,15,0.0010182355798750455,0.023847021,0.031912565,0.9930645038657334,0.007580607381117131,0.06589415,0.08541755,0.9435502857810437
9,1,0.020023810875245206,0.10461257,0.14152926,0.8545234165824097,0.009838984214833804,0.07637957,0.09919554,0.9243642504992274
9,2,0.008586445362002494,0.07121657,0.09265533,0.939994815069031,0.007833664771169424,0.06908615,0.089044124,0.941858494324289
9,3,0.006718351277218104,0.06321622,0.08197268,0.9533372885722229,0.007768766987802727,0.06845827,0.088768885,0.9395051767607355
9,4,0.005413679051360934,0.057263292,0.073569186,0.962575987975896,0.007851878206046032,0.06753071,0.08872892,0.939951358811875
9,5,0.004398397953362666,0.050779574,0.066301264,0.969727287036357,0.008324552493702089,0.0696081,0.09138384,0.9394081447595732
9,6,0.003668583814211399,0.04672094,0.06055766,0.9748058940280617,0.008048916135781578,0.06982725,0.08966803,0.9377778939257381
9,7,0.003017612075798701,0.042774595,0.054939143,0.9793124686295318,0.007915039164280253,0.06776207,0.088604115,0.9392474120104441
9,8,0.002415893368736327,0.03766723,0.049156398,0.9834807788909782,0.00770562409888953,0.0666266,0.08731912,0.9415829922436386
9,9,0.002050824244136739,0.034670588,0.045290902,0.9859833098668003,0.00786989348541413,0.0662482,0.08829111,0.9393081811658333
9,10,0.0017602430598344654,0.03226158,0.041960247,0.9879838778934952,0.0073685754323378205,0.06537521,0.084657215,0.9435406186161941
9,11,0.0016531260030248386,0.031114865,0.040661756,0.988722376298997,0.00782693232343133,0.066947475,0.08732612,0.940682449853535
9,12,0.0016386246931016724,0.03070887,0.04045055,0.9888338679308104,0.008208773780747183,0.069374144,0.08944385,0.9366950985447152
9,13,0.0013929412234574556,0.028472219,0.037320737,0.9905034516236204,0.008218273021546858,0.068084,0.08978173,0.937670760468025
9,14,0.0011233999045722396,0.024637593,0.033514317,0.9923492730679095,0.007260656649512904,0.06345007,0.08412593,0.9442110030949169
9,15,0.0010903299993957245,0.024748433,0.033021837,0.9925726338168387,0.008076940014559244,0.06851381,0.08928315,0.9371173078059238
9,16,0.001027784896437862,0.024321005,0.032038484,0.9930095826097908,0.007576270727440715,0.0650709,0.08559412,0.9421578291850822
9,17,0.0009115325911492805,0.02252562,0.03019687,0.9937970882231912,0.006985863504399147,0.06317969,0.082606584,0.946295485827404
9,18,0.0008302525169472863,0.021825217,0.028807504,0.9943521815491845,0.007773919297116143,0.06522631,0.087590836,0.9409462706703354
9,19,0.0007827423567879319,0.020494629,0.027971506,0.9946768561591416,0.007890601933468133,0.06553921,0.087745816,0.941613792986995
9,20,0.0008333095959463879,0.021282962,0.028873593,0.9943272581504848,0.008361622923985124,0.06858649,0.09007836,0.9434887757940306
9,21,0.000753088192345148,0.020146286,0.027442105,0.9948761721640371,0.00749022774730942,0.06451049,0.08507164,0.9439617740227847
9,22,0.0006750431081778413,0.019047232,0.025979968,0.9954116216097906,0.007892610072823507,0.065624446,0.08768813,0.9413651499563795
9,23,0.0006839377848022382,0.019082904,0.026154658,0.9953478657450455,0.007545723638031632,0.06402546,0.08544329,0.9428589917703558
9,24,0.0011714969030809893,0.02017528,0.034233414,0.9920217326757772,0.007680342233340655,0.0644649,0.085862674,0.9428816554476828
9,25,0.000656982331246216,0.018171545,0.025635371,0.9955314595155623,0.0076159990359363815,0.064919226,0.08645056,0.9429116699218643
9,26,0.0005506602481494997,0.016829686,0.023467261,0.9962575502673818,0.007969862398957568,0.06685431,0.08821323,0.9435835369251042
10,1,0.018773763155495036,0.10071361,0.1370505,0.8637324965741309,0.008139344081947846,0.071583636,0.09036649,0.9361482888179448
10,2,0.007699974427417477,0.067177005,0.08774067,0.9463390678346244,0.008562610102152186,0.072782755,0.09325102,0.9397416299960115
10,3,0.005883234473615537,0.059003785,0.076709,0.9592456441276435,0.006929447225827191,0.064481325,0.08279877,0.9494190070242132
10,4,0.004422831668944977,0.050698183,0.06649706,0.9695325830767393,0.007301677118188569,0.06446363,0.08517805,0.9444935663324207
10,5,0.003333031903804393,0.04421854,0.05773267,0.9771226946610548,0.006680000797911946,0.06247447,0.081360064,0.9487665158361079
10,6,0.00282925706156573,0.040704,0.05319247,0.9806259887607061,0.007073503602961344,0.06364675,0.08356922,0.9458044644781305
10,7,0.0019684030258784366,0.033878483,0.044370368,0.9865506874542462,0.007299546751060656,0.06448697,0.08430159,0.9444238631341769
10,8,0.001622819300103393,0.030037915,0.040284332,0.9889269036086188,0.007274796986686332,0.06554706,0.08395524,0.9488922379755604
10,9,0.0015517730286527668,0.029249212,0.039399333,0.9894096663449004,0.007101967515024755,0.062028795,0.082676925,0.9471481109381192
10,10,0.0013110969584461335,0.02750071,0.036209375,0.9910620687813445,0.007140411446536226,0.062136304,0.08284962,0.9459703755308901
10,11,0.0010724493237669259,0.0240173,0.03274923,0.9926958141165698,0.007037086695033524,0.062020674,0.08218913,0.948054082238165
10,12,0.0010094823567066168,0.023475861,0.03174916,0.9931378061136774,0.007705526077188551,0.06535764,0.086497605,0.9415655996488252
10,13,0.0008244602534338988,0.021299683,0.02871704,0.9943882230438238,0.007426784415396729,0.06298067,0.08466293,0.9444347297984438
10,14,0.0007775941549225876,0.020335276,0.027885634,0.9947097559202042,0.007217795804275998,0.06357409,0.08347828,0.9471156500288612
11,1,0.017179252431841097,0.096504465,0.131088,0.8763819046994669,0.009009367936024708,0.072572544,0.094715685,0.9313091043066537
11,2,0.007902175044449412,0.06835049,0.08887895,0.9450018607398302,0.008140876989013382,0.07028843,0.09063581,0.9405962813310396
11,3,0.005559633382613483,0.05715719,0.074569285,0.9615572037723685,0.007682799336700035,0.06808781,0.08726201,0.9438818477522666
11,4,0.004325509078966053,0.05092387,0.065770514,0.9702016295409982,0.007623748196887651,0.06519419,0.08634592,0.9457281478778866
11,5,0.003226587985137425,0.04373636,0.05679374,0.9778821542990802,0.007889168336987495,0.06674431,0.08822237,0.9426014079405811
11,6,0.0026049103830488416,0.038966674,0.051035903,0.9821678138728579,0.0072570993298930785,0.06399122,0.08426803,0.94405750570519
11,7,0.0019031985247807979,0.03325632,0.043629836,0.9870001222761952,0.00723696468464498,0.06228378,0.08390098,0.9448508542259282
11,8,0.001562743603848095,0.029894888,0.039527304,0.989340776834847,0.0071122808980622464,0.06266249,0.082747415,0.9467916238767707
11,9,0.001515524150699238,0.029047789,0.038932458,0.9896603939372076,0.007884973211080901,0.06421497,0.08731744,0.9436749832944311
11,10,0.0014956263193173038,0.029207436,0.03867805,0.9898041121042552,0.007349281605066997,0.06355445,0.08407537,0.9449638783961831
11,11,0.0011424621681097424,0.025315337,0.03380151,0.9922166882162955,0.007507826683909765,0.06442268,0.085478604,0.945673909934157
11,12,0.0011292817362118512,0.025139105,0.033589516,0.9923146274468094,0.007367924254919801,0.06460808,0.08378828,0.9455157210253524
11,13,0.0009093841096651784,0.021991054,0.030158352,0.9938086389252321,0.007484032439866236,0.063428186,0.08512035,0.9432081986938189
11,14,0.0007350570280170155,0.019608092,0.02711359,0.9950017739391721,0.006853548310963171,0.059785977,0.08134023,0.9483202290223518
11,15,0.0007992392436059401,0.020087412,0.028276555,0.9945600499344086,0.007262278298315193,0.062871575,0.08349396,0.9451397446689558
11,16,0.000778361794018735,0.02010403,0.027898386,0.9947041803058121,0.007156196998299232,0.06130963,0.082770415,0.9468301624435381
11,17,0.0007442199723266291,0.01930327,0.027282499,0.9949356956144121,0.006803274462332151,0.060005296,0.08058713,0.9489865948491706
11,18,0.0006748537124171592,0.018573118,0.025978189,0.9954097409290176,0.007163581288685756,0.06163717,0.083096005,0.9456912447939173
11,19,0.0007261138327232623,0.019628583,0.026944507,0.9950614826863476,0.007118565246595868,0.06203143,0.08311655,0.9457003405943909
11,20,0.0007396042080395898,0.019556379,0.027201053,0.9949669022490316,0.008078729567517127,0.06814063,0.08858425,0.9482808689630962
11,21,0.0008322183411594515,0.02100967,0.028853212,0.9943340365185245,0.007035504594179136,0.061612464,0.082769506,0.9471733386000438
11,22,0.0006001853830426948,0.017838338,0.024500135,0.9959181819727255,0.006828130746725947,0.06071044,0.0810946,0.9483677693197308
11,23,0.0005473671486453266,0.016587868,0.023392329,0.996280059904174,0.007150963181629777,0.06083817,0.0828445,0.9473475878540438
11,24,0.0005329835641243556,0.016577529,0.023087306,0.9963768460360092,0.007047534986798253,0.060142342,0.08207255,0.947013436885016
11,25,0.0004877088360665758,0.015371068,0.022086816,0.9966846208348308,0.0071205371891015345,0.06149144,0.08282387,0.948119576172393
11,26,0.00046668547456137505,0.0150317885,0.021605201,0.9968276604908141,0.007476245385727712,0.063560404,0.08475342,0.9496327834405047
12,1,0.07606046550790779,0.22440681,0.27572,0.08271928511739629,0.04692921649095499,0.17898294,0.21799274,0.5981658880041147
12,2,0.03330963248034469,0.14544086,0.18253344,0.7637402237868472,0.01968382459987576,0.11035198,0.14105864,0.8500765695237967
12,3,0.016767734884465042,0.10166506,0.12951618,0.880980216179195,0.012512270875352746,0.08540859,0.11258884,0.8994237551399871
12,4,0.011499803283721835,0.08296092,0.10722539,0.9188466344088492,0.010198013680497685,0.07666471,0.101680346,0.9189251845368105
12,5,0.009687139363671113,0.076874696,0.09842656,0.9319507670872718,0.009659451860460211,0.0756001,0.098950155,0.9304633835882633
12,6,0.007739570033986765,0.0688378,0.08796533,0.9460596522886339,0.008437791729294177,0.07120917,0.09242016,0.9335710635717531
12,7,0.007138593606044272,0.06601539,0.0844698,0.9503553167178224,0.008281380737941988,0.07032118,0.09149586,0.9369568087205484
12,8,0.006043729704704623,0.059700258,0.07774559,0.958125978718307,0.008319414385133077,0.070468836,0.091829084,0.9371812052875286
12,9,0.005803973063295892,0.058719397,0.076192185,0.959793636028046,0.00804668615994699,0.069281854,0.09032342,0.9362883973046899
12,10,0.00502646399073566,0.054832738,0.07086123,0.96537884183608,0.0087948913356673,0.07162102,0.09443882,0.9405474253421116
12,11,0.004283080342409058,0.050444495,0.06544301,0.9705050904215482,0.008174524025957065,0.07001527,0.09075751,0.9393057285630844
12,12,0.003794883652398456,0.047276225,0.061551306,0.973964444292096,0.008505488101811218,0.07181651,0.09246175,0.9397809100150334
12,13,0.003144913011633902,0.043252297,0.056083325,0.9784306579997883,0.008373892686331938,0.071452156,0.092140466,0.9333338551821222
12,14,0.0027623486523446436,0.040811427,0.052557252,0.9810812490214371,0.007558004319973945,0.0659429,0.08750491,0.940360442647564
12,15,0.002523256637440656,0.03903832,0.050229006,0.9827362135126759,0.008485589138419729,0.07025971,0.09275297,0.931735005892757
12,16,0.002251277658419937,0.036612526,0.04745975,0.98460036999036,0.008175086874635544,0.07039496,0.09101089,0.9349823438191509
12,17,0.0020689240312001126,0.034617532,0.04548553,0.9858683349942154,0.007505027321005602,0.06798568,0.08716106,0.941348055303025
12,18,0.0023335024883992922,0.03509881,0.04830741,0.9840413267171058,0.007057190250769189,0.064261004,0.084581956,0.9438102366122871
12,19,0.0015258285873761307,0.029753203,0.039062083,0.9895909758037104,0.0074106754139022625,0.06615785,0.08663253,0.9418680229073221
12,20,0.0013551471807472255,0.028160444,0.036818292,0.9907587041251611,0.006688928710328009,0.06324846,0.082346216,0.9468728023231694
12,21,0.0012006066930145064,0.026569197,0.03464445,0.991824005734729,0.006948716839865988,0.06413863,0.08379886,0.9465719364049244
12,22,0.001059342297288414,0.024252992,0.03254936,0.9927843085001427,0.007292277830721879,0.06595585,0.08568827,0.9432399648142653
12,23,0.0012678019346031616,0.026793657,0.035613522,0.9913635216179758,0.006670511206417966,0.06411968,0.082185164,0.947875940949304
12,24,0.001197812665697507,0.026086215,0.034616236,0.9918358374660816,0.006991480398466121,0.06478963,0.08405842,0.9448888075398841
12,25,0.001330549986407753,0.027299048,0.036479056,0.9909352663597304,0.0071459950509220275,0.06577771,0.0851115,0.943096824430819
12,26,0.0015036313066005523,0.02937371,0.038786206,0.9897487917208276,0.0068745953071306255,0.06360375,0.08349372,0.9453183486259874
12,27,0.0013601627015007486,0.027947977,0.03688888,0.9907249579399676,0.00707296189917812,0.06380685,0.08468403,0.9465182817911172
12,28,0.0018719221752859917,0.032548286,0.043276068,0.9872410319779896,0.006945174279415504,0.064424,0.08392034,0.9446755579798471
12,29,0.0015321256776664187,0.029369,0.039153248,0.9895484127585004,0.008126724495216169,0.069490455,0.09072557,0.9413099429377212
12,30,0.0014297510202153734,0.028459925,0.037809663,0.990255691793747,0.010345108185666268,0.07871237,0.10228381,0.9281392604585289
12,31,0.0018446041963513474,0.032367136,0.042952448,0.9874325172898742,0.007879647435469518,0.06750898,0.089353055,0.9413448760366538
12,32,0.0015001849876392034,0.029236777,0.0386884,0.9897938875258732,0.007029129994676892,0.064385474,0.084357664,0.9480247285147654
13,1,0.07190240262333025,0.22214681,0.26812157,0.229588540918384,0.037102632612610854,0.1562893,0.19342507,0.7122945692234919
13,2,0.029271488699726934,0.13595493,0.17111492,0.7841392265791478,0.018011443989558354,0.10452254,0.13486387,0.8566793828258362
13,3,0.015616144120141595,0.09846926,0.12498371,0.8882223487451992,0.012176874466267354,0.08437009,0.11111861,0.9008695894476141
13,4,0.011293460625315208,0.08378115,0.10625135,0.92030694343948,0.010768508612980239,0.07967927,0.10444843,0.9151227458056436
13,5,0.009046530774272282,0.07366338,0.095099375,0.9366272493534259,0.008711170145370825,0.068394504,0.09391189,0.9309013135267407
13,6,0.007742983714468498,0.06797767,0.087976374,0.9460399570794369,0.00869678318418597,0.07212644,0.09389869,0.930362519259618
13,7,0.0074015277908151,0.06594566,0.086041614,0.9484534811692196,0.009458279263021218,0.076503806,0.09766634,0.9332095656129817
13,8,0.006081966042916278,0.059800465,0.078009084,0.9578237276114613,0.008176301267532701,0.06749063,0.09086366,0.9355429464035973
13,9,0.006082935949826122,0.059896402,0.078003526,0.9578331971626367,0.00886338674858204,0.071480356,0.09480609,0.9290112360369472
13,10,0.005014962131405308,0.054877866,0.07077393,0.9654517069930671,0.009179397107800469,0.072515786,0.09643647,0.9319635533831989
13,11,0.004643429485678719,0.05262118,0.0681153,0.9680319266804377,0.00952070683167592,0.07545879,0.098084874,0.9254877152323215
13,12,0.004217655694786874,0.04997975,0.06489465,0.971032847758914,0.010450905240658257,0.07873763,0.10244983,0.9279266384542033
13,13,0.003605584601917433,0.046131898,0.060061574,0.9752923098178379,0.013544198498561012,0.09218831,0.11683657,0.9220848423549822
13,14,0.0036351077823527592,0.04651685,0.060290497,0.9750979609554224,0.007877895129543807,0.06758285,0.08937483,0.9377357337276906
13,15,0.0028003571876078553,0.04034852,0.052924935,0.9808386336564563,0.0102175775262165,0.0775537,0.10137187,0.929678675640224
13,16,0.0026006115201037054,0.038929358,0.051010896,0.9822442206318787,0.008676641169181999,0.070762284,0.093793705,0.9305809886667944
13,17,0.002735876770585092,0.039803483,0.052285697,0.981290577406897,0.008497065432257605,0.07034493,0.09279742,0.9367896682492051
13,18,0.0026444263909138287,0.038996544,0.051428117,0.9819222596908208,0.00850652787873211,0.068718575,0.09272589,0.9338251800039759
13,19,0.0022333601065719594,0.035885256,0.047242247,0.9847778116131783,0.009068113249129426,0.072820246,0.09587338,0.9286574273503906
13,20,0.002333357213637585,0.03669085,0.048306797,0.9840632305551538,0.0071471207089012345,0.06498657,0.08513215,0.9468114048021826
13,21,0.0023048738205255167,0.036614146,0.048021127,0.9842511300548314,0.008200250081211346,0.069047965,0.09105891,0.936829971588037
13,22,0.0017738478316451304,0.03154989,0.042120717,0.9879005570616658,0.008099933838147317,0.06927495,0.09037178,0.9369895539620473
13,23,0.002325491453486274,0.03650728,0.04823549,0.9841443603451536,0.007691459447852577,0.06601762,0.08807829,0.9396863741830908
13,24,0.0021976106360011515,0.03534571,0.046882667,0.9850127897566049,0.009248636666068281,0.071555704,0.09684472,0.935314384668633
13,25,0.002196345343334066,0.03495216,0.046866674,0.985073591600682,0.00800980428498911,0.06784731,0.09010479,0.9394865317253716
13,26,0.002223375245013269,0.036312953,0.047162257,0.9848324583149183,0.007953572435562146,0.06768566,0.08980476,0.9412923749474514
13,27,0.00201980280377947,0.034215607,0.044952754,0.9862338654059326,0.007213846212026611,0.06472405,0.08545673,0.9453893466089726
13,28,0.002184127115070394,0.035636604,0.04674253,0.9851304601493411,0.00690233596240567,0.06413158,0.08357498,0.947751873564258
13,29,0.002127375718645513,0.035093267,0.04613118,0.9855135581568891,0.007408242050722173,0.06517181,0.08643161,0.9447331009729593
13,30,0.0016296732077042129,0.030556774,0.040376656,0.9888946634405277,0.00992737459320644,0.07639174,0.10004991,0.9317362808980505
13,31,0.0016655764701401122,0.031649265,0.040819403,0.9886590782537148,0.009772088713361882,0.07704164,0.09928376,0.9366911326564045
13,32,0.001449637323156966,0.028568989,0.038071875,0.9901410774849826,0.007342177905633839,0.066111244,0.08616288,0.9464960717696264
13,33,0.0015985154275929352,0.03005508,0.039991543,0.9891256614253616,0.007877467267530004,0.065816715,0.08924051,0.9391542019756238
13,34,0.001357958505522959,0.027612902,0.036853574,0.9907570633444369,0.008301735838392266,0.06876201,0.09168721,0.9420190428880665
13,35,0.0011319150207017518,0.024969876,0.03364187,0.9923036589985113,0.007010100187337095,0.06174702,0.08417268,0.9441515840141117
13,36,0.001280073462112341,0.026570728,0.03573276,0.9913173154484332,0.007077108132997873,0.06313709,0.084650286,0.9449729345450725
13,37,0.0012920807021634922,0.027249718,0.03595243,0.9912164724409037,0.007560678174572617,0.06582707,0.087545514,0.9429945922035095
14,1,0.06327543047117505,0.20878957,0.25153336,0.42236287917337667,0.03427124100400963,0.14923897,0.18609583,0.7219180789954157
14,2,0.023813382598746102,0.12016256,0.15434785,0.8300152800065346,0.015614406533401322,0.09716223,0.12554412,0.8763006961285672
14,3,0.013040276956646573,0.089080855,0.1142063,0.9074969083170696,0.010685403240603153,0.08080845,0.10403117,0.9161000804113646
14,4,0.009671668949437428,0.07795829,0.09831611,0.9321275104535356,0.009492866969796725,0.076022334,0.098037146,0.9236913068250785
14,5,0.007903263009160515,0.06914434,0.08889298,0.9448603016448491,0.00833382475172618,0.07181932,0.09182171,0.9339806304760776
14,6,0.00665611117363148,0.0628756,0.08157571,0.9537717545494403,0.008256167437475934,0.0717921,0.09142647,0.9345812208113436
14,7,0.006150103309962199,0.060069297,0.07843983,0.9573437142594401,0.008403097628615797,0.07171303,0.09228646,0.9327130855173783
14,8,0.005023055465711895,0.054646935,0.07088076,0.9653162293847493,0.008475671707721497,0.06912467,0.09245384,0.9335594475099351
14,9,0.004722117667463685,0.053066965,0.06873113,0.9674199620763446,0.008726374228663862,0.07179854,0.09404259,0.9322510889969134
14,10,0.0037021241970191642,0.04679672,0.06082735,0.9745896146709565,0.009457248207548185,0.07524788,0.09791912,0.9318201118340788
14,11,0.003170317770637437,0.04320895,0.05629506,0.9782689307208849,0.009450103715978373,0.07506829,0.09788755,0.9249928356788848
14,12,0.0031629339934973522,0.042416688,0.056181535,0.9783657793182355,0.008421202683907555,0.07116396,0.09225724,0.9377274945560979
14,13,0.002671872861092452,0.039916795,0.051695324,0.9817000901078111,0.008352188429583933,0.071612276,0.091969214,0.9329904147583533
14,14,0.0020201080072345186,0.034321617,0.04494208,0.9861972082838524,0.007522750229798947,0.0659184,0.08728548,0.9414243263329992
14,15,0.00160278801991536,0.030192023,0.040021468,0.989070064227326,0.008153477575871404,0.06939932,0.09081746,0.9379769946101096
14,16,0.001550434086651723,0.030209877,0.039378658,0.9894212326997235,0.008615989554932134,0.07253115,0.093431264,0.9340661298905478
14,17,0.0016330804603958908,0.030807495,0.040398207,0.9888624676266133,0.007665707559942381,0.06768603,0.08816812,0.9386696828508737
14,18,0.0020703308533127234,0.03436788,0.045507148,0.9858639074284911,0.009051560023551617,0.07205515,0.09569059,0.9298662807646896
14,19,0.0020218816741965884,0.033963207,0.04495034,0.9861972860085993,0.00820302724928802,0.07001889,0.091140375,0.939995593737665
14,20,0.0023856087434162695,0.03697666,0.04885272,0.9836944705734755,0.006789866332568366,0.06447145,0.08295661,0.9474155742935774
14,21,0.0017930217891942142,0.031712383,0.042350817,0.9877545653430083,0.008907030991933964,0.071306,0.09474882,0.9371925138593182
14,22,0.0016566856918480055,0.03026231,0.040693466,0.9887025653093188,0.008428553924507773,0.07113019,0.09235551,0.9337263567664635
14,23,0.0023065903883732154,0.036169264,0.048030715,0.9842473416289587,0.007292020872463817,0.06577894,0.08566935,0.9453491494051202
14,24,0.0018751166582881514,0.033252575,0.043293994,0.9872056830295226,0.0066307002443527045,0.062833264,0.08170148,0.9484215443626262
14,25,0.0017697200421034128,0.03186659,0.042066067,0.9879222687039811,0.011670083747486825,0.08222779,0.10845816,0.9289674113644152
14,26,0.001939720217952552,0.033263985,0.044047013,0.9867700844944429,0.006937995114101257,0.06311947,0.08387413,0.9456384053475597
14,27,0.00202833713417455,0.034232542,0.045048892,0.9861439053079487,0.007144861599415351,0.06345743,0.08486537,0.944926749341592
14,28,0.0017203655748089998,0.030944696,0.041431766,0.9882881434462611,0.007551800323535981,0.06444301,0.087498285,0.9405695052285082
14,29,0.0022538201745268553,0.035902392,0.04748634,0.9845958399494743,0.008999390933981718,0.07220877,0.09526126,0.9354177720668619
14,30,0.0019521271041642045,0.033166315,0.04419348,0.9866685961730698,0.010347097579614018,0.077123165,0.1022137,0.9307560780434944
14,31,0.0018787555905941888,0.032936577,0.043344714,0.9871838159752604,0.007091488516717045,0.063867874,0.08477889,0.9445952824738542
14,32,0.0014221045678474932,0.028472595,0.03770032,0.990316867753697,0.007919833821856796,0.06862604,0.08956653,0.9400816263954549
14,33,0.0016199532931359584,0.029938838,0.04024793,0.9889608223690166,0.007638926100601869,0.06333827,0.08801165,0.9395552976437076
15,1,0.05555279102561578,0.19084898,0.23571719,0.5239758375661049,0.02401924348022375,0.12225656,0.15570605,0.8034477203447604
15,2,0.020144321951184478,0.10985637,0.14195438,0.8537960089457408,0.012567035049734707,0.0880508,0.112844825,0.9006614359653402
15,3,0.012574959831177932,0.087715365,0.1121523,0.9108457850995879,0.009196520301177062,0.07473351,0.09656898,0.9265346299304231
15,4,0.009524843418650017,0.076814994,0.09758932,0.9332483479960934,0.009163190455486378,0.07488781,0.09639346,0.9293864709721567
15,5,0.008464198266750335,0.071493596,0.09199182,0.9409181195674212,0.007308603928389924,0.06666497,0.086045146,0.9415686638614177
15,6,0.006566336440266802,0.06314852,0.08103259,0.9544154416506543,0.008615956406208203,0.072016574,0.093472056,0.9399956031076997
15,7,0.0059175992736246906,0.058681026,0.076940745,0.9590093182202116,0.007873480544663768,0.07105344,0.08934906,0.9390850666965568
15,8,0.005190063432998282,0.05566226,0.072058,0.9641394704817272,0.007919249121052283,0.06856581,0.08954465,0.9392525712913545
15,9,0.005123754442197806,0.05520855,0.071551405,0.9646571139446825,0.008869406630293708,0.07111237,0.09470371,0.9320196983421126
15,10,0.003941639776466193,0.047788415,0.06277243,0.9729294176902882,0.008064131953654363,0.06921529,0.09038039,0.9394963366188839
15,11,0.003525584149862548,0.045468286,0.059359405,0.9758116954283713,0.009360285810005196,0.07471561,0.09741119,0.9252910789623641
15,12,0.003219808220870686,0.043477993,0.056710094,0.9779540683526736,0.00854450733135713,0.07320773,0.09285847,0.9454027411312086
15,13,0.0027661286332370076,0.041000158,0.05259193,0.9810796581021363,0.008959481400476458,0.072364554,0.09527363,0.9336018882958886
15,14,0.002806661844609314,0.039820988,0.052988037,0.9807885365268835,0.007575980750954369,0.06712472,0.08765004,0.9405565081557934
16,1,0.07532768825800201,0.22932994,0.2744273,0.133671663393559,0.05008294529936932,0.1870236,0.22475235,0.5733200798975117
16,2,0.03941289287182354,0.15955354,0.1985566,0.7110964715446406,0.026387967376245394,0.12828453,0.16277857,0.7973949167584939
16,3,0.022146285056771936,0.11749437,0.14883974,0.8416293782902354,0.017282157618966367,0.10201327,0.13157012,0.8668697570932602
16,4,0.014647313663474867,0.09457109,0.12102367,0.8959278138170607,0.012123856167481453,0.0855138,0.11017642,0.9039253534610617
16,5,0.010987621367034267,0.08227494,0.10478976,0.9227977858964619,0.009636783118670186,0.075335495,0.09823854,0.9240468059305859
16,6,0.008863065823168433,0.07328766,0.09413043,0.9380656495423907,0.008751685032621026,0.07260442,0.093673676,0.932301768095758
16,7,0.00803933158640915,0.069327205,0.08967716,0.9438875907688695,0.008750870651393025,0.073349744,0.09374745,0.9314789409472379
16,8,0.0071434704695662885,0.065102175,0.08452895,0.9502725128160958,0.008464772452565807,0.07204858,0.09214295,0.9389611907953589
16,9,0.006534022038093132,0.06217512,0.0808264,0.9546579608984673,0.0074995791591289974,0.066845424,0.08667813,0.940946007021892
16,10,0.006227716707807278,0.060935553,0.07892688,0.9568060450030811,0.007552028456875296,0.06836213,0.08698123,0.9434228413805312
16,11,0.005223130267363685,0.055361032,0.07227624,0.9638966379674478,0.007767516119336641,0.06794241,0.08820393,0.9409970463260192
16,12,0.004905686823914489,0.054704048,0.07002185,0.9661564400189829,0.007559528578659175,0.06776766,0.087010235,0.9405074832979918
16,13,0.004213584969951728,0.050255936,0.06491737,0.9709785920373336,0.0078530705154494,0.070137985,0.08862193,0.9404244587679792
16,14,0.003907297845743814,0.04814933,0.062487867,0.9731430631582569,0.007414210777453802,0.065491416,0.08608495,0.9417581076733927
16,15,0.003649263042427826,0.0467534,0.06041035,0.9749483398710451,0.008507856262709808,0.072396226,0.09219535,0.93635856146394
16,16,0.003023476233933269,0.04295551,0.054989997,0.9792649365804302,0.008261898713600304,0.06874563,0.090696596,0.9353132116768644
16,17,0.0026959701585115552,0.039835144,0.051920842,0.9815382845717505,0.008075674219677845,0.06931901,0.0896838,0.9418684558845253
16,18,0.002326776195485058,0.03668357,0.048241343,0.9840827982997364,0.008150614112512104,0.06909033,0.09007072,0.9401119697783441
16,19,0.0020445493051551595,0.034573726,0.045170274,0.9860565710299014,0.008793962024221266,0.0713786,0.09358887,0.9372660222307944
16,20,0.002149613094614018,0.035744596,0.046371073,0.9853038369372082,0.007786641789910694,0.06602011,0.08799111,0.9431419852417023
16,21,0.0019918699421328013,0.03386174,0.044637453,0.9863910631499365,0.008220252430031973,0.068605796,0.09039361,0.9392562573167241
16,22,0.0017006572740692124,0.03096582,0.041247237,0.9883874000926848,0.008712756826921745,0.07066772,0.09309042,0.931520738851746
16,23,0.0017124211810590159,0.031634644,0.04137465,0.9883189864028077,0.009884945901662664,0.07726252,0.098937795,0.9384388298920399
17,1,0.071910902078777,0.2266678,0.26819518,0.37753536642109364,0.0365454426759647,0.15773551,0.19186208,0.7273781223328251
17,2,0.029826975764845994,0.13855399,0.17273532,0.7872847411088142,0.019265427254140377,0.1085511,0.13886598,0.8522827542263322
17,3,0.01708254214184724,0.10285423,0.13071892,0.8776393519126949,0.013433655085800975,0.08912484,0.11562083,0.8928728677247267
17,4,0.012554062536926331,0.088361375,0.11204195,0.9109605354584082,0.010894523924906497,0.08037238,0.10406842,0.9140076125410584
17,5,0.010307525517962978,0.07826069,0.1015215,0.9274689635930322,0.009484131053021108,0.07408319,0.09713962,0.927342060356859
17,6,0.008944244396537716,0.072941296,0.09456871,0.9374300673609773,0.009000277043216758,0.07280104,0.09484202,0.9293808972636689
17,7,0.007862066057462803,0.068970464,0.088671036,0.9451651715343373,0.008892457820130166,0.07206377,0.09428229,0.9309211962148276
17,8,0.007224212100872962,0.064971864,0.08500842,0.9497255436806065,0.010345259517500247,0.08009058,0.101768784,0.9301552077077604
17,9,0.006505661324987397,0.062195502,0.08064693,0.9548552344301474,0.008844881146042436,0.07375977,0.09386876,0.9363841724809049
17,10,0.005977483504891361,0.060280643,0.07731441,0.9585936730404309,0.007411925212687088,0.066802375,0.08590539,0.9419158449029214
17,11,0.00510028267151972,0.055447854,0.07142532,0.9647663098755923,0.008168474607238616,0.07105944,0.090235084,0.936006797889314
17,12,0.004480617727418474,0.051554892,0.066915415,0.9691496489294258,0.008554254386884471,0.072282664,0.092303276,0.933993598369214
17,13,0.004066518692720777,0.049220394,0.06377546,0.9720079411638274,0.008400104720041983,0.072075434,0.09120097,0.9353858804669284
17,14,0.0036495049349026904,0.046681825,0.06039655,0.9749336672589435,0.008149067207274062,0.06970433,0.08997097,0.9365037982749173
17,15,0.003418075976671355,0.04522542,0.058467776,0.9765445452591697,0.008866642963969044,0.07203506,0.0936634,0.9316806253280965
17,16,0.002769205668096857,0.040871937,0.052621916,0.9810452934528493,0.009593619180291339,0.074475296,0.09749263,0.929028123935508
17,17,0.0026885109013011768,0.039956685,0.051861178,0.9815808723304922,0.00799467098571498,0.07005258,0.0888706,0.9397694332261843
17,18,0.0026443260587223102,0.039576747,0.051426575,0.9818970146400366,0.009908492879562632,0.075402886,0.09898261,0.9339320371859287
17,19,0.0022331681885869705,0.03632623,0.04722815,0.9847530127765809,0.008606106818964085,0.07183848,0.09208249,0.9344172619773026
18,1,0.06340658659481,0.20856534,0.25179818,0.38312943249314413,0.038856674641094824,0.16181219,0.19753101,0.6989236984784136
18,2,0.02842620653579029,0.13603169,0.16862744,0.7970373494583289,0.016809678291557013,0.10051154,0.12961484,0.8698860798564124
18,3,0.013882798431593507,0.09256009,0.117843196,0.9018436753394105,0.011167114177994706,0.082017764,0.10555468,0.9121626156746344
18,4,0.01001044803094467,0.07921983,0.10003715,0.929676021183276,0.009628017269143904,0.075963125,0.0981367,0.9241022624550139
18,5,0.008424395704576659,0.07164105,0.09178087,0.941131926716174,0.008490388742993,0.07023914,0.092162505,0.9338708122271433
18,6,0.007196487230031151,0.06560515,0.08480564,0.9499475021954632,0.008362961855406562,0.06971551,0.09149636,0.933653821155437
18,7,0.006443520616217752,0.06178087,0.0802807,0.9552611978043414,0.008537100201162199,0.07105283,0.09250785,0.9321889858220653
18,8,0.005546527032204034,0.05756797,0.07448597,0.9616134515442745,0.008603628905903962,0.07137416,0.09281934,0.9370670279160943
18,9,0.005253808564728422,0.056599602,0.07248836,0.9636819748438574,0.007927363398872936,0.06903164,0.08889491,0.9385226874623718
18,10,0.00475532461744385,0.053673394,0.06896382,0.9672262624247688,0.0073337805095232194,0.06590041,0.08559906,0.9424034294947851
18,11,0.004201695720652101,0.04958706,0.06481214,0.9710790102102705,0.00790057055807362,0.06785853,0.088719934,0.9395969189852613
18,12,0.0032747886630501944,0.044630237,0.05719923,0.9775471869976504,0.007947942457610258,0.06781849,0.088852756,0.9375358381734348
18,13,0.002692817707076042,0.03965872,0.051893447,0.9815637232660906,0.008633741052579825,0.072415225,0.09263473,0.9319383456029521
18,14,0.002614343824206686,0.03911804,0.051128305,0.9821047052397703,0.007953919494024443,0.06791622,0.08876829,0.937818349790285
18,15,0.00217835022143097,0.035720132,0.04668238,0.9851028470713784,0.008365173716339524,0.07043864,0.09100872,0.9346007178064628
18,16,0.0018754378060438174,0.033216067,0.043305732,0.9871907701355453,0.007873398368246853,0.0676526,0.08821644,0.9385625348001676
18,17,0.0019398369828008428,0.033249255,0.044049967,0.9867443760041816,0.007199842599220574,0.065101504,0.084303744,0.9443084244156171
18,18,0.001594748599868198,0.03032856,0.039937384,0.9891172626839385,0.008285698239450101,0.067406215,0.09060681,0.9388587393081166
18,19,0.0016257260383022993,0.029859306,0.040307764,0.9889121905029998,0.007942489330027322,0.06751412,0.088573456,0.9402937823052697
18,20,0.001666316385848761,0.030848345,0.04081948,0.9886274013054761,0.0074674097726259514,0.06707079,0.086098954,0.9472165702381726
18,21,0.0016146886470362056,0.030186947,0.04018662,0.9889819955045385,0.008011135376162,0.06725443,0.088703826,0.9403161395236735
18,22,0.0015959223002308509,0.02972524,0.039955158,0.9891073029056741,0.008477347501967516,0.06926525,0.09163071,0.9343781510349578
18,23,0.0014384996903003258,0.027915185,0.037927113,0.9901900725305555,0.009482412849104515,0.07441592,0.09683291,0.9438647392974431
18,24,0.0015317593086059378,0.029671775,0.039133623,0.9895616292298072,0.008168834046012274,0.06793201,0.08971845,0.9367723813777604
18,25,0.001483299457546972,0.02907978,0.03851135,0.9898835006025929,0.007531934447965964,0.06502133,0.08634104,0.9416654597505463
18,26,0.0014765279392861962,0.028952058,0.038434003,0.989926940009844,0.007017652079445758,0.06349559,0.08314594,0.9458313993720014
18,27,0.0015490784111721594,0.02983562,0.039359562,0.9894315209066755,0.00664036067232869,0.059473224,0.08085288,0.9488943051750982
18,28,0.001452950066752203,0.028746068,0.038123332,0.9900936360092674,0.00796481879229692,0.06707763,0.08885648,0.9449852512952595
18,29,0.001389126769902411,0.027811414,0.037276853,0.9905270445571209,0.007522759105389317,0.06548398,0.08637781,0.941074318713995
18,30,0.0012485697884118037,0.026052915,0.035333727,0.9914926949425038,0.0077764682592479165,0.06589338,0.087982595,0.9390529253784988
18,31,0.0010536330463144401,0.024419915,0.032463964,0.9928223565633344,0.007400015429421155,0.064405985,0.08586609,0.9437266208813518
18,32,0.001009242370566647,0.023555724,0.0317572,0.9931323373423697,0.007302539479159923,0.06337414,0.08525345,0.9431596237394436
18,33,0.0010626361504491968,0.02441823,0.032599892,0.9927656177831728,0.007919680396163906,0.0658795,0.08876091,0.9422136218278397
18,34,0.001216133672863171,0.026382914,0.034879245,0.9917174520044839,0.008176622118938852,0.06802467,0.09027501,0.9413720615236087
18,35,0.0010803664065682586,0.024591848,0.03287565,0.9926405697356592,0.007693736262067601,0.06447141,0.08746084,0.9404948881187165
18,36,0.0009470926177136875,0.0233929,0.030744862,0.9935657943946575,0.008301834340845407,0.06830579,0.09089103,0.9411968964303371
19,1,0.06785373632561102,0.21745913,0.26048928,0.33493071316105366,0.033894522253561904,0.15053326,0.18490987,0.741587687936533
19,2,0.026363757823019453,0.12871048,0.16239227,0.809307693506891,0.015835173186604625,0.098104715,0.12582068,0.8749690317952744
19,3,0.01424918441040981,0.093975,0.11938546,0.8985341660239191,0.011971815144298252,0.08659371,0.1093754,0.9074234623006545
19,4,0.010753775498542551,0.081199095,0.10369139,0.9242021339248446,0.009861853301387143,0.07766573,0.099245444,0.921433169564742
19,5,0.008891229484030089,0.07383644,0.09429762,0.9377503237075516,0.009669322481689354,0.07525382,0.098187536,0.931256986393263
19,6,0.007552271705038114,0.06826053,0.086897746,0.9474115639606457,0.008403636450465355,0.07080875,0.09156513,0.9336340646137747
19,7,0.0068158737512166116,0.06447232,0.08255977,0.9526455351759084,0.009058757598891302,0.07431213,0.095116064,0.9282238108056533
19,8,0.006046420322006534,0.0602552,0.077769555,0.9581024105380646,0.009141625709297066,0.073599346,0.09547885,0.9352419613719674
19,9,0.005241769248463005,0.055987593,0.072400905,0.9637720133513048,0.008123951248341688,0.06997172,0.08996357,0.9362058790559157
19,10,0.004509949850769295,0.051869422,0.0671597,0.968923447281713,0.008019195179696436,0.06945909,0.08936417,0.9381318734070989
19,11,0.004060176700281815,0.04975998,0.063713945,0.9720679840932454,0.008380309363861603,0.070925236,0.09128844,0.9344347360528864
19,12,0.003362851309868568,0.044739403,0.05798337,0.9769237932036688,0.008415388736735892,0.07087737,0.09136073,0.9339692807514908
19,13,0.0028320573173489455,0.041205607,0.053225704,0.9806021137941944,0.008831262278060118,0.07326559,0.09362477,0.9308473886933167
19,14,0.0025327194871861817,0.03830019,0.050311364,0.9826714842584615,0.007947713677788636,0.06686257,0.0888913,0.9384889260077227
19,15,0.002590431797233297,0.03863331,0.050902363,0.9822686181251656,0.009160303550608526,0.07347389,0.09546051,0.9286431863039265
19,16,0.002266662180908982,0.036572706,0.04761806,0.9844929616241738,0.008395904810943952,0.070199266,0.09113603,0.9353340293621184
19,17,0.002144765784331841,0.035346277,0.046321556,0.9853337278666651,0.008023075655930571,0.06805441,0.08914689,0.9398945721868581
19,18,0.002075612569493285,0.03393586,0.045560397,0.985817944418798,0.008611081756599661,0.06819974,0.09232496,0.9332142622018555
19,19,0.0019035902777066558,0.032314893,0.04359786,0.9870200857058923,0.008755015468017923,0.071228355,0.09313271,0.9343057132378089
19,20,0.001748201820132253,0.031478893,0.04181516,0.9880646609069035,0.010515555532442199,0.077957116,0.10239423,0.9393453490680116
19,21,0.0016804097375204725,0.031117478,0.04099866,0.9885311773145747,0.007826012171184024,0.06812276,0.08795566,0.9394299290606619
19,22,0.0016282108943788639,0.03005857,0.04035456,0.9888882860883731,0.009050387785666518,0.073077336,0.09472557,0.9337863045541558
19,23,0.0016774149589424423,0.030911714,0.04094882,0.9885603601207992,0.008225394326641603,0.07022191,0.09034296,0.9409758200014123
19,24,0.0013586374921245484,0.02755752,0.036853295,0.9907405057150029,0.007536795076534704,0.066293105,0.08616432,0.9425490715346496
19,25,0.0015535799466306344,0.029527748,0.0394178,0.9894101367361356,0.008241979870945215,0.06910763,0.09021817,0.9374855932711648
19,26,0.002297684744628207,0.036278278,0.047941033,0.9842978436007995,0.007839569058786664,0.06606257,0.08808198,0.9386707394130228
19,27,0.002067669516997238,0.034694243,0.0454615,0.9858821553101512,0.007436477584566024,0.06452296,0.08565723,0.9441387024064131
19,28,0.0019114720996873994,0.033011343,0.043702412,0.9869829993084397,0.0074970353765551135,0.0653904,0.08616656,0.9433068540145209
19,29,0.0016067528085501335,0.030255735,0.04008687,0.9890395280335761,0.007566884746430097,0.06490737,0.086701706,0.9413352989924185
19,30,0.0015010773686724216,0.029155249,0.038710814,0.9898046568190335,0.00769727985823044,0.06835783,0.087578855,0.9405428989401154
19,31,0.0013814809266749822,0.027570734,0.037176117,0.9905860429666915,0.007334792076748003,0.06385052,0.08538736,0.9436850405118719
19,32,0.0012970974296358606,0.026852876,0.035992257,0.9911792572068283,0.0068489585623697,0.06251381,0.082488164,0.9467894196593769
19,33,0.0013071829824048535,0.02708486,0.036158435,0.991096812276578,0.00822549555299769,0.06754639,0.09036963,0.9370525177639103
19,34,0.0011361172101400558,0.024910469,0.0337135,0.9922643649784376,0.007187879691762781,0.06396238,0.0844222,0.9449783391046317
19,35,0.0010263928532231574,0.023945201,0.032042325,0.9930133146130439,0.007206031209702983,0.06436013,0.08467986,0.9440659013035367
19,36,0.0008833154263633094,0.022041656,0.02969027,0.994000624897758,0.009710314403357054,0.07584405,0.09843927,0.939482868781517
19,37,0.0008191717265660126,0.021093123,0.02862563,0.9944246832366657,0.007107209552217413,0.064289905,0.08418047,0.9460323657210742
19,38,0.0007369083744540667,0.01986218,0.027143275,0.994988531163946,0.007659728474984014,0.067506954,0.08738386,0.9456855847278182
19,39,0.0006958470260194029,0.019341184,0.02638068,0.9952671822328375,0.007693958473046897,0.066922165,0.08753935,0.9417168026531497
19,40,0.0007483532197715521,0.020146538,0.027315043,0.9949253395162085,0.007070904228991519,0.06274996,0.08382399,0.9460665935539224
19,41,0.0008877837815510749,0.021962343,0.029799167,0.9939645451034308,0.007986535462637053,0.06780261,0.089160845,0.9416600180078882
20,1,0.08076509704517428,0.22525786,0.28421366,0.03578622353659814,0.05874659333910261,0.20226295,0.24315144,0.356794147145553
20,2,0.05049998906797895,0.18272577,0.22474897,0.5833638883764555,0.03308289411610791,0.15096022,0.18180759,0.750228799698001
20,3,0.028015380490257917,0.1331499,0.16739656,0.7973069377988312,0.02032127833393003,0.11381217,0.14238994,0.8501630527076728
20,4,0.01724163345148282,0.10308445,0.13129818,0.8775839265519155,0.014396772087950791,0.09320894,0.11932497,0.8905603417590566
20,5,0.012950690008403959,0.088674895,0.11377855,0.9082015806036702,0.011352524959615298,0.0832005,0.105719745,0.9128439488049833
20,6,0.010795654755120522,0.081382066,0.103895545,0.9240043034389929,0.01026379902447973,0.078872114,0.10050774,0.9220726033182579
20,7,0.009286483810674921,0.07555801,0.09637774,0.9349395787464375,0.009656839172488876,0.077691324,0.09785952,0.9256047089079737
20,8,0.008742640835067657,0.072959766,0.09351438,0.9387979423775206,0.008409637492150068,0.07260369,0.09142891,0.9350843958788188
20,9,0.007778576677491035,0.06887511,0.088194296,0.9457641123499831,0.00837667316331395,0.0720942,0.09109736,0.9374723796785349
20,10,0.007429240391128392,0.067023374,0.086203545,0.9482921215531056,0.007738027272612921,0.068566956,0.08751587,0.9395901924996379
20,11,0.006122793564921089,0.060583323,0.078253366,0.9575478272171681,0.007995570045230644,0.069513455,0.08896709,0.9381945688009523
20,12,0.005882772512594673,0.05959374,0.0767032,0.9592588003655883,0.008028646931052208,0.07140333,0.08943325,0.9375991221939947
20,13,0.0056730193133840215,0.05873244,0.07532192,0.9607353983042948,0.00802803914328771,0.0707184,0.08930706,0.9393529851484166
20,14,0.004799002289737218,0.054080807,0.069270946,0.9668877005641221,0.007675742098529424,0.066396214,0.08694928,0.9419192837100977
20,15,0.004405245101122865,0.05131133,0.06636933,0.9696511262381473,0.008874607338969196,0.0730911,0.09318579,0.9365306644010355
20,16,0.0038686179029363615,0.049128108,0.062208813,0.9733827545813178,0.007542692008428276,0.06694822,0.08586586,0.9418640665352886
20,17,0.003358767141596736,0.044680662,0.057962712,0.9769338860683591,0.00840190693270415,0.071446516,0.09083219,0.9407898917672397
20,18,0.0029729157093276973,0.04196041,0.054527458,0.97961562107342,0.009997226547316782,0.07698086,0.099288605,0.9345558913723243
20,19,0.0032318372145582375,0.043702662,0.056846935,0.9778674620849324,0.009039991186000407,0.074306004,0.093730696,0.9302051292226745
20,20,0.0029288718202717117,0.041609332,0.05412089,0.9799250952249775,0.007870294137059577,0.06920827,0.08802965,0.9398897560895133
20,21,0.002182612253818661,0.036134697,0.046724044,0.985074256495189,0.008221134460265083,0.070229374,0.088927776,0.9374463528869365
20,22,0.0021276931843076286,0.035273407,0.046127442,0.9854547251675848,0.00832628136101578,0.0689637,0.0901764,0.9362384576161326
20,23,0.001841475164395905,0.033371992,0.042912897,0.9874264071035995,0.009084671303363783,0.071533985,0.09320021,0.9386134723790611
20,24,0.00197872744544592,0.03417466,0.04448231,0.9864811770252689,0.0082013895568837,0.067782156,0.08793831,0.9389003473932597
20,25,0.05146019307354674,0.16388792,0.22683826,0.5491908223340599,0.07072538909103189,0.22501299,0.2678491,0.757636573420325
21,1,0.10227938985156122,0.27218965,0.3198345,-0.11316888765057942,0.06200663612357208,0.21158525,0.25042054,0.3147585772429562
21,2,0.04785284247667154,0.1785533,0.21878079,0.6237523026560758,0.03071004937269858,0.14168292,0.17540054,0.7568803980302844
21,3,0.025034737407673743,0.12456244,0.15823814,0.8190843632693394,0.020857430828203048,0.1113367,0.144093,0.8396251806007858
21,4,0.01705086344818228,0.10249219,0.1305756,0.8777060102118337,0.01595383806021086,0.09510922,0.12565771,0.8793382941188252
21,5,0.012960646327619797,0.08879177,0.11383068,0.9079408807950875,0.011899085149967245,0.0839626,0.10849865,0.905875941598856
21,6,0.010865759415656467,0.08196008,0.10422262,0.9234591946778852,0.010721099928819708,0.07879988,0.103453465,0.915465066691606
21,7,0.009313635219097416,0.07453972,0.096519224,0.9347760337896209,0.012249109418397503,0.08561885,0.111011036,0.9185821228122446
21,8,0.00832093689834403,0.07013086,0.091228604,0.941842753801308,0.008889309047455234,0.07325836,0.094219856,0.9312742362245909
21,9,0.007406599574861613,0.06632603,0.0860544,0.9484763944051455,0.009574864458824908,0.0760205,0.09834039,0.9308570357096502
21,10,0.007092376458284523,0.06526895,0.08422771,0.9506595231241458,0.008354864299430378,0.06950845,0.091479674,0.9336752381351926
21,11,0.006186026570639599,0.060899675,0.07865643,0.9570986610046233,0.008070212539418467,0.06870582,0.09011031,0.9360704895221215
21,12,0.005561269384539016,0.058059733,0.07458072,0.9615278805829418,0.007770706475379744,0.068447806,0.08839123,0.938757527982494
21,13,0.005127083687503413,0.05615761,0.071609005,0.9645877466522726,0.00814371301592993,0.07073317,0.090438806,0.9358646570660804
21,14,0.0047483463231996394,0.05362041,0.06889521,0.9672552925336403,0.009608104226312466,0.07522667,0.098301366,0.9366451486608196
21,15,0.0042774663469971755,0.050807163,0.06539755,0.9705478049712617,0.008915074402466416,0.073906615,0.09452933,0.9323887035411514
21,16,0.003807183063510701,0.048508298,0.061705567,0.9738206931154268,0.008063810295425355,0.068091005,0.089574344,0.9365801861640878
21,17,0.003561421943758832,0.04587218,0.059686176,0.9755342914528246,0.008490310882085137,0.07154284,0.09222329,0.9374495383080369
21,18,0.003115268985014061,0.043396678,0.055815443,0.978633797320807,0.010841548476102096,0.07976692,0.10438006,0.9305060458327566
21,19,0.002874871517888436,0.041746914,0.053601332,0.9803231501945323,0.00937011934417699,0.07657589,0.09687791,0.9279376090300273
21,20,0.002537463070872614,0.039155398,0.05037887,0.9826244469124807,0.008922736858949065,0.07173331,0.09426177,0.935192655049965
21,21,0.0021741539653321014,0.03606258,0.046634473,0.985130711706237,0.008140907789181386,0.06924017,0.089861654,0.9373996239592004
22,1,0.0734533743114672,0.22639975,0.27104008,0.264384847795579,0.04849437763914466,0.17754024,0.22088017,0.5647950576518515
22,2,0.03768484001961824,0.15517184,0.19415231,0.7196379176061063,0.02497624812115516,0.12411119,0.15691678,0.8018792611894511
22,3,0.019870221288439547,0.1107564,0.14098091,0.8564555790591037,0.016514934466353486,0.10050455,0.12741606,0.8759567896383462
22,4,0.012807082759094573,0.089245185,0.113168366,0.9094665219946253,0.011854549370972174,0.08478768,0.107789785,0.9076885528429759
22,5,0.01085855767444194,0.08209798,0.104192734,0.9234622889984456,0.009726047316300017,0.075045384,0.09740212,0.926274430072941
22,6,0.008740371134497714,0.073533446,0.093474574,0.9389002314613231,0.009835888565118824,0.07814033,0.09840575,0.9328420415597158
22,7,0.007605763132657821,0.068177864,0.087224096,0.9470253910033788,0.008749813456753535,0.073468044,0.09297052,0.9354200779500732
22,8,0.006943789832990303,0.06459859,0.08333447,0.9517193035366884,0.007828489577929889,0.06849718,0.08784056,0.9423960279525442
22,9,0.006125586740585549,0.061209604,0.07826386,0.9575913643591555,0.008084599294566683,0.07013546,0.08906796,0.9405967771850514
22,10,0.00574294545700791,0.059288245,0.07578761,0.9602457653845329,0.007143848875005331,0.06425802,0.08397731,0.9444790656407048
22,11,0.004862304205710295,0.053812183,0.0697362,0.9664435660685194,0.006892960468706276,0.06197128,0.08207505,0.9473533495305337
22,12,0.004396266887121111,0.051540345,0.0662947,0.9697238891557711,0.007134874609099435,0.064612195,0.08335232,0.9459081171094784
22,13,0.0037566325028870846,0.047546614,0.061295602,0.9741690310608954,0.007572848283286605,0.06691204,0.085791424,0.9432972059769998
22,14,0.003349400789664066,0.04450558,0.05787265,0.9770076650413078,0.007981749534207796,0.06729538,0.08768967,0.9432056628261274
22,15,0.002939813519027258,0.041729487,0.054216217,0.9798483932793213,0.008843125160118299,0.07157677,0.091840014,0.935380572278795
22,16,0.0026361025852438447,0.040402643,0.05135149,0.9819423282029571,0.007500763300673238,0.06540426,0.084668316,0.9436191982119904
22,17,0.002228381937461096,0.036245786,0.04721035,0.9847589883085968,0.007465763749288661,0.06519201,0.08461649,0.9435682914136863
22,18,0.002143875903027811,0.03533765,0.04630106,0.9853441256833834,0.008920332649722695,0.071354024,0.09305905,0.9377555975869283
22,19,0.0021624787042578944,0.035599053,0.04648592,0.9852273591174197,0.008401384460739791,0.06833171,0.089058034,0.9388791146710727
22,20,0.0021919055129771305,0.0357837,0.04681553,0.9850199427659465,0.007650011867683913,0.0663087,0.086008,0.9421659428733787
23,1,0.07673770998752563,0.22505932,0.27703002,0.059079595359191404,0.04562606955213206,0.1779207,0.21702902,0.6161813719715254
23,2,0.03353588085482332,0.14498025,0.18315983,0.7671398189359774,0.021019458504659787,0.11051837,0.14556405,0.8354127448607493
23,3,0.017036732534277385,0.10304061,0.13052763,0.8807034745910741,0.0143994285525488,0.08762691,0.11925207,0.8875070858820145
23,4,0.011892112755329809,0.08513502,0.109054595,0.9160031519335804,0.011846328786175166,0.08027463,0.10820785,0.9068767050153016
23,5,0.009638795485528552,0.07686463,0.09817295,0.9323619941198,0.009734499301495296,0.07274645,0.097626,0.924535385166264
23,6,0.008345566002356114,0.07095519,0.091342054,0.9417153466450783,0.009238386077673308,0.07175123,0.09549768,0.9288603088363327
23,7,0.007370005009225874,0.066972435,0.08586039,0.9486858616132523,0.008601890128505017,0.06996757,0.09235249,0.933330237587934
23,8,0.0063301357505930085,0.061818335,0.079570934,0.9560828825545978,0.009097470436245203,0.07323357,0.095062725,0.9330853820913206
23,9,0.0060219143008134355,0.06021797,0.07759709,0.9582769391694208,0.008312084479257464,0.07104962,0.090566754,0.9353700135046255
23,10,0.005093861547533736,0.05505884,0.07137393,0.9648332293055897,0.007932426341410195,0.06815227,0.08796927,0.9391299435161978
23,11,0.004465723897669917,0.052302983,0.06682413,0.9692223794146173,0.008328218162725014,0.06981076,0.09027669,0.936228984928098
23,12,0.003926261686110677,0.04836542,0.06265999,0.97299672415715,0.009078977230404104,0.07243323,0.09418046,0.9326412549462711
23,13,0.0033451522761416214,0.04505246,0.057842623,0.9770359707906949,0.009008692078558462,0.0717387,0.09366867,0.9307792777147776
23,14,0.0030737771472031964,0.042266175,0.055445723,0.9789143564820685,0.009528928752323347,0.07398432,0.09519125,0.9328675971359685
23,15,0.002678929235150811,0.039594773,0.051752195,0.9816842711091549,0.009262479093324925,0.07213519,0.09411825,0.930301072582848
23,16,0.002036666039542826,0.035158154,0.04513303,0.9860787968146862,0.009061625127547554,0.07350874,0.09361344,0.9320279419317936
23,17,0.0019948822174169056,0.03406329,0.04466707,0.9863706863047887,0.007725756715184876,0.065714665,0.08578533,0.9419875486157916
23,18,0.0018846800123236934,0.033324238,0.04340152,0.9871360369169866,0.008342974162327923,0.06927494,0.089332856,0.9381444735948296
23,19,0.0018689732436388818,0.03200805,0.04322608,0.987269417359248,0.008029303654828774,0.06821942,0.08701555,0.9405686313731337
23,20,0.0018575886331355007,0.032267172,0.043106396,0.9873091836629696,0.008284028286912612,0.0699491,0.08894294,0.938325747357782
23,21,0.001943420487941269,0.03324712,0.044079937,0.9867399416793171,0.008317243457505745,0.06793552,0.08876312,0.9377582713543918
23,22,0.0016249199125863542,0.030795835,0.0403104,0.9889153302823072,0.0084736262381609,0.06871343,0.089828305,0.9373235030295329
23,23,0.0014077693166289582,0.028464861,0.037527923,0.9903978985000963,0.008754217498270529,0.07019869,0.09143166,0.9365130049711934
23,24,0.0012907138250433082,0.027490692,0.035929777,0.9912078974850174,0.007750607669420008,0.06367052,0.08533426,0.9426264088587009
23,25,0.0011175843888663068,0.02496651,0.03343345,0.9923852355168764,0.008711940509134106,0.06814278,0.090852626,0.9364931052075435
23,26,0.0012585715100791514,0.02608713,0.035482768,0.9914195775646755,0.008321570797956415,0.06749294,0.088499166,0.9445277758910906
24,1,0.02833112374178752,0.12439552,0.1682436,0.7867760462043459,0.023476921385113033,0.10862161,0.15429679,0.8158627855863457
24,2,0.01468160319064252,0.091376916,0.12116208,0.8955127706319872,0.01651391904521949,0.09222956,0.12940189,0.8632899378735166
24,3,0.009963015384621762,0.07666494,0.09981456,0.9302198588218616,0.019970404166955887,0.10232802,0.14230838,0.853144380007712
24,4,0.006584867071477309,0.062217414,0.08112745,0.9544281057686556,0.01733623176739827,0.09528496,0.13205834,0.8598668629357183
24,5,0.005174706792216813,0.054942306,0.07195241,0.9643558665736611,0.013491091954401109,0.08534239,0.11662425,0.8944959257531041
24,6,0.0038927153728874598,0.047895465,0.0623976,0.9732888581815576,0.015301876430856754,0.08769,0.12424166,0.8792504698777364
24,7,0.0036301695896650142,0.04529741,0.06026635,0.9750992775608819,0.015389578759183039,0.088850625,0.12490693,0.8798764366817011
24,8,0.0027859451962778674,0.03988243,0.052791387,0.9809370988283427,0.016052660586326425,0.08787124,0.12735443,0.877151474957007
24,9,0.0026025733269502737,0.03862151,0.05101984,0.9822166085364678,0.013962397635353866,0.08404908,0.11874141,0.8900939637880637
24,10,0.0025293840815584613,0.03753282,0.05029981,0.9827284911987033,0.01584489694990528,0.08796142,0.12671517,0.8768783089999881
24,11,0.0020469424508799796,0.034242008,0.045252346,0.9860119981095838,0.014329205164728962,0.086231776,0.12051402,0.8883443362407262
24,12,0.002016972579423335,0.03360184,0.044866905,0.9862644811557886,0.01416332714682169,0.08465492,0.119813345,0.8936960727562776
24,13,0.0019513707103070484,0.03326782,0.044177353,0.9866857161359396,0.013798417549373375,0.08271675,0.11814,0.8879207360384787
24,14,0.0018725317447639677,0.03210367,0.043284155,0.98722411838191,0.017423058575163682,0.09338977,0.1329141,0.8893667351962375
25,1,0.031843628962692876,0.13315034,0.1784013,0.7609325401201898,0.022798456398218318,0.10851347,0.15193032,0.8265343205423061
25,2,0.015628542437255664,0.09587542,0.12500739,0.8894952371362241,0.01903450128480068,0.09648611,0.13885984,0.8477060771118534
25,3,0.012740875561406104,0.086567335,0.1127986,0.9117330262214475,0.025931649975030235,0.117453076,0.16159868,0.8420273610207822
25,4,0.007565808529965852,0.06662484,0.086970784,0.9475140536264641,0.016589183846479973,0.09223267,0.1296581,0.8691286752444315
25,5,0.005970584961917063,0.059611488,0.077275395,0.958818037632973,0.01747603744324469,0.096659824,0.13294356,0.8933799821018937
25,6,0.004529346095279205,0.05073362,0.0673024,0.968960150147135,0.014776767894444574,0.085124165,0.12226971,0.8881445562373598
25,7,0.0038112070459111434,0.04737047,0.061744303,0.9739435612008788,0.016562503637504524,0.09273741,0.1295539,0.8927428445690377
25,8,0.0031371658922444536,0.042874653,0.05602084,0.9785205264261718,0.019045355251162417,0.095257126,0.13891776,0.8656943898590762
25,9,0.0027925039892103664,0.039888997,0.052837092,0.9809216923902445,0.013229263886050493,0.083122306,0.1157344,0.8939236410514497
25,10,0.0028484025232645652,0.040904716,0.05338146,0.9805633661037252,0.015745734060786803,0.09208744,0.12619409,0.8860082025908231
25,11,0.0030696243456901848,0.04192522,0.05540167,0.9790432793810243,0.015931768398904415,0.090420984,0.12703615,0.881657697372296
25,12,0.0024315028155720837,0.03698869,0.049279377,0.9834087353512033,0.01555279627037062,0.08874041,0.12526287,0.8922745609272273
25,13,0.00234983719587307,0.036088064,0.04846329,0.98398658887858,0.012987108738916167,0.08134615,0.11474049,0.8939366857801395
25,14,0.001899224122872026,0.03295288,0.043576397,0.9871007120214694,0.014445026828154907,0.08239078,0.12103034,0.8913523574482256
25,15,0.0019260478824877265,0.032747094,0.043892138,0.9868728746672076,0.014415796988436745,0.085445315,0.12089182,0.8905348075776962
25,16,0.0021547274326341346,0.034067433,0.046418343,0.985326731550137,0.012281183300122697,0.0786112,0.111597076,0.9020270188053893
25,17,0.0020745219185343312,0.03439866,0.045539085,0.9858960195492776,0.013941693361158724,0.08387136,0.118822426,0.8955207232213396
25,18,0.0019226695561900388,0.03260598,0.043681037,0.9870241006021391,0.013036002825376473,0.08045073,0.114757724,0.8939428999930771
25,19,0.001613817776838302,0.029825136,0.040182717,0.9890106854137319,0.015117935086908363,0.08877609,0.1238178,0.8859134994668701
25,20,0.001603787069729933,0.029547257,0.0400397,0.9890947545489573,0.014142155459180853,0.0830927,0.11974442,0.8880624645887331
25,21,0.0013259918007725417,0.026670955,0.036398,0.9909781331647657,0.016684737606232777,0.09121184,0.1300516,0.8808524526811742
25,22,0.0013579178486023045,0.027354978,0.036840864,0.9907612885850312,0.016235757545843995,0.08987878,0.12793511,0.8934358306182197
25,23,0.001714382286687294,0.030575806,0.041413464,0.9883560984374957,0.017901978303025652,0.09313478,0.13466215,0.8799975343404318
25,24,0.001473793892745281,0.028474484,0.038399752,0.9899846940405016,0.014238957161810336,0.08268515,0.12010594,0.8918895884139614
25,25,0.0011707413125095288,0.02523337,0.034221653,0.9920346544570959,0.014504664150687555,0.085722335,0.12121794,0.8911551380256424
26,1,0.02556824755440651,0.11886684,0.15976901,0.8103606342791443,0.02551744367789339,0.11503542,0.16054498,0.8199139118084133
26,2,0.013479607297060249,0.08726378,0.116107,0.9047111745640356,0.01641106932745768,0.089248925,0.12870014,0.8700217055623418
26,3,0.009356380407110936,0.07333179,0.09673984,0.9347314042509954,0.020609396616540227,0.10396061,0.14381132,0.8665343224243683
26,4,0.0054854909579763805,0.05630985,0.07408016,0.9621320400974991,0.015876589858736325,0.08998992,0.12685765,0.8802561934483104
26,5,0.0038933912750780167,0.046902966,0.06240865,0.9732222332304795,0.01662970468573298,0.0880263,0.12979236,0.8713039863389284
26,6,0.003151788982717692,0.042404376,0.056153595,0.9783860600952414,0.014923996580937118,0.08387538,0.12256018,0.8811596892275544
26,7,0.0026462107864029002,0.039109062,0.051416475,0.9819157246456036,0.013870052146591694,0.08130327,0.11852592,0.8863616031879122
26,8,0.0023973141803261882,0.036082402,0.048970085,0.9836074517538036,0.015857496679355217,0.0888764,0.12679502,0.886321960640911
26,9,0.002321959038233226,0.03570172,0.048199486,0.9841336939625481,0.0143265719633308,0.08086049,0.12040826,0.8918295904556006
26,10,0.0024959365064290487,0.036502417,0.049952935,0.9829901643424759,0.013598005312225589,0.081646845,0.11742862,0.8909452932948937
26,11,0.002537996196135163,0.036877126,0.050391503,0.9826566948538193,0.014728762614713222,0.08511399,0.12200902,0.8853718774400291
26,12,0.002088038715088243,0.03421061,0.04565739,0.9857807693701245,0.016740175657172653,0.09344083,0.1298836,0.8882848633338772
26,13,0.001815224305327294,0.031923898,0.042616334,0.9876139450396899,0.013623551538061022,0.08134536,0.117534086,0.8900937190124825
26,14,0.0017881831702006566,0.0317266,0.042287588,0.9878029033386535,0.017528681538317836,0.097180076,0.13289867,0.8897859987400971
26,15,0.001808402608951829,0.03162739,0.04252873,0.9876645741127362,0.014957679303026654,0.08588781,0.12314404,0.88567645042762
26,16,0.0014837213822498155,0.02834299,0.038493972,0.9899068788084467,0.01756925460143032,0.093693726,0.13338734,0.8880028357364845
26,17,0.001757124874750835,0.030990925,0.041922394,0.9880235280671534,0.013485495776236619,0.0795097,0.11693563,0.89316848866166
26,18,0.0019221551267258282,0.03225773,0.043663904,0.9870128902809044,0.016230483103922947,0.085441045,0.12816292,0.8719714861542931
26,19,0.0016482031774910728,0.030606395,0.040606216,0.9887633137239602,0.01469547694877191,0.08334729,0.12206866,0.8887363846797353
26,20,0.001396963402729402,0.027442906,0.037371125,0.990501059601796,0.015607961455922728,0.08496131,0.12579222,0.8873008084976707
26,21,0.0011512727795821077,0.024732962,0.0339333,0.9921563535390783,0.015838122929077752,0.086819544,0.12650634,0.8857484991007211
26,22,0.001107884258914548,0.023967259,0.0332919,0.9924522500286341,0.014370147484846206,0.08240425,0.12052467,0.889641070711472
26,23,0.001208011350044956,0.02526482,0.034756497,0.9917841183893978,0.014609077228535036,0.0818348,0.12163653,0.8871721375496131
26,24,0.0012578006172572086,0.025884178,0.035473306,0.9914305345923738,0.014209641906846728,0.08235168,0.11982062,0.8932540146874755
26,25,0.0011023947692686128,0.023731338,0.033209898,0.9924957072213505,0.01485153329472437,0.08552189,0.12266355,0.8818331831147489
26,26,0.001077624983379316,0.023347165,0.032835014,0.992662217289493,0.015508028745427038,0.085857674,0.12510352,0.8871089698034712
27,1,0.02987797509660731,0.12906137,0.1728207,0.778332571094574,0.0200938527314402,0.10449552,0.14274028,0.8291625289609137
27,2,0.015481895038910553,0.0928212,0.12441411,0.8906948637083175,0.019378397781919274,0.101207234,0.13954452,0.8659936180933162
27,3,0.010724981374525634,0.07936993,0.1035718,0.9255440959559428,0.025370065174582932,0.117769234,0.15946436,0.8569641085766873
27,4,0.007047493239578021,0.06325376,0.083949834,0.9513312734563285,0.017295850186470757,0.094440766,0.13239463,0.8679318294245905
27,5,0.00637004176097205,0.061527845,0.0798172,0.9560037278992282,0.01866236503270489,0.10144638,0.13734163,0.8877630060673413
27,6,0.0033919882547893947,0.044814594,0.0582556,0.9767211360071271,0.01589454929947991,0.09126602,0.12671505,0.8882261212722896
27,7,0.002730269527329876,0.0392689,0.05226003,0.9813233150705799,0.01595078238406805,0.09026014,0.12712535,0.8825753300872435
27,8,0.002445525137883574,0.0373903,0.04946185,0.9832654109268946,0.01394712932408395,0.08414631,0.11892001,0.8902805547615391
27,9,0.002328748694215341,0.036034495,0.048221532,0.9841190450804537,0.01350906637768882,0.08115519,0.11701086,0.8924723792868766
27,10,0.0023309572773533233,0.036749035,0.048283093,0.9840980344043189,0.01410927997764062,0.08365119,0.119557485,0.8918356626476672
27,11,0.0025839073578281728,0.03762687,0.050817683,0.9823889481211249,0.015578891944541182,0.09050568,0.12549718,0.8843663696186425
27,12,0.0026336886301612486,0.038528863,0.051273774,0.9820908852996867,0.01477588795090991,0.086116515,0.122374535,0.8904174072683767
27,13,0.0029922292189915756,0.041660275,0.05470694,0.9796471987946267,0.012079390457849379,0.080864094,0.110675626,0.90133176638571
27,14,0.002650921399189403,0.038309343,0.051492855,0.9819406156369572,0.015017149529449448,0.088227145,0.1234043,0.885571975745904
27,15,0.0023366809255264266,0.036086123,0.048345316,0.9840756078257511,0.014364234175041525,0.08412006,0.12065584,0.8851075637278237
27,16,0.0020417089470815583,0.033383995,0.045194406,0.98606281970868,0.013471598127378255,0.081211574,0.11685866,0.8951085656826083
27,17,0.0020191557118055797,0.03308266,0.044946376,0.9862804022739323,0.01401426619903995,0.08479841,0.119192734,0.886577874879114
27,18,0.0018323603088111523,0.03129236,0.042632535,0.9876090853284156,0.01345394651569357,0.08293488,0.116656326,0.8928486160837422
27,19,0.0018866839215329959,0.03231595,0.04343998,0.9871925641219026,0.01443491137642586,0.08549519,0.12097614,0.8849591643525425
27,20,0.0017722466990792178,0.031343862,0.04209775,0.9879298824450263,0.013716831361779003,0.08357335,0.11793399,0.8884408965268404
27,21,0.0020268376082614816,0.032723393,0.04502013,0.9861831710382878,0.014569033885857573,0.08489186,0.12147428,0.8898349090609907
27,22,0.001970713338463798,0.031936776,0.04439529,0.9865681407470321,0.01997053415053179,0.10149842,0.14192455,0.8808042966600738
28,1,0.027728552513355476,0.12406209,0.16646558,0.791030423444342,0.02407358823068164,0.10968204,0.15554354,0.8241348423363963
28,2,0.01404126891409369,0.09096924,0.118499,0.8999240121225565,0.017774058074724895,0.09541253,0.1330909,0.8602077525199904
28,3,0.00944134984850866,0.074000746,0.09718007,0.9337972873608903,0.015313378328250514,0.09018194,0.123722814,0.876313160355833
28,4,0.0065616152387179836,0.062180378,0.08100554,0.9544451912023726,0.014210889021072674,0.08626726,0.11927712,0.8862942612973245
28,5,0.006026906395444177,0.06018463,0.07763286,0.9583228740669109,0.015903015698616702,0.09220347,0.12581542,0.8771538503943541
28,6,0.003929157038251913,0.048580203,0.06268543,0.9730351936382039,0.015618911978823168,0.089955986,0.12479216,0.8788857869885619
28,7,0.003447039013132279,0.044549886,0.0587192,0.9763244097872593,0.015319390653598088,0.08807794,0.1237653,0.8835410595470592
28,8,0.002659646226811249,0.039889775,0.051555626,0.9817999165101468,0.014392917027214059,0.085384816,0.11997057,0.886666345584303
28,9,0.00223044331648461,0.036145948,0.047229283,0.9847470663128718,0.015125229411448041,0.086461924,0.12265323,0.8882323197129433
28,10,0.0020025046198208878,0.03378626,0.044745635,0.986323168772514,0.0137315492697612,0.083419725,0.1171018,0.8937527621745631
28,11,0.0019802554777364257,0.03395336,0.044500556,0.9864719353355353,0.015817904189504958,0.08916561,0.12546706,0.8846075840483971
28,12,0.0019380011335075136,0.033273447,0.044007067,0.9867706829493865,0.015754904882568452,0.0877022,0.12512265,0.8821617150132041
28,13,0.001725080137798741,0.031153401,0.04154147,0.9882264980177411,0.013088355616976818,0.081698954,0.113860674,0.8966632899484951
28,14,0.0014986399835613166,0.02905718,0.038714416,0.9897807231014951,0.014896533503714535,0.084745556,0.1217144,0.8846782969788285
28,15,0.0013931518704543395,0.027642705,0.037326552,0.9905001163003149,0.015289630490803608,0.08764405,0.1231305,0.8889321221005257
28,16,0.0013251278124979226,0.026981445,0.0363861,0.9909767714409938,0.013350132645832168,0.08079419,0.11534886,0.8927889595133085
28,17,0.0012820118343404268,0.02627219,0.035808284,0.991261465648919,0.013551811894608868,0.08233326,0.116053425,0.8926911864656065
28,18,0.001190815466509427,0.025043672,0.03441613,0.9919293368747121,0.014057572163572465,0.082937986,0.11824797,0.8894576403008079
28,19,0.0011415392691220558,0.024718052,0.033778828,0.9922263338146969,0.01472254845969103,0.08677903,0.12100101,0.8893286540769682
28,20,0.0011870779147943934,0.025495047,0.034457143,0.9919097708936724,0.015372320052443279,0.086868,0.123888634,0.8872221769895695
28,21,0.0011761045119035379,0.025219036,0.034301814,0.9919843687778479,0.014186812719951073,0.08282683,0.11874938,0.8900884073946371
28,22,0.0011036436950472928,0.023456408,0.03322042,0.9924825600016866,0.014408156211074028,0.08365807,0.119757794,0.889287032197343
29,1,0.028022431281055804,0.12457272,0.16735509,0.7906759965736259,0.021141573510788107,0.103126965,0.14564809,0.8288362749381017
29,2,0.014822201377377088,0.09463922,0.12175519,0.8946869287529681,0.01818798305639238,0.09629468,0.1347751,0.8507465402643775
29,3,0.009645076327691742,0.07407983,0.09821705,0.9324525579051011,0.019509936562152923,0.104564704,0.13954857,0.8526721025708615
29,4,0.006544778805669989,0.061981976,0.080901116,0.9546705615896931,0.01726841135812854,0.09764825,0.13104255,0.8680038037110185
29,5,0.0060835902113467455,0.060222436,0.07800526,0.9580486215931661,0.01588456537919464,0.09104843,0.12551592,0.873063688992387
29,6,0.004301040672297834,0.0503629,0.065580115,0.9704956635131379,0.015366654204963534,0.09004539,0.12356145,0.8772704745275931
29,7,0.003851434437037994,0.047793522,0.062073953,0.9735473615536533,0.015613638545834908,0.09001272,0.12457705,0.8809238953325039
29,8,0.0031100950583545753,0.04243944,0.055758778,0.9786933392455571,0.01572097417967463,0.089004375,0.12501821,0.8832535329177879
29,9,0.002865282261146289,0.04070535,0.053536005,0.9803807950116712,0.017626707787039102,0.09300751,0.13263988,0.8792500275543502
29,10,0.0026054190693855085,0.03825258,0.0510492,0.9822173134615432,0.0180021821072808,0.09614869,0.1339802,0.8802557452235998
29,11,0.002120827508015367,0.034843873,0.04605223,0.9855148980618822,0.015562557011704755,0.08747127,0.12412351,0.8861992324554748
29,12,0.0017243428022500615,0.031349327,0.041498926,0.9882475098974711,0.016727909600983065,0.09209779,0.12869434,0.8798350202224902
29,13,0.0016746446241069233,0.030354802,0.04092535,0.9885747262697023,0.014131474412149854,0.086486295,0.11844188,0.886980322795734
29,14,0.0018263677067518296,0.031822998,0.042725567,0.9875516968290244,0.015392699563461874,0.08630741,0.1236964,0.8887656951220397
29,15,0.0016789945691364826,0.030817963,0.04096571,0.9885585367881886,0.016713522184916115,0.09230785,0.12882008,0.8809275603925674
29,16,0.001573109372138703,0.029895745,0.039661933,0.9892700976180246,0.01446566990300737,0.0852795,0.12001371,0.8869340817278345
29,17,0.0015119338836102033,0.028351668,0.038878404,0.9896958760396268,0.013740682086251952,0.08423033,0.116850816,0.8939343045924855
29,18,0.001481060016052754,0.028245052,0.03839143,0.9899523674289162,0.013293338465262894,0.08229301,0.11474706,0.8938265974907488
29,19,0.0016584491779688838,0.030060034,0.040729117,0.9887007443526463,0.01586142648011446,0.089477554,0.12533931,0.8844515649359341
29,20,0.0014713811197167993,0.028621675,0.03835923,0.9899682044518967,0.019035236133883398,0.101533525,0.13779712,0.8844316663586241
29,21,0.0012813310996220213,0.025889456,0.035794225,0.9912746576415338,0.014364059522954954,0.08389868,0.11944122,0.8869964495900107
29,22,0.0012527558081903035,0.025610857,0.035402365,0.9914716056681275,0.014170469388503719,0.084247105,0.118653975,0.8892615218588429
29,23,0.0011932686511924922,0.024807358,0.034544785,0.9918728727348931,0.01394524386463066,0.08386146,0.11758834,0.8900978205063187
29,24,0.0010846130263017356,0.023717046,0.032929283,0.9926154201771054,0.014476233196479303,0.08273461,0.11979448,0.8923797309267083
29,25,0.0009987644850391738,0.022842761,0.031607,0.9932048578035148,0.014513605420857115,0.083947696,0.1199605,0.8859598578405888
29,26,0.0009295531531831763,0.021416495,0.03049166,0.9936703945753417,0.015376677952223906,0.08758194,0.12358321,0.8890894856151201
29,27,0.001177456598075011,0.02507965,0.034317162,0.9919861504754139,0.01404891724491285,0.08276903,0.118039384,0.8901534362128928
30,1,0.027360832976899764,0.12207919,0.16535173,0.7947821700255121,0.022534858176691666,0.10653216,0.15016079,0.8362139547788511
30,2,0.013506686663642421,0.08888568,0.11623265,0.9039422880137701,0.019426027718172582,0.09654311,0.13915947,0.8497385594209107
30,3,0.00812474348980533,0.06866069,0.09014995,0.9433155783979342,0.016549094493880315,0.09290887,0.1282546,0.8655398939808362
30,4,0.005592676880007836,0.057286695,0.074788585,0.9613359500998889,0.017185963629917415,0.08999307,0.13085723,0.8639353246535932
30,5,0.0043340883032521055,0.050811544,0.06584254,0.9701471321585439,0.01657912511964915,0.088840306,0.12839358,0.8731921553208469
30,6,0.003169923752984772,0.043377288,0.056295622,0.9782862901333876,0.01558983234550666,0.08691232,0.12449471,0.8749364741032846
30,7,0.0024771439023076546,0.03785256,0.049775094,0.9830419080586288,0.016174311818623985,0.08806882,0.12715325,0.8780005158209718
30,8,0.0018962651238750633,0.032782342,0.043536488,0.9870534960331989,0.017983016670095147,0.092834815,0.13432628,0.8762342349040952
30,9,0.0017525641781155012,0.031402122,0.041870482,0.9880321571610998,0.01585670717543474,0.08429669,0.12565535,0.8812615555820644
30,10,0.0014983421713742101,0.028949521,0.038707238,0.9897805793370252,0.016476185009297397,0.08782028,0.12832703,0.8789385566377974
30,11,0.0017706653693196947,0.03225454,0.04208317,0.987909785441156,0.016318720110036707,0.08750586,0.12769377,0.8769437521820777
30,12,0.0015605889328360496,0.029049283,0.03947912,0.989369801343165,0.01619647577818897,0.086625285,0.12718375,0.8749205621481077
30,13,0.0013902842332856517,0.02753482,0.03728457,0.9905246048797562,0.015033632685016427,0.084118605,0.122415185,0.882366752470514
30,14,0.0013265409575536995,0.026870113,0.036420528,0.9909587469226924,0.014784116030636209,0.08202853,0.12149982,0.8842890287208157
30,15,0.0011651377459440193,0.024835588,0.034125973,0.9920652739906762,0.01768748062076392,0.090376064,0.13291283,0.8735031977162898
30,16,0.0011014711590773192,0.024407784,0.033186376,0.9924978666767144,0.014266529974217216,0.08099664,0.11944231,0.887473222185655
30,17,0.0012485147207345984,0.025823833,0.03533735,0.9914936911366493,0.014898084569722414,0.08413767,0.12167336,0.8820697831855157
30,18,0.0010867721699537257,0.023860022,0.032871183,0.9926407248095326,0.014863267752203953,0.08320932,0.12167063,0.8810660743849227
30,19,0.0011110179298029663,0.024319174,0.033330653,0.992433003065531,0.015293992538419034,0.085096635,0.12333189,0.8801034962430908
30,20,0.0011940427252611528,0.024788812,0.034560468,0.9918645279777034,0.01570239350958555,0.08529738,0.1251229,0.8806096072400479
30,21,0.0012795493460535593,0.026281128,0.03575815,0.9912851907949416,0.014939390610110152,0.08428223,0.121953525,0.8809764940490848
30,22,0.0012808285299857217,0.026087437,0.03579064,0.9912731029406102,0.01676587165221227,0.08726709,0.12921537,0.8719233376707344
30,23,0.001112790826287025,0.024311563,0.03335843,0.9924239059855403,0.015381580692957397,0.08419798,0.12397475,0.88282647024242
30,24,0.000962602285126705,0.022529928,0.031029282,0.9934448994461176,0.015496696897402958,0.08495029,0.12433422,0.8827310762813009
30,25,0.0010155117224967738,0.02294214,0.03187066,0.9930839807159616,0.015486098912165121,0.08408626,0.1243647,0.8806686596315124
31,1,0.028323231944944884,0.122908875,0.16823588,0.7896951153171927,0.02165455982537457,0.10498695,0.14696239,0.8206342225315122
31,2,0.014147767036604895,0.09120047,0.11895552,0.8993630836095226,0.02007718242842842,0.09456128,0.14127992,0.8409071091064422
31,3,0.00869878071194915,0.0708027,0.0932752,0.9393609389175938,0.01693481642373458,0.090410456,0.1298102,0.8643359822496105
31,4,0.006101456772433768,0.059625298,0.07811042,0.9578241121576974,0.014464407935048695,0.08634613,0.11969882,0.885620590037065
31,5,0.004740005117791018,0.05322518,0.06885443,0.9673551339649571,0.017294335463601682,0.08906906,0.13112922,0.8747506998658244
31,6,0.0035023979677287773,0.044977114,0.05917477,0.9760157273631428,0.015322605880943162,0.084457,0.1231022,0.884581919576054
31,7,0.002746155870524583,0.040358115,0.0524169,0.9812280754952748,0.01784142994114922,0.09013654,0.13338855,0.8720184572423987
31,8,0.0024898087050413244,0.03787186,0.049891647,0.9829761963527397,0.016818585788348207,0.08776017,0.12927634,0.8802563693531897
31,9,0.0020422767537698217,0.033856735,0.04519918,0.9860562991240502,0.014927628165524866,0.08091843,0.121745184,0.8862721970161396
31,10,0.0016980725520064131,0.030614631,0.041214205,0.9884128481196024,0.015418265471924786,0.08384629,0.12401969,0.8848883519625755
31,11,0.0016120473577349369,0.029576113,0.04015879,0.9890028514307807,0.015930562219754967,0.08648794,0.12585637,0.887435857283234
31,12,0.0018615973234790263,0.031420905,0.043119397,0.9873164322388276,0.015270646333832431,0.08689373,0.12302673,0.8911772636648176
31,13,0.0019441521381110684,0.032486696,0.044102084,0.9867268197039779,0.014351113095741582,0.08269746,0.119105585,0.8893037351212421
31,14,0.0018044675372744406,0.03145308,0.042465165,0.9877118816552866,0.018265742204945395,0.091872826,0.13479342,0.8785058678001084
31,15,0.0018130014339085476,0.031496808,0.0425868,0.9876371274491021,0.01619255063727636,0.08694309,0.12665932,0.8801273200059923
31,16,0.0015375054639679266,0.029109186,0.03919718,0.9895396029839638,0.013747313508281001,0.08102962,0.1170021,0.8938699075543596
31,17,0.0017418351274151812,0.030191816,0.04173543,0.9881184647658262,0.017053210922447895,0.09116798,0.1303141,0.8824398833823558
31,18,0.0021760682674684066,0.033657506,0.04659408,0.9851945872433606,0.013959883919192685,0.08378008,0.11811284,0.8869295625515963
31,19,0.001696925420924982,0.03025368,0.041192092,0.9884352834940715,0.014487975406356983,0.08441578,0.1200568,0.8844501062072344
31,20,0.0012719044651565245,0.02583431,0.035667025,0.9913318264411991,0.014164724025047488,0.08111684,0.118704416,0.892654534862196
31,21,0.0010397874551094093,0.022986487,0.032242958,0.9929223685790827,0.014389423744028641,0.081154265,0.11942108,0.8911689398861866
31,22,0.0010334104983621302,0.022920284,0.03214768,0.9929685476863482,0.01479373585122327,0.08352816,0.121354215,0.8851732339212556
31,23,0.0011552375793730662,0.0241888,0.033992402,0.992144143589449,0.014148726278950495,0.081527,0.11856989,0.8909902170666537
31,24,0.0009982311397341568,0.02252145,0.031593136,0.9932047234402054,0.01536631298734358,0.084318995,0.1234696,0.8914931066825269
31,25,0.000805897544906257,0.02027034,0.028394217,0.9945151037741468,0.014118584946522282,0.08244821,0.118254565,0.8900571476760909
32,1,0.0295400544826951,0.13054433,0.17187357,0.7761940389912548,0.022537740047222803,0.106749736,0.14911404,0.8147275716459478
32,2,0.014474112066118238,0.091410734,0.12031458,0.8964884428859822,0.019922327383288314,0.10051406,0.14008816,0.8408589063981508
32,3,0.010228400524470643,0.077523425,0.10113361,0.9280416715811773,0.017289539898878763,0.09581219,0.12913142,0.8647800864831111
32,4,0.007440522432797284,0.06678012,0.08626942,0.9481549431172757,0.016527702466451695,0.09193428,0.12606907,0.8739139815105789
32,5,0.005595401475623807,0.058505666,0.07480468,0.9612759613167515,0.01769277629708605,0.09265954,0.12955874,0.8770078871736086
32,6,0.004306199020384071,0.05101127,0.065604515,0.9703654439160546,0.01694117973758174,0.09322375,0.12853248,0.8690174672281034
32,7,0.003712889413070804,0.047265835,0.06094218,0.97447188959031,0.015960296416389092,0.088486955,0.1226829,0.8818654933975318
32,8,0.0030851935914491314,0.043407228,0.055541933,0.9788448429979937,0.016703514382243156,0.09226918,0.12530328,0.8753047626522374
32,9,0.002768015149528178,0.04028594,0.052597266,0.9810605442575392,0.016424799604075297,0.08922614,0.124226466,0.8781806196594643
32,10,0.0021997043007775862,0.036278836,0.046879508,0.984972257899813,0.01570189950455512,0.08888515,0.1225599,0.8813723795366221
32,11,0.0021296758547416565,0.035465226,0.046149287,0.9854501303683979,0.014742913955290402,0.08792918,0.11885992,0.887374965452721
32,12,0.0020226063658309247,0.034317184,0.04496461,0.9861879834488818,0.015034920802073819,0.085780516,0.12039557,0.8866061292809826
32,13,0.0016799655097763046,0.030845687,0.040988047,0.9885349062946248,0.015311673815761293,0.08611901,0.12187145,0.8879537565704824
32,14,0.0014756429863214562,0.029035281,0.038417164,0.9899376213750113,0.017163326032459736,0.09137593,0.12836398,0.8832745159208979
32,15,0.0015143401432286287,0.029270478,0.038913276,0.989673429085795,0.014252440804349524,0.084909976,0.1162678,0.8921125776249982
32,16,0.0012378863575237273,0.026134128,0.035185378,0.9915646831809359,0.015488379867747426,0.08651107,0.12253917,0.8871294198451137
32,17,0.001443067319401775,0.028100066,0.03799287,0.9901625411867377,0.01551101918864463,0.08490849,0.12199601,0.8887254456931645
32,18,0.0010913576164813799,0.024124209,0.03298583,0.992594979958449,0.014896312362647482,0.08526342,0.11950915,0.8885010392524826
32,19,0.0011550889567528617,0.024653945,0.033975456,0.9921364706716473,0.015420337656645902,0.08595554,0.12081513,0.8860563421384337
32,20,0.0012211104554111121,0.02590087,0.034946438,0.9916825115743451,0.014423137397638388,0.08377494,0.11789864,0.8928819731584912
32,21,0.0010483656385935252,0.023654249,0.03237905,0.992860845813419,0.01448290073312819,0.08369279,0.11722627,0.8903165894871337
32,22,0.001419557864227219,0.027826438,0.037679955,0.9903187612444089,0.01728843421941357,0.08817312,0.1293477,0.8828601146021842
32,23,0.001179064219005876,0.025041599,0.03434167,0.9919686026561791,0.01454244224753763,0.082801804,0.117805794,0.8937060594341742
32,24,0.0008889350588063527,0.021640446,0.029816704,0.9939564731166202,0.01564904731432242,0.08446994,0.121888906,0.8893936625789725
33,1,0.03338204041367101,0.13688499,0.18272434,0.7451768427367509,0.022869361897132227,0.108492605,0.1509199,0.8099336575176926
33,2,0.014664294302602795,0.09202953,0.121106096,0.8950991109546602,0.021960661546992406,0.10245602,0.14655241,0.8283232938373352
33,3,0.009778989685664529,0.075248115,0.098882735,0.9313616869040904,0.018263212970591018,0.09507191,0.13278182,0.8560285101490924
33,4,0.007428184706526243,0.066084445,0.086187065,0.9482794496867379,0.02151791811255472,0.10360227,0.14594169,0.8425094335920658
33,5,0.006366452173913054,0.061285183,0.079781346,0.9559113723064213,0.01832820026070944,0.09498325,0.1336417,0.8578783789560935
33,6,0.004733417447543241,0.053790078,0.06880152,0.9674011860507237,0.018086655364770974,0.09308335,0.13394585,0.8594373377899508
33,7,0.004288047854571003,0.050561883,0.065485895,0.9705296867101781,0.017778262263163924,0.09201707,0.13218494,0.8618638787033986
33,8,0.003228186457265586,0.044011056,0.05681722,0.9778472577290974,0.016126556721116816,0.08822449,0.12492621,0.874470393984285
33,9,0.003078620616459749,0.04254105,0.0554952,0.9788862682529805,0.01816002036710935,0.09406223,0.13357452,0.8592126854385411
33,10,0.00258786034243721,0.03839279,0.050848402,0.982313499021975,0.017118455609306693,0.091188334,0.1303151,0.871290945138028
33,11,0.0022189421829480293,0.03570968,0.047109816,0.9848394431284312,0.01714657702749329,0.0932641,0.13067761,0.8631289647183439
33,12,0.002312315543069043,0.036859784,0.048082918,0.9841941067129688,0.01663729704783431,0.089963816,0.12947012,0.8699950942722431
33,13,0.0019642185707028225,0.03372645,0.04432747,0.9865794990964215,0.016410833623792444,0.08924774,0.12742509,0.8771369643313374
33,14,0.0017277581041143493,0.03120743,0.04156207,0.9882147292526409,0.016110286548999802,0.088093676,0.1265674,0.8794239716029806
33,15,0.0016314195630588856,0.03004359,0.040396623,0.9888632867816417,0.01744283180284713,0.09135724,0.13088864,0.8715209448388457
33,16,0.0016524194224049973,0.030301133,0.04064892,0.9887239056645754,0.01607919973321259,0.08864506,0.12687664,0.8753362470093091
33,17,0.0014970428702012401,0.029031994,0.038697552,0.989787237460664,0.015748993626662662,0.08724868,0.12528129,0.8827373776602249
33,18,0.0013777911516176275,0.027441083,0.03708346,0.9906251769809433,0.01560464604491634,0.08806021,0.12426952,0.87954874138949
33,19,0.0012004444303282615,0.025710676,0.034642346,0.9918220251881817,0.015670905554933206,0.08696405,0.124143,0.880172530676368
33,20,0.0011557412092251895,0.024884662,0.033998135,0.9921254131534913,0.016496155111651336,0.08901138,0.12704454,0.879237947366258
33,21,0.0014234574437663656,0.028272575,0.037730504,0.9902930534576913,0.015761491875829443,0.08570704,0.12412173,0.8822040885556222
33,22,0.0010779195899800963,0.024382427,0.03283445,0.9926586521788714,0.016642939831529344,0.08898543,0.12810844,0.8791120116546073
33,23,0.00102495459951765,0.024051623,0.032019198,0.9930193373105263,0.015745072725362012,0.086801045,0.124487065,0.8819058860248414
33,24,0.0010081218045844618,0.023389189,0.0317512,0.9931375753350464,0.01596969964780978,0.087635525,0.12593712,0.8797955184740855
33,25,0.001015373956761323,0.022866687,0.031870745,0.9930829787763134,0.015218963247856923,0.08465155,0.12267033,0.8863032522603019
33,26,0.0008435398575503849,0.020388266,0.029046994,0.9942592941623454,0.015446590991424662,0.0860211,0.12363511,0.8832776957180687
33,27,0.0009346190726038538,0.022145715,0.030567748,0.9936391519192393,0.016816629196650217,0.0896199,0.1284677,0.8802564516081931
33,28,0.0009230057439368618,0.021430368,0.030379746,0.9937205255242096,0.015559649361031396,0.08707296,0.123905554,0.885613566798891
33,29,0.000945710656222252,0.022009498,0.030755404,0.9935613395868227,0.015567684745682138,0.086329855,0.12421485,0.882944897079155
33,30,0.0008771322380912394,0.021434037,0.029615326,0.9940344860707441,0.016069802355819514,0.08893608,0.12613165,0.8840066568417089
33,31,0.0008691348208638918,0.02127731,0.029479682,0.9940846279101895,0.014134619069019598,0.08293601,0.1179444,0.8881271466501546
33,32,0.0008993946747782544,0.021641195,0.029994877,0.9938758682226649,0.01484482828527689,0.083868586,0.1211838,0.886014926701655
33,33,0.0008599506611538677,0.02094462,0.029327596,0.994146067127983,0.014886193509612764,0.08341824,0.12109321,0.8860111121398866
33,34,0.000824835328368914,0.020922417,0.028718159,0.9943883011785464,0.016118300779323493,0.08858042,0.12670115,0.8838862827592765
33,35,0.0007306212079537179,0.01940797,0.027028495,0.9950305539950948,0.015758177897493755,0.08724382,0.12459772,0.8867224963926704
33,36,0.0007206728442835351,0.018895974,0.026843648,0.9950980136051029,0.015033298937071646,0.084709026,0.12190818,0.8824748653934518
33,37,0.0006900800443167372,0.01832195,0.026267178,0.9953072523891134,0.01609720495928611,0.08817541,0.12627295,0.8824840601670786
33,38,0.000654864434079946,0.018096082,0.0255889,0.9955478067890783,0.014266420172394387,0.08247255,0.11862735,0.8871311765641561
33,39,0.0007248657844497205,0.019194398,0.026910853,0.9950731179849307,0.01503153215162456,0.08409883,0.12183096,0.8815533165065773
33,40,0.0007117917603719544,0.019121768,0.026669044,0.9951639302198471,0.01614195790274867,0.08818604,0.12633038,0.8833510938529868
34,1,0.031335418238783275,0.13289961,0.17702341,0.7598660757423414,0.021289305362318243,0.10540709,0.14475815,0.8255747382915312
34,2,0.013875453323822156,0.08965483,0.117793456,0.9010283660151768,0.019040016357653906,0.09621562,0.1381083,0.8463913871914454
34,3,0.009126190479113677,0.07249416,0.095529,0.9361048471036811,0.016006118950567076,0.09141061,0.12505318,0.8738368427073675
34,4,0.005795943186287638,0.05905542,0.076144494,0.9598571329958789,0.01529791289275246,0.08792052,0.121359654,0.8839991718335034
34,5,0.004895340086605017,0.05337504,0.06997376,0.9662313434379934,0.01786586326280875,0.09138272,0.13123912,0.8808039744655463
34,6,0.0035385435836598556,0.045507204,0.05948035,0.9757078419023156,0.014762142074427434,0.083396144,0.119298555,0.888053842876866
34,7,0.002907795343595931,0.04187661,0.053935003,0.9800773955704745,0.015956946282780597,0.08762185,0.124705344,0.8917882832274201
34,8,0.002281377903647094,0.03643512,0.04775999,0.9844107847054413,0.014903507960428084,0.08398278,0.118797794,0.8869204906180119
34,9,0.002132422404437735,0.035069883,0.046183426,0.9854246481613225,0.016001159757641808,0.08516459,0.12385971,0.8846561327290963
34,10,0.0016813968878378657,0.031042175,0.04097717,0.9885448505650184,0.015574017406574317,0.08659746,0.12199338,0.8853048324195445
34,11,0.0016269216468453268,0.03051505,0.040336266,0.9889053334322664,0.01449983663457845,0.0844282,0.11852976,0.8875828947829171
34,12,0.0015645801684292574,0.029044615,0.039527036,0.989341006685328,0.015608952181147677,0.08573514,0.122673064,0.8798730340075611
34,13,0.0012914596582984847,0.026169594,0.035940647,0.9911957162420124,0.014982508162834815,0.08429673,0.11968793,0.8922085859570257
34,14,0.0011561130192272243,0.024677647,0.03400195,0.9921275527881075,0.015523583495191165,0.08440879,0.12169125,0.892933536263318
34,15,0.001086589243811355,0.02344468,0.032966338,0.992597636554131,0.01636233360373548,0.08737949,0.12498725,0.8873568528080971
34,16,0.0010267203174875266,0.023082424,0.03203975,0.9930101082729148,0.014572917084608759,0.084152,0.118623085,0.8898963196334962
34,17,0.0009605784347785689,0.022353739,0.03100006,0.9934569572485674,0.014834984937416655,0.08340685,0.11874646,0.8946393216142244
34,18,0.0009166798888918917,0.02150947,0.030198274,0.9937945413407713,0.01539365538129849,0.085468374,0.12128633,0.8901213497779125
34,19,0.0008782176942799554,0.020848403,0.029628402,0.9940249444252509,0.014960448423932706,0.08444242,0.11958125,0.8910293085921239
34,20,0.0008526715590340024,0.020879818,0.029205821,0.9941962763564068,0.015350942832550831,0.08503405,0.121229574,0.8887070132376677
34,21,0.0008817736846046679,0.021328222,0.029695649,0.9939978498290979,0.014270773373677261,0.08224722,0.11662363,0.8947968388867026
34,22,0.0010048167953576684,0.022998527,0.031690497,0.9931610985347059,0.01684966596907803,0.08969331,0.12742889,0.8825669048850602
34,23,0.00105360753248907,0.023704477,0.032460622,0.9928240955925715,0.015106786973774433,0.08401964,0.119948514,0.8924214671878293
34,24,0.0008106714872878358,0.020248977,0.028467499,0.9944872017086619,0.015179314750379749,0.08384669,0.12008548,0.8925105872372687
34,25,0.0008709204026060527,0.021210574,0.029514015,0.994071153965231,0.01393076394950705,0.0816301,0.115749404,0.8956309619501722
34,26,0.0007402709694513965,0.01901501,0.027211236,0.994963362642585,0.014719175939847316,0.08225172,0.118562646,0.8929279896861706
34,27,0.0008360741768254263,0.020514952,0.02891688,0.9943090446657681,0.017345638712868094,0.09078648,0.12905374,0.8903178525202154
34,28,0.0008708669777652771,0.02129217,0.029513566,0.9940716967574819,0.014465464295686356,0.08360635,0.11769217,0.8921867631709537
34,29,0.0006653279023654063,0.018321343,0.025791552,0.9954776613462774,0.01590973448141345,0.086353645,0.12373392,0.8897593154825686
34,30,0.0005837068568657274,0.016302623,0.024162993,0.9960307941118347,0.015105152802009667,0.08377742,0.12049394,0.8917225358121941
34,31,0.0005874574902765539,0.016888052,0.02424004,0.9960058369723608,0.01473705523780414,0.08373512,0.11850562,0.8905712492919777
34,32,0.0007162367107420637,0.018514102,0.026766893,0.9951282034376164,0.014803477230348758,0.08380877,0.11876096,0.8912998181115028
34,33,0.0006452767015489202,0.017606448,0.02540662,0.9956101102935118,0.015159348025918007,0.083973646,0.12061059,0.8894807816012757
34,34,0.0006231984366210194,0.017519994,0.024959099,0.9957646598061062,0.017070226204980696,0.09099144,0.12902085,0.8871181442119451
35,1,0.028963187861769834,0.12660372,0.17019111,0.7822106271854066,0.02399362696866904,0.109506615,0.15317024,0.8250522397289765
35,2,0.012989230884813538,0.08575286,0.113968894,0.9077131983732515,0.022644023344452893,0.1103399,0.14962548,0.8584698535531274
35,3,0.00820111163030161,0.0693207,0.090560876,0.9428557674225745,0.01647209775234972,0.09269947,0.12570986,0.8746712860315773
35,4,0.005244759650178532,0.0557156,0.07242454,0.963769657733079,0.017306622749726688,0.09081125,0.13003056,0.8695925127007179
35,5,0.00407824036447662,0.048297983,0.06384392,0.9719576970280194,0.017314027662255933,0.08940913,0.12763716,0.8718006358492275
35,6,0.003062810650896107,0.042360436,0.055343516,0.9789996790246211,0.01817490895544844,0.094390996,0.1339197,0.871981603736197
35,7,0.0025750974211711263,0.039170194,0.050751906,0.9823674053956775,0.016410056368580887,0.08888189,0.12624225,0.8767893825531389
35,8,0.0021274078117300556,0.03541336,0.046122573,0.9854583954555848,0.01567797183192202,0.08671858,0.12389228,0.8787851655335279
35,9,0.001818633004294047,0.032438673,0.042655487,0.9875772432820039,0.015712752040209516,0.084680654,0.12258455,0.8810995105058372
35,10,0.0016549716673129908,0.030412586,0.04063576,0.9887316511592008,0.015187825408897229,0.08563784,0.12072506,0.8850427134727524
35,11,0.001781656156581278,0.031399842,0.042218108,0.9878416044300373,0.015233819239905902,0.085584074,0.120772734,0.8863141668293184
35,12,0.0015264027624142956,0.028981445,0.039052352,0.9895959721807134,0.01446760372657861,0.083263345,0.11842043,0.8879730813970679
35,13,0.001222287436890651,0.025605313,0.034965422,0.9916695872928727,0.01530833272928638,0.08398134,0.121597506,0.8864933037911561
35,14,0.0011154641914094372,0.024021694,0.033399243,0.9924016900501349,0.016583570013088838,0.08854447,0.12686415,0.8855681804530345
35,15,0.001188389486121884,0.025194166,0.03447398,0.9919023076512264,0.015246693277731538,0.08387296,0.12076133,0.886308278557203
35,16,0.0011060460194266427,0.024129853,0.03326119,0.9924639758914229,0.015328200134847845,0.08419871,0.121505395,0.8891868260153297
35,17,0.0009087617007229982,0.021646053,0.030149555,0.9938150324430743,0.015892545825668743,0.0857475,0.12349231,0.8890923226727048
35,18,0.0009013822939514539,0.021729711,0.029965516,0.9938897954050087,0.01524203922599554,0.08350907,0.121055245,0.8859629782562901
35,19,0.0008308187893604877,0.020557815,0.028821254,0.9943472200772868,0.01496207168591874,0.08375076,0.11943191,0.8887155729674283
35,20,0.00083912730042357,0.020608582,0.028970722,0.99428767252607,0.015584069636783429,0.08677971,0.12316195,0.8863885737793391
35,21,0.00091235016412254,0.021994296,0.030208968,0.9937875790684009,0.015365514372076308,0.084679745,0.121479884,0.8860559732694289
36,1,0.08500913729582191,0.24403286,0.29149178,-0.01798722034262944,0.05762168986688333,0.19428279,0.24094725,0.38477694174747507
36,2,0.0454766249326852,0.16788201,0.2132594,0.628840636008313,0.034972307436099206,0.14474617,0.18774568,0.688780574708186
36,3,0.027778247420819666,0.13096136,0.16669536,0.7900638542188826,0.027850952894099196,0.12467679,0.16789128,0.7547124782861908
36,4,0.021034841381653135,0.11325719,0.14505532,0.8456469217010022,0.025955507462236307,0.11470578,0.16223519,0.7782602354709779
36,5,0.017069228522933227,0.10067862,0.13052173,0.8769171323279528,0.022072760756903637,0.10774277,0.14953452,0.8107406889166446
36,6,0.012956627044909977,0.088366166,0.11385206,0.9079927372780301,0.023064964429337392,0.108313546,0.15286246,0.8058566376169713
36,7,0.011694572210718799,0.083406985,0.108154014,0.9172639780356469,0.021407285250326688,0.10303682,0.14728528,0.8214524423100351
36,8,0.009525361215403613,0.07537914,0.097611405,0.9331974333407832,0.020307452885727224,0.09808314,0.1434787,0.8372804864166247
36,9,0.00790746494082932,0.06945166,0.088946216,0.9447971101277521,0.021656811539152707,0.09944451,0.14802484,0.8323315657158242
36,10,0.006532873883311665,0.06317017,0.08079887,0.9547046396192763,0.019873517332598567,0.09774832,0.14188576,0.8420324085336128
36,11,0.005672708785984987,0.05888091,0.07533107,0.9607428422286042,0.018298701496355027,0.09233884,0.13617449,0.8531236731804259
36,12,0.004845097853151252,0.05430594,0.06956719,0.9666107016012739,0.02177636479933022,0.10294342,0.14841752,0.8371292615152377
36,13,0.0044719658527296435,0.052358765,0.066886775,0.9691845842066394,0.018894885028539983,0.09334236,0.13838217,0.846915258752362
36,14,0.003959764373746035,0.049258746,0.06293329,0.9727577163052733,0.025295451379322372,0.11063836,0.16016036,0.8331552160305131
36,15,0.003956104793062784,0.048261657,0.06289591,0.9727962116756095,0.019702944403333176,0.09714698,0.14110708,0.8508831860609267
36,16,0.003812346628798546,0.04740311,0.061759435,0.9737847999565006,0.02315876176645462,0.106266126,0.15315618,0.8409847984813311
36,17,0.003634923084208711,0.045656875,0.060290128,0.9750416743272119,0.01830015515399821,0.0944543,0.13593772,0.8563050762098781
36,18,0.002812959763836023,0.040387608,0.052882165,0.9808453714304014,0.018337512151683093,0.09432527,0.13568959,0.850938075479457
36,19,0.0029839607950039675,0.04167689,0.054635048,0.9795496642900661,0.01819229957483778,0.093231544,0.13557318,0.8556030387107338
36,20,0.0032040062187066536,0.04246985,0.0566101,0.9780279673082335,0.0179427750494883,0.091456614,0.1346045,0.8543181989000493
36,21,0.002731514819613473,0.039409533,0.052268278,0.9812989782176242,0.01882691465423839,0.09721682,0.13815092,0.8584628553736721
36,22,0.0026589937519802165,0.03912779,0.051569067,0.9818162620561894,0.020166074335402635,0.102086656,0.14263253,0.8604708793637381
36,23,0.002631451782001923,0.03875162,0.051311117,0.9820060426192598,0.017988033347474237,0.09268033,0.1350358,0.8603266710204625
36,24,0.002307709837487407,0.035982195,0.04805142,0.9842153198569826,0.018055426739414945,0.09267178,0.135239,0.8566472248937292
36,25,0.002513482881776301,0.037232924,0.050144352,0.9828594437802792,0.01818164166360037,0.09390999,0.13578297,0.8584907660548077
36,26,0.002526489202906968,0.036997057,0.05026929,0.9827328327333754,0.01697579391610041,0.089316316,0.13106908,0.8675364098549294
36,27,0.0024612589700027288,0.0372505,0.049618658,0.9831942070025624,0.01792933606689244,0.09377206,0.1347885,0.8572856952725948
36,28,0.002317031820282048,0.036020536,0.048146974,0.9841821838366259,0.01667701290709913,0.09242531,0.13004526,0.8706931798458085
36,29,0.0022903402093370205,0.03596682,0.047842484,0.9843889721025244,0.01657281317791246,0.0923029,0.1295091,0.8668175037670199
36,30,0.0023401837266417407,0.036486644,0.04837229,0.9840539586835627,0.02002938629421233,0.10042404,0.14244576,0.8552910962163095
36,31,0.0023870868695182517,0.03678933,0.048845787,0.983721171584022,0.017296878276047884,0.08851953,0.13235968,0.8657815817600372
36,32,0.0018943162802222283,0.032221127,0.043486726,0.9871227240508151,0.016604569316432054,0.088984616,0.1297361,0.86391334372072
36,33,0.0015099760726838569,0.02799843,0.03886092,0.9897056310880123,0.016163632044346607,0.088278,0.12797418,0.8729371907580457
36,34,0.0015241518632885737,0.02885798,0.039048202,0.9896113514976153,0.016478382088718244,0.08879811,0.1291324,0.8691935149501089
36,35,0.0016854432496304376,0.029572379,0.04105804,0.9885469743136512,0.016770522753682196,0.0887864,0.13036844,0.8603960535764424
36,36,0.0016195959755622485,0.029624613,0.040170643,0.9890040158685811,0.02103210418243651,0.10631038,0.14589587,0.8676781225407466
36,37,0.0014868120414295472,0.028007044,0.038558334,0.9898696151411994,0.015734124514522222,0.08594788,0.12631032,0.8790886590137647
36,38,0.0012714153587192957,0.025884354,0.035642423,0.9913522855492795,0.016359555735511497,0.08939801,0.12876499,0.8804202297196092
36,39,0.0011148697736711954,0.023795716,0.033373274,0.9924232581660826,0.01517847671682291,0.085614935,0.12400334,0.8760853738018552
36,40,0.0011619457796794483,0.024434254,0.034090176,0.9920886206487003,0.017485920180240134,0.08897113,0.13316207,0.8617750647433942
36,41,0.0011740846386312336,0.025360268,0.034271568,0.9920006934144148,0.015504100068129547,0.08561875,0.1253697,0.8767450155974977
36,42,0.0011477355377554265,0.025122179,0.03387808,0.9922000516697232,0.01445919880427903,0.08297402,0.12100225,0.8817925916007383
36,43,0.0011465915291563056,0.024349803,0.03386312,0.9921959874321897,0.020856007485202065,0.101108946,0.14538847,0.8631229157676615
36,44,0.0009777229176228435,0.022235962,0.03126194,0.9933541466474857,0.015193177501916781,0.08678193,0.12411628,0.8805842677063332
36,45,0.001072326544472672,0.024036031,0.032755267,0.9926964748907069,0.01561415719468776,0.08563899,0.12583038,0.8764893838807072
36,46,0.0009066219012376006,0.021360682,0.030106016,0.993832988768771,0.016089849023113924,0.08721652,0.12771443,0.8783519424918792
36,47,0.0009109218099693633,0.021826386,0.030150464,0.9938143812931123,0.015870826458181168,0.08578342,0.1268541,0.8763293225011097
36,48,0.0009305667719256285,0.022219928,0.030508827,0.9936674366238165,0.015351832938344396,0.08628668,0.12477184,0.8786223279042814
36,49,0.0008530277326503765,0.02062996,0.029213635,0.994194126327315,0.01559868563183247,0.08538859,0.12575814,0.8744997717845325
36,50,0.0008298936481219881,0.020410514,0.028814213,0.9943573514431843,0.015684592704659467,0.08485532,0.12610969,0.872801431311491
36,51,0.0007317456987391643,0.019039147,0.027043758,0.9950251027308943,0.01459267687325202,0.08378936,0.12151996,0.8813391980682066
37,1,0.0663563747135226,0.21041001,0.25755394,0.3248330698121442,0.04527068934920761,0.17115654,0.21335001,0.5803346218626422
37,2,0.03999400024452447,0.15624957,0.20000143,0.6779692015001421,0.02869331938887222,0.13227579,0.16997942,0.7504845372952065
37,3,0.025657890544046658,0.12476162,0.16021729,0.8077803255276153,0.0230587537473723,0.11436527,0.15265806,0.802986039913215
37,4,0.018986263028161043,0.10640877,0.13781974,0.8617830998430701,0.021555512051894203,0.10748065,0.14784825,0.8200054100717065
37,5,0.015839913027648266,0.09707646,0.12579292,0.8861801023716441,0.01833994101347074,0.09930907,0.13636325,0.8461601474314301
37,6,0.012744750202226532,0.087570526,0.11289874,0.909446731227334,0.018543616221803758,0.10104411,0.13705803,0.8464646914892787
37,7,0.010486483719296728,0.07926122,0.10242354,0.9261108563009166,0.020296339523863734,0.100213766,0.14346303,0.8490781959169797
37,8,0.009232790087021683,0.073659636,0.096089125,0.9353387841414187,0.017192730765263724,0.09105105,0.1320173,0.864207776421272
37,9,0.0079919340175799,0.068600476,0.089408,0.9442289875418957,0.01970295601360569,0.09660066,0.14123635,0.8439388376035504
37,10,0.006695559457256992,0.063403375,0.081836276,0.953579934632743,0.015069289146965646,0.08905208,0.123566486,0.8797129422507411
37,11,0.006015948592155446,0.059802253,0.077578895,0.9584316592085795,0.019552332674114343,0.095125064,0.14061898,0.8484381565237089
37,12,0.005568865750251674,0.057354044,0.07453572,0.9616588820435048,0.01848813213641902,0.09479688,0.13691458,0.8661550948903028
37,13,0.005031644212152476,0.0543306,0.07088839,0.9653754771372045,0.017743075114493776,0.094878435,0.13403712,0.8610245176756729
37,14,0.0049274202829535435,0.054494705,0.07021226,0.966118819973033,0.02050463767308328,0.102506325,0.14417014,0.8657604023751584
37,15,0.00443299499753589,0.050477516,0.066548705,0.9696096762145372,0.016956286066151398,0.091571435,0.13109517,0.8651607665685532
37,16,0.0038204800359516898,0.04749812,0.06182558,0.9737710434878377,0.014573290453645986,0.088758014,0.12102142,0.8847978947830154
37,17,0.004086477975922726,0.04856019,0.063931964,0.9720251444497106,0.01578179022692307,0.08874211,0.12650718,0.8848128303076538
37,18,0.003612697216501665,0.045898393,0.05995567,0.9754278633736192,0.014722042753688854,0.08493125,0.12199597,0.8803473957479934
37,19,0.003885750697008916,0.047497924,0.062339608,0.9734664036028587,0.016336599209098673,0.09254523,0.12871166,0.880828282428421
37,20,0.003547926214935691,0.04513082,0.05956283,0.9757478950933552,0.014412073745107692,0.08456213,0.12078741,0.8858156040523886
37,21,0.0038206075696847466,0.046580564,0.06181236,0.9739480773029646,0.015967623892248848,0.09443176,0.12720522,0.8849338424301456
37,22,0.0034349821748479352,0.0437824,0.058608275,0.9765895770656807,0.015629629314558028,0.089600705,0.1258318,0.8878361925811751
37,23,0.003783428309523124,0.045832317,0.061520495,0.9742522455086914,0.016418507673397136,0.09545313,0.12902813,0.8884025710218383
37,24,0.003404524880947252,0.04376549,0.058307678,0.9768216252458067,0.017235469323134533,0.09416025,0.1321717,0.8860919391339335
37,25,0.0029211664125362736,0.039809387,0.054057486,0.9801157639234048,0.016907824595498958,0.09180167,0.1309417,0.879533800740087
37,26,0.0038687098529187106,0.046660922,0.06220925,0.9738675770570051,0.01395557005027378,0.08383818,0.11883671,0.8898704672616313
37,27,0.003338918364619038,0.04350428,0.05778739,0.9773060629948573,0.015329501794271724,0.08727897,0.12461731,0.8779952352439344
37,28,0.011444409585161236,0.064242706,0.1068107,0.9195473575913751,0.04020759609044978,0.1524038,0.20128469,0.634516301401358
37,29,0.02291408205520749,0.11295393,0.15139179,0.8300816415244108,0.023992884379199327,0.1097449,0.15587088,0.8301677906289854
37,30,0.008710522063164352,0.070247285,0.09330517,0.9391508104373425,0.01795739279758116,0.099888794,0.13488647,0.8556956528310508
37,31,0.00552045403072332,0.055312764,0.07429044,0.9619646328494602,0.016476931296185486,0.0944369,0.12910575,0.863891298919496
37,32,0.013558764694539817,0.08174967,0.11636624,0.9034613313211521,0.019940757062243023,0.103125185,0.141596,0.8339627629274565
37,33,0.049524167843628675,0.16823708,0.2224297,0.5772053324977907,0.048218479868309155,0.16873565,0.22109076,0.5208158188969269
37,34,0.02545783305332602,0.11949817,0.15956835,0.8101407237568816,0.03336621727039865,0.12625346,0.18346465,0.7524806986174823
37,35,0.026797460233542424,0.12464069,0.16373728,0.7975925019218744,0.034719461385436634,0.13231917,0.18621367,0.7056326389981248
38,1,0.09201675786383268,0.2533808,0.30331728,0.06174749548940811,0.05348403869127786,0.18526931,0.23186038,0.46499275698764975
38,2,0.037297206952508044,0.1498214,0.193122,0.7071953435125522,0.027345949260052294,0.12630196,0.16619681,0.7700123728695858
38,3,0.02154790524069098,0.113566056,0.14681758,0.841703046143842,0.022472361772088334,0.10904127,0.15094289,0.812165662736131
38,4,0.01566741345453002,0.095570125,0.1252026,0.8875360068855952,0.02392903402452012,0.109167986,0.15575624,0.8233141413835132
38,5,0.01252024878109109,0.0854742,0.111875094,0.9111273491677133,0.016479075982782955,0.09180609,0.1292568,0.8691412831582496
38,6,0.010132564233113341,0.07790191,0.10067185,0.9287135220436349,0.01559776743373799,0.09218253,0.12569106,0.8711768432485547
38,7,0.008036133545353218,0.06954672,0.08965667,0.9438837990824975,0.01698921415892848,0.0921576,0.13125287,0.8754341495523652
38,8,0.006684015747944435,0.062732846,0.081775315,0.953552443502917,0.02086538560467522,0.105920665,0.14545798,0.8744685332784726
38,9,0.005394370261668559,0.05706293,0.07345966,0.9626897432327263,0.017166846002779762,0.093176685,0.13169721,0.8657507343317011
38,10,0.0048530738206855545,0.053796507,0.06959038,0.9666034187971703,0.015077247040742939,0.092070825,0.123328745,0.8771935408547143
38,11,0.004488072278274269,0.05155812,0.06700652,0.9690668195195686,0.018964460104514188,0.09938006,0.13827097,0.866066435275562
38,12,0.004048328841933067,0.04822658,0.06362367,0.9721514215444707,0.015289843707082414,0.08665946,0.12438507,0.887231234192793
38,13,0.0042225138554088425,0.04854892,0.06498833,0.9709795237102634,0.014661297559979613,0.089455135,0.12190159,0.8889760900587682
38,14,0.004424280485275453,0.05014534,0.066528894,0.9695593600139569,0.018181361145656813,0.09269357,0.1357724,0.8702168355984986
38,15,0.002679482438346147,0.038975727,0.05175497,0.9816601020313225,0.015852901979491837,0.090701096,0.12677489,0.8749014137006129
38,16,0.002700171602436202,0.03992362,0.05194885,0.9815417864481626,0.014253289145589978,0.084645145,0.12006773,0.8902898416836609
38,17,0.0030724327021812103,0.04171103,0.055420976,0.9789616496912887,0.01506536813771904,0.08796371,0.12357036,0.8873901615769099
38,18,0.0027123635552874408,0.039076693,0.051916458,0.9815465493838922,0.0140185426027057,0.08501451,0.11889648,0.8857723781628666
38,19,0.0029955168540475815,0.041764114,0.054736834,0.9794977103697525,0.013877045536732854,0.08329893,0.11856235,0.8914053024118795
38,20,0.0030145358897014068,0.040672757,0.054901026,0.9793808957975215,0.015272959200147953,0.087063484,0.1241924,0.8827895614777342
38,21,0.0026080902134496095,0.038436428,0.05106337,0.9821656209964896,0.01891240653909605,0.09882785,0.13811253,0.8795829805935071
38,22,0.002783191098889258,0.039597966,0.05273747,0.981003568851905,0.015015542882287668,0.08650657,0.123350956,0.8801194782150557
38,23,0.002907535667439665,0.03989566,0.05393235,0.9801098327245646,0.014080828985360885,0.08435586,0.119494855,0.886085093233615
38,24,0.002459332968976575,0.03652228,0.049603116,0.9831853183526396,0.017768811150475544,0.087324634,0.13413265,0.8632841377817398
38,25,0.0029541552050398076,0.03986121,0.054360375,0.9798577139900083,0.01379503079011094,0.081592776,0.118276484,0.8893696713787391
38,26,0.0027425647956512544,0.039399475,0.0523778,0.9812669578498237,0.017415457353948754,0.088616624,0.13284792,0.8665900916027952
38,27,0.002436811188226359,0.03691301,0.049373318,0.9833607684912095,0.015528560797166493,0.0881476,0.12543494,0.8811490430629613
38,28,0.0021027016934406155,0.034173645,0.045868363,0.9856457819034254,0.015420644820012428,0.08575481,0.12496143,0.876483461256823
38,29,0.0022308862122780372,0.034929678,0.04722877,0.984769239587857,0.018718570352777734,0.093113214,0.1376901,0.868573400001718
38,30,0.0021962866823707935,0.034660082,0.046872783,0.9850336805658472,0.01890411097405444,0.096006155,0.13823937,0.8608918697209295
38,31,0.0033212549491950976,0.04138627,0.057623863,0.9773057108380213,0.018910503126958415,0.09637053,0.13847868,0.8655271882470366
38,32,0.0025560134693639676,0.03792997,0.050540958,0.982580606266967,0.013947692453964718,0.08271354,0.11881905,0.8917066648357544
38,33,0.0022109037201249165,0.0347707,0.04701559,0.9849105127788238,0.013760332364149185,0.08022505,0.11808753,0.8910600015619432
38,34,0.0016248610632046791,0.02966645,0.040305335,0.9889324007528983,0.017654310198311037,0.09059708,0.13359003,0.8780598610536877
38,35,0.0015782833609583261,0.029658426,0.03972944,0.9892573890964105,0.015001310076547304,0.08525612,0.12331021,0.8837306772599806
38,36,0.0012096491563739773,0.025432147,0.034679636,0.9918130565310156,0.02005261783186277,0.100121446,0.14246878,0.8777330177165904
38,37,0.001226746249889504,0.025732486,0.03503401,0.9916481186940194,0.014336200383560802,0.08194404,0.12051835,0.8908051677554324
38,38,0.0012948327289067892,0.02604056,0.035983276,0.9911827984030133,0.01571003887888596,0.08481989,0.12614389,0.8840045791815808
38,39,0.0013924889598771,0.027908646,0.037317455,0.9905288807593268,0.015371541907640037,0.08469149,0.124808006,0.8791433085294279
38,40,0.0013491661767598387,0.027377145,0.036741126,0.9908087337627081,0.014702307089464739,0.08400771,0.12190902,0.8893540755590448
38,41,0.0013258160370220717,0.026880782,0.036409795,0.9909696991172926,0.01640252780257638,0.08663223,0.12893018,0.8756836888702285
38,42,0.0012407978704168188,0.02592474,0.03522887,0.9915575293333762,0.015373019879916683,0.08538211,0.124856,0.8907024810211701
39,1,0.0585322058544751,0.1897975,0.24190871,0.4557467769894205,0.040566151633996655,0.15977469,0.20237772,0.6225802658276417
39,2,0.03294859657470174,0.13980468,0.1815173,0.7440930052376303,0.02712932805944648,0.123930365,0.16548626,0.777846208429714
39,3,0.020178899704397082,0.11002696,0.14209005,0.8523462302979634,0.022248199387427628,0.10897892,0.15019424,0.8100911818081038
39,4,0.015450921525243588,0.09613209,0.124337606,0.8890866447085056,0.023657121224257734,0.10552581,0.15488017,0.8193129295167896
39,5,0.012639214948190172,0.08670393,0.112396374,0.9103220282481871,0.018758262498455157,0.09771702,0.13790439,0.8448478055843219
39,6,0.009069730762297628,0.073623106,0.095233165,0.9364698578512918,0.018296653432857798,0.099424705,0.1361402,0.8466755776918937
39,7,0.007750252266517823,0.06945325,0.088019095,0.9460181287273117,0.018572442496574863,0.099593855,0.13713045,0.8619459737141029
39,8,0.006797624939918873,0.06453642,0.08245487,0.9528961449666591,0.021760539410428867,0.10357974,0.14844723,0.8422360768190649
39,9,0.00610492624101451,0.060111515,0.07812671,0.9577024618766636,0.017243933187004318,0.09323064,0.13195159,0.8640394845891749
39,10,0.005253698689914494,0.055778917,0.07244456,0.9638408280021903,0.02032321168277391,0.10044915,0.14355868,0.8523109625660418
39,11,0.004960625375210031,0.054321058,0.07044743,0.9658639487279281,0.017218397976615018,0.09347787,0.13202935,0.8588580203878776
39,12,0.0047449437285233265,0.052445393,0.068860926,0.9674074029593849,0.01915326378743716,0.09706013,0.1393526,0.8571752289987138
39,13,0.004152375953436544,0.04929262,0.064446114,0.9714821226339623,0.01640467443670517,0.09188368,0.12893501,0.864153392152267
39,14,0.00369962537625495,0.04656575,0.06081324,0.9746309604826866,0.029424473112966452,0.11227892,0.1725066,0.7930752338271008
39,15,0.004790941572460622,0.052611403,0.069234,0.9671204891011791,0.018111313163966837,0.094850466,0.1353671,0.8530529984036218
39,16,0.0034100773692979404,0.044339374,0.058399223,0.9766337451021164,0.01687192700262164,0.08885983,0.13026866,0.8715764857894992
39,17,0.003596908685824155,0.04556804,0.059983227,0.9753840341969732,0.01677511316019162,0.0922734,0.13040905,0.8724974710010127
39,18,0.003234908294335778,0.04250755,0.056724235,0.977978788469009,0.015834307356271893,0.09153635,0.1262385,0.8757177566360596
39,19,0.003305021732583589,0.04308446,0.05749902,0.977423384662638,0.017470051319967886,0.09206432,0.13269533,0.8647235419486085
39,20,0.004559249524917904,0.04798447,0.06753727,0.9686516707821871,0.01953741939252251,0.09715091,0.1407476,0.8499399502390265
39,21,0.004070276558144474,0.048770603,0.063803606,0.9722139401862037,0.021530513419646822,0.10088336,0.14775929,0.8518835213556702
39,22,0.0037935669280609844,0.045224275,0.061577935,0.974189866373011,0.018349130143717588,0.09368069,0.13639216,0.8556174726264187
39,23,0.0032453632386158946,0.04245685,0.05697307,0.977873844780479,0.0157590933446988,0.08949336,0.12622702,0.8830723644176818
39,24,0.0026247419689361864,0.03834096,0.05124508,0.9821404200917503,0.016779868378459167,0.08759846,0.13036433,0.8751828646273231
39,25,0.0023937514593411853,0.03681672,0.048931785,0.9836815346512267,0.018394703012071894,0.09215979,0.13657376,0.8731370888242638
39,26,0.002950131305522382,0.040933963,0.054323934,0.9799641353211884,0.016953425725525315,0.09189246,0.13083026,0.8691281744367014
39,27,0.002845965047543988,0.040408812,0.05335613,0.9806322890583251,0.017086299554513837,0.09001611,0.13157889,0.8657119205259982
39,28,0.0040732819229518345,0.046258874,0.06383693,0.9722631754071194,0.01793190477797503,0.09663572,0.13484047,0.8537373754965547
39,29,0.004043372211169732,0.046813488,0.063596666,0.9724003238534158,0.018133266064675507,0.09552831,0.13560392,0.8540181563305581
39,30,0.0029620380487910985,0.040687878,0.054440476,0.9797971855511092,0.018832154259952303,0.09282729,0.13815603,0.8636964344168648
39,31,0.00254828334594851,0.037558123,0.05049326,0.9826386948821542,0.01816818535789261,0.09021937,0.1357223,0.8665627210504311
39,32,0.0022452849912679936,0.034615293,0.04733289,0.9847500410105257,0.01700658252337706,0.090293616,0.13124898,0.8652026404515548
40,1,0.0673622130024656,0.21468236,0.25956166,0.32187225201640435,0.052113628566817,0.18538281,0.22902484,0.49470579487401867
40,2,0.04665428871576126,0.1696044,0.21601312,0.6122399450047016,0.037558312346744865,0.15271272,0.19427608,0.6688182339222937
40,3,0.030928065171291198,0.13679236,0.17585456,0.7633782196795887,0.02966758286304496,0.12821412,0.17214522,0.7581048820552507
40,4,0.02247657252053478,0.1168034,0.14987937,0.834172855274322,0.02521283602066062,0.112929724,0.15847713,0.7919479153875404
40,5,0.01817704224741417,0.102656744,0.13480094,0.8680941557511134,0.022017982003658457,0.10511616,0.14794698,0.817627921389189
40,6,0.014219404336948505,0.0922315,0.11924792,0.8984399265890599,0.020685539339427596,0.10142048,0.14321828,0.8306800717974404
40,7,0.012575281295429253,0.08682956,0.11217002,0.9107040401318824,0.024074570310336572,0.10731555,0.15433265,0.8317287749731266
40,8,0.010442863252214113,0.078153215,0.10218091,0.9264396089292507,0.018621759834112944,0.095782444,0.13568549,0.8512507053459163
40,9,0.008524448707129668,0.071264505,0.09234316,0.940395261028653,0.019636606659602235,0.09605974,0.13907321,0.8495382035250715
40,10,0.007466423533863397,0.06706275,0.086380504,0.9480394387917553,0.018617877779804445,0.09431474,0.135762,0.8622417984879281
40,11,0.0057667109232110835,0.05859957,0.07593829,0.9600688442037739,0.020143216337870667,0.09669389,0.141178,0.8462406921379445
40,12,0.005255301136177503,0.055763118,0.07247928,0.963688982514579,0.016042283382611693,0.09266147,0.12630801,0.8693958666124515
40,13,0.004600661990633147,0.052332703,0.067834616,0.968269367751882,0.01663153860890479,0.09048317,0.1281381,0.8746598152535875
40,14,0.003937624738699644,0.048706304,0.062762745,0.972908772901561,0.017078976267603813,0.09205405,0.13005026,0.8683419800089546
40,15,0.0034962376379995457,0.045724887,0.059122067,0.9760110370185031,0.017696017727117846,0.09126153,0.13217628,0.8715510391451698
40,16,0.003016277208214922,0.042367604,0.05491721,0.9793183919657446,0.016795095599566896,0.09019275,0.12920278,0.8684748853710744
40,17,0.0031184568915790314,0.043389384,0.05583717,0.978641768275753,0.018733731824559747,0.09808309,0.13648571,0.8769710493573204
40,18,0.00291586872712474,0.041341744,0.05392907,0.9800684202635185,0.015925592906704103,0.08817943,0.12553263,0.8792125320882619
40,19,0.0026737596839938363,0.039427582,0.051696144,0.9816992339564625,0.014691863536696744,0.08542288,0.120664306,0.8844154841005789
40,20,0.0025434977703817,0.038097657,0.050419234,0.9826032610902978,0.017083272312043443,0.093873255,0.13015431,0.886968696654665
40,21,0.0023138638916011967,0.036222953,0.04809848,0.9841819994851985,0.01741030543214745,0.09167596,0.1311589,0.8750793196618167
40,22,0.0022320271752259008,0.03563337,0.047254667,0.9847509434340911,0.018235195660963655,0.089675404,0.13439463,0.8588569174160904
40,23,0.002294122253813363,0.036096826,0.04790334,0.9843129296263922,0.017279692615071934,0.093733184,0.13078305,0.8856571301129635
40,24,0.002072399781737259,0.03456253,0.045521118,0.9858444173918248,0.01607832358718884,0.08673871,0.12609008,0.8814928150011286
40,25,0.001959388000291128,0.033356205,0.044259563,0.9866230057701997,0.016058116383781587,0.08986744,0.12617716,0.8865958056060611
40,26,0.0018954962795539368,0.032602295,0.04354624,0.9870567979781015,0.01346360269451031,0.08264656,0.115456894,0.8937972766323621
40,27,0.002228573702259977,0.035700984,0.047206752,0.984771033958656,0.014641151431499532,0.083805844,0.12036249,0.8831161892857768
40,28,0.002130725535114783,0.034828633,0.046152353,0.9854514198546177,0.015465040790365526,0.0879695,0.12388361,0.8835366657524926
40,29,0.0019490497043164812,0.032736648,0.04414584,0.9866878495505177,0.01435625610045261,0.0846059,0.11917999,0.8846627109128622
40,30,0.0018213658304800711,0.03187493,0.042683333,0.9875744264503974,0.015057891909102047,0.08455617,0.12231175,0.8786528550278028
40,31,0.0017617246320756222,0.031148365,0.04198059,0.9879871668649567,0.01633119993601684,0.08781931,0.12707601,0.8800183805874137
40,32,0.0017815411704071257,0.031139545,0.04220251,0.9878425003497506,0.01335560201011874,0.08137425,0.114925265,0.8965279654526666
40,33,0.0018862116556651628,0.031566888,0.04343681,0.9871248901718115,0.01764923849798463,0.09556751,0.13234223,0.8828629295080178
40,34,0.0014943001321549572,0.028404718,0.038656946,0.9898063654820574,0.017009221478710295,0.08864859,0.13013774,0.878494702548062
40,35,0.0011288588820351723,0.024582053,0.0336047,0.9923107450448088,0.015073673808257337,0.08396184,0.12222537,0.8823033463183454
40,36,0.0011312015340081416,0.024874456,0.033624373,0.992300289587232,0.016738070088818117,0.09096233,0.12906852,0.880715085352856
40,37,0.0010224373015950742,0.023685714,0.031982083,0.9930349848817825,0.014806194377511187,0.085395314,0.12106615,0.8885956726074716
40,38,0.0008386514112818442,0.021422105,0.028956372,0.9942940903812619,0.015171435954808086,0.08703143,0.12264218,0.8924622492461792
40,39,0.0011178897292895577,0.024140233,0.033438627,0.9923838393634369,0.014496155014192616,0.08511113,0.11987421,0.8895338941740917
40,40,0.0011247327214239653,0.024414392,0.03349386,0.9923644807277516,0.01419402166545667,0.082187966,0.118193924,0.8913621181233258
40,41,0.0012824553191209229,0.025844764,0.03581893,0.9912623709312132,0.017343121934337197,0.09102944,0.13118155,0.8790497531188012
41,1,0.06658589312040777,0.20345546,0.25805768,0.31454384323336637,0.05058340597207899,0.18201281,0.22540642,0.5155768538251414
41,2,0.0441597690941792,0.16355737,0.2101773,0.6405299630401249,0.034206715774618916,0.14512996,0.18501943,0.7117724578245522
41,3,0.029370966845052752,0.13374814,0.17139679,0.7765334921300062,0.02711069916754409,0.12252356,0.16436715,0.7703517947263884
41,4,0.02165257093435693,0.11464483,0.14713925,0.8408559304919832,0.024471349496808317,0.112174414,0.15612994,0.797964472589255
41,5,0.017252034957033244,0.1011085,0.13133608,0.8753101809071154,0.022633479925355426,0.10573254,0.14996998,0.8151649398750765
41,6,0.013672027652038732,0.09115146,0.1169215,0.9026188194465481,0.022129264573946043,0.10420019,0.14826886,0.8208440630985899
41,7,0.011927144940307138,0.08471423,0.10922142,0.915562458262618,0.021937103855803056,0.10168432,0.1474038,0.8303150958524471
41,8,0.009967788322785191,0.07722887,0.09984837,0.9299306807235587,0.017984373693319934,0.09511204,0.13315536,0.8537851144512653
41,9,0.008204759007197953,0.07115554,0.09058525,0.942706048494794,0.02148330077977368,0.09940487,0.14536567,0.8369245091317699
41,10,0.00746071385926889,0.06782849,0.08634074,0.9482090386195119,0.018046639333651575,0.092436045,0.13314566,0.8592800432734935
41,11,0.006220727082109079,0.061896328,0.07887421,0.9569018525039263,0.02044256913682653,0.10014785,0.14177746,0.838198187463026
41,12,0.005446967730030992,0.057687625,0.0738028,0.9623441363424537,0.01906202755075086,0.09534316,0.13738205,0.8480241170126654
41,13,0.0048388123074894615,0.054441005,0.06956987,0.966644513653104,0.018991051966117486,0.09367202,0.13702363,0.8541944961191906
41,14,0.004069283133248633,0.049934745,0.06379892,0.9719852112905677,0.01979361751323773,0.0970892,0.13950372,0.8587796943186612
41,15,0.004398939868861757,0.050812762,0.06632849,0.9697699783179904,0.02134375679479153,0.10155224,0.14574783,0.8354247472766347
41,16,0.0036571049983488073,0.046933744,0.060486823,0.9748597814550864,0.017684949561953545,0.092689976,0.13260198,0.8660409840032397
41,17,0.0035009045990523403,0.045192387,0.05917136,0.9760421635382918,0.016545455600997364,0.091723986,0.12819858,0.8704003818916227
41,18,0.002942079866128739,0.041706473,0.05417818,0.9798992482803348,0.017833978662060365,0.092533305,0.13242468,0.8684395141113179
41,19,0.0031487407239217083,0.04262597,0.056101047,0.9784667893800757,0.01742569542558933,0.09150386,0.13126902,0.8690276520571093
41,20,0.0032812807357148702,0.043678492,0.057267316,0.9775066128628208,0.017663734585598664,0.0938872,0.13229977,0.8706809549684354
41,21,0.0029629549923054785,0.041337676,0.054425288,0.9797383894435173,0.020147730742960616,0.099075966,0.14121038,0.8604964194951753
41,22,0.002463980854372494,0.037236176,0.049643137,0.9831577917147076,0.02034962949929414,0.103306085,0.14183956,0.8494639411916574
41,23,0.0025416616586778993,0.038544163,0.0504254,0.982624663645505,0.017645287206741394,0.095054016,0.1322233,0.873371248233346
41,24,0.002529315410696501,0.038290955,0.05028164,0.9827204587022572,0.019011561267284885,0.095665626,0.13741517,0.8755301826331745
41,25,0.0023217585298752797,0.036383357,0.048189323,0.9841270388858554,0.017669303058129218,0.0941556,0.13253841,0.8776859867466011
41,26,0.002697448887553275,0.039396767,0.051944263,0.9816134877524947,0.01894722823743467,0.09805497,0.13732457,0.8765664671302943
42,1,0.08548888397429173,0.24397686,0.292391,0.20009329082222507,0.05303706877209522,0.18742412,0.23114218,0.49309164356004737
42,2,0.0435503543676617,0.16395164,0.20870993,0.6458771708264747,0.034294850227457506,0.14349799,0.18545312,0.7077724921156533
42,3,0.026291852917034772,0.12565427,0.16213901,0.8026682333473489,0.02594474542679058,0.1176366,0.16088514,0.7824141283504138
42,4,0.019362626996578945,0.108586736,0.13914157,0.8590498262951415,0.022080919791564898,0.10687528,0.1483416,0.8185017565844516
42,5,0.014761147833490204,0.09332186,0.12146763,0.8944165170345035,0.020780727870900323,0.099456035,0.14387144,0.8333783752271195
42,6,0.011445752836798674,0.08311799,0.10699386,0.9191510796939135,0.01830336989627944,0.09615966,0.13490243,0.8513874766642625
42,7,0.009649070033098563,0.07659999,0.098240875,0.9322317593100775,0.017494856897327635,0.09296308,0.13190746,0.8596012603466625
42,8,0.00833463384748097,0.070217654,0.091271944,0.9418267447874693,0.015872166647265356,0.08823395,0.1256487,0.8795128417968965
42,9,0.006711169064673813,0.06355841,0.0819231,0.9533676343022738,0.01840768587620308,0.09040768,0.13569595,0.8580633679252532
42,10,0.005565883921705204,0.057385784,0.07455804,0.9615606454936182,0.016569021537348076,0.090119734,0.12805901,0.8769958351303135
42,11,0.004430169450439008,0.051950533,0.06656163,0.9694715363438422,0.018425760437148036,0.09230497,0.1354247,0.8584233466525354
42,12,0.003986534431618073,0.048969522,0.063123204,0.9725834512474155,0.016897451986248296,0.08974684,0.12972935,0.8659572072349395
42,13,0.0035919702511768197,0.046364434,0.059947133,0.9753132693944635,0.01739550193047358,0.09289911,0.13150118,0.8771547145070289
42,14,0.003235910228039051,0.04373796,0.056884933,0.9777967310792675,0.015720806213923626,0.08736355,0.1248381,0.884152977514196
42,15,0.00297648075991963,0.041990504,0.054559704,0.979593159153195,0.016880299447587243,0.090115346,0.12952743,0.8787671543290294
42,16,0.003053045602462028,0.04172181,0.05525822,0.9790639165724508,0.014568273085859363,0.085988514,0.12031525,0.885884622567283
42,17,0.002957171090023383,0.04092122,0.054368593,0.9797441397001994,0.014355401965548043,0.083846904,0.11916112,0.8862801798691681
42,18,0.0025006910617665656,0.0383097,0.049938414,0.9829321380477195,0.014473130236621256,0.08455362,0.11929842,0.8876530878997712
42,19,0.0022699982137310486,0.03661563,0.04763367,0.9844839137798752,0.016170045447156386,0.08724873,0.12688118,0.8776968187596699
42,20,0.002016792855841308,0.03402661,0.044909485,0.9862176438058549,0.01647157923973821,0.08899044,0.12789263,0.8825855378101096
42,21,0.001862684150947754,0.032843467,0.04314163,0.9872891775700859,0.014528376136527018,0.08717387,0.11985844,0.8844106567289833
42,22,0.0022049037183125755,0.03559344,0.04695942,0.9849208372986487,0.014736310121844764,0.084895805,0.12084878,0.8836349737015966
42,23,0.0025506579430983837,0.037611853,0.050498333,0.9825525033242407,0.018172789175339318,0.0982698,0.1343769,0.8836588209099354
42,24,0.002926893565867958,0.040963285,0.054090578,0.9799746931001575,0.014664767184984629,0.07954071,0.120087355,0.8933624230143238
42,25,0.0022819765395197633,0.036243297,0.047778293,0.9843956051691668,0.015560445246390171,0.08726581,0.12421126,0.8798389828416961
42,26,0.0022687336256418584,0.03570702,0.047631923,0.984501911771078,0.015810515291781888,0.089085884,0.12543862,0.8784499837540548
42,27,0.0021029471658566253,0.034238797,0.045865417,0.9856266351423373,0.01350288780371624,0.08063043,0.115627915,0.8931357468662132
42,28,0.0015402329438550955,0.028943023,0.039238308,0.9894986951409809,0.015378329601069843,0.08820987,0.123585954,0.8874168807169223
42,29,0.0016085118573908608,0.02959526,0.04011197,0.9890234391962351,0.01716505674024423,0.087339856,0.13035071,0.8771126215150074
42,30,0.0020489224090478077,0.033241678,0.04526276,0.9860111490551826,0.0146684679892604,0.081848554,0.120770365,0.8844841000986673
42,31,0.002466073228431448,0.03731199,0.049669992,0.9831308565718265,0.016567408659115986,0.08851062,0.12837446,0.8785911478673497
42,32,0.002237103762492433,0.03493103,0.0472943,0.9847151057957465,0.015373527106863481,0.08273272,0.122846045,0.8858065901497143
42,33,0.0019919604810893702,0.03263521,0.04456816,0.9864468774096924,0.01932585586069359,0.09631722,0.13849775,0.8759295814672017
42,34,0.0016094092534671136,0.030165995,0.040125523,0.9890255474975691,0.016974922248024354,0.08930402,0.13012159,0.8810730742986354
42,35,0.0011462672199035568,0.024811639,0.033860583,0.9921887896767009,0.014567722411205372,0.08212139,0.12010004,0.8873277590178246
42,36,0.0010328380983686248,0.023415277,0.032119315,0.992975258759612,0.017023902696867783,0.08958393,0.13011223,0.8801451364426016
43,1,0.06888977036524181,0.21037674,0.26246056,0.27067801095864064,0.04413712742152037,0.16539419,0.21094447,0.5938029581845018
43,2,0.03720135262255583,0.14980754,0.19289194,0.7072950484616758,0.028640987299796607,0.12790926,0.16952354,0.7554080234472101
43,3,0.023546287121912726,0.11900928,0.15345259,0.8254188651066943,0.022747388454499067,0.11323681,0.15093067,0.8071216434161415
43,4,0.017064471919226644,0.101249665,0.13064754,0.8769834701649556,0.020742209705834586,0.104736,0.14398523,0.8282919260775028
43,5,0.013928962476490605,0.0907009,0.11801005,0.9006337119092623,0.019194418788646108,0.10002288,0.13829333,0.8483740445512638
43,6,0.011219778582323169,0.08205302,0.105933525,0.920834107152577,0.01876607163015891,0.097257406,0.13669237,0.8487473474955054
43,7,0.009527924478763418,0.07650688,0.097624294,0.933115123861903,0.018674130413543294,0.09787321,0.1364464,0.8506092975292913
43,8,0.007306605985466496,0.06605908,0.085477695,0.9491652500969895,0.015333022698070164,0.09030972,0.12349755,0.8753655886168443
43,9,0.006267141285308889,0.061184317,0.07917641,0.9565113097888294,0.01816686786090334,0.094716534,0.13475993,0.8644017287617379
43,10,0.004955033969436555,0.05444469,0.07038296,0.9658300578623739,0.01705750529826791,0.09451064,0.13012555,0.875102497391696
43,11,0.0044353932743918184,0.051495418,0.066605866,0.969437557290318,0.020901912762955936,0.10300531,0.14405265,0.8616493057189069
43,12,0.0038661333208982007,0.048355244,0.0621574,0.9734389320360164,0.013981719173628974,0.08676626,0.11787503,0.8881839909646738
43,13,0.0037820243116720607,0.0473871,0.061508868,0.9740081424806074,0.015271305028970042,0.087385945,0.12274877,0.8785779939626088
43,14,0.003531373028287655,0.04566506,0.05943241,0.9757565804531357,0.015645215494765177,0.089388676,0.12429171,0.8842344482189193
43,15,0.003360725914929976,0.043620083,0.05797397,0.9769470858505541,0.016635448930578098,0.09124872,0.12811053,0.8709013742965812
43,16,0.003015662856273806,0.041656744,0.054894976,0.9793504602284934,0.015518581960350275,0.089786544,0.12405948,0.8775414060054347
43,17,0.0031006424239005408,0.04223165,0.05567553,0.9787621963025511,0.015734116589926458,0.09017634,0.1251554,0.8798510423035204
43,18,0.0023727729236168536,0.036851745,0.04863622,0.9838154975029528,0.014910872473760887,0.085794546,0.12130887,0.8820428274368849
43,19,0.002660747421100283,0.038583554,0.051552333,0.9818277408939765,0.015806489831043616,0.09143857,0.12537716,0.8760089088429949
43,20,0.0027677097170674633,0.03987087,0.052602243,0.9810817169568755,0.01981092478941988,0.10267602,0.14041536,0.8723126980665199
43,21,0.002759481874070452,0.040191762,0.05253583,0.9811297093291413,0.017917015400059796,0.09451042,0.13274121,0.8687731678301114
44,1,0.08430394049838325,0.24488682,0.29037407,0.11737168864860839,0.06687608920037746,0.21388896,0.2578275,0.2673442145672155
44,2,0.053290478745910606,0.18406135,0.230853,0.5526336409383965,0.046442861668765545,0.17100216,0.21311167,0.6055021628448036
44,3,0.035082479973680504,0.1451084,0.18730773,0.7311506880545735,0.03602221787774137,0.14172949,0.1863728,0.7062510119231725
44,4,0.02602989102113191,0.1250669,0.16131149,0.8059815575843481,0.02970601511853082,0.123251595,0.16864862,0.7563741607797324
44,5,0.020864978584974447,0.11107608,0.14441773,0.8470255783230236,0.027987565313066756,0.11559579,0.16338712,0.782522485091502
44,6,0.017353546775215976,0.10184713,0.13171351,0.8746891500140627,0.025136245946799005,0.107634984,0.15416777,0.8052983971700097
44,7,0.015051652799212487,0.09467475,0.12267527,0.8923334627952946,0.025121900851705244,0.1057997,0.15454048,0.8147380845959834
44,8,0.012958202669919233,0.08686136,0.11382898,0.9078978923007688,0.02176325016521982,0.1012769,0.14359687,0.8344850937162046
44,9,0.011156694933110587,0.080707595,0.105628096,0.921301400288984,0.022718694626486728,0.102209404,0.14671546,0.8358514003586204
44,10,0.009709443115829447,0.07577029,0.09851381,0.931824299167262,0.019242986171905483,0.0990516,0.13647585,0.847525011037095
44,11,0.008269638417149398,0.069612496,0.090947784,0.942228469952888,0.019561776442320218,0.0939179,0.13710661,0.848558697465432
44,12,0.007162765343020731,0.06608225,0.08463284,0.9501538269959401,0.019607603416911194,0.09543571,0.13607582,0.8577187060288525
44,13,0.00609147358494245,0.060196724,0.0780511,0.9577796651844958,0.02068919675158603,0.09491338,0.13789386,0.8510519206172598
44,14,0.005228158925381428,0.056394543,0.07230498,0.9638690601796998,0.025397286617330143,0.110908225,0.15506522,0.8485904790091547
44,15,0.004455993526449827,0.052018646,0.066762455,0.9692896307370664,0.02074466343037784,0.094151475,0.13708292,0.858846116669132
44,16,0.004020793508155115,0.049352247,0.06341477,0.9723260925925188,0.018999164092487524,0.09362698,0.1349501,0.8545816869941901
44,17,0.00330237142423986,0.04479781,0.057471756,0.9773285434895378,0.0200663679279387,0.09608225,0.13746406,0.8627251914849151
44,18,0.0031336600985813223,0.042733237,0.05594624,0.9785302511307683,0.02199866027305169,0.10191269,0.14459738,0.857497609800094
44,19,0.0031278448546018067,0.04310844,0.05593014,0.9785439097493264,0.018987727850409492,0.09275786,0.13374877,0.8609397132247963
44,20,0.0026038881945075623,0.039200615,0.051025234,0.9821858300006614,0.02093996069327529,0.09433281,0.1409732,0.8525249761580153
44,21,0.002446196413551083,0.03771508,0.049460035,0.9832603863251095,0.019915888152484382,0.09582958,0.13469194,0.8585095171172787
44,22,0.002263841056047338,0.03636861,0.047586538,0.9845202223364983,0.01965369513657476,0.09140186,0.13533866,0.8577641179892472
44,23,0.0023548758902073464,0.03691484,0.048526917,0.9838903568698821,0.019251060572319796,0.09646055,0.13633469,0.8657817387857455
44,24,0.0023836107368615813,0.036678527,0.04881841,0.9836997791445387,0.02054929031458284,0.09434692,0.13914132,0.8578531349166326
44,25,0.0021393724551824764,0.03486256,0.04626073,0.9853694825131522,0.018951683504773036,0.09184572,0.13331771,0.8641934448993509
44,26,0.001982317097206539,0.0338714,0.044530272,0.9864521822811791,0.018300537851506045,0.09227259,0.1322278,0.8683387382941089
44,27,0.0020470644511112715,0.034321457,0.045251045,0.9860061082581568,0.01852432220974671,0.09184814,0.13167094,0.8674903792500296
44,28,0.0019288209444303587,0.032656148,0.043919913,0.9868235341393502,0.017433083582935587,0.08838299,0.12765665,0.8748414046158156
44,29,0.001860868310333865,0.03296786,0.043141708,0.9872920476309125,0.017925458793927516,0.09014228,0.1288334,0.8724231599336499
44,30,0.0016434203613566879,0.030604806,0.040544074,0.9887859961704444,0.01712004975083151,0.088722356,0.12834467,0.8766835920256181
44,31,0.0016489025149886087,0.030097239,0.04061155,0.9887481687027719,0.01602181571070105,0.08756242,0.12314688,0.8782006057538242
44,32,0.0016277796680229568,0.030217262,0.040351175,0.9888904377433538,0.01480628807829427,0.0838509,0.120097354,0.8832078831443967
44,33,0.001583992345008355,0.029126098,0.03979682,0.9892042261323079,0.0181852470019034,0.09277862,0.13103956,0.8740712634021525
44,34,0.0013180088592371164,0.026901651,0.03631037,0.9910163850984351,0.017134660821674124,0.088992804,0.12811327,0.8784530292452406
44,35,0.0011660675757573307,0.025145145,0.034146897,0.9920602181044839,0.017507529318598763,0.090765,0.1280717,0.8771397402024375
44,36,0.0011139543491489664,0.024664858,0.033360098,0.9924245849467039,0.015132015471213631,0.08435408,0.11939076,0.8855424279526241
44,37,0.0010788178946670563,0.023879416,0.03284652,0.9926523312914303,0.016178403082968935,0.08725985,0.12433148,0.8831297698697158
44,38,0.0009776597082882545,0.02317457,0.031270083,0.9933468501222503,0.015466971871709185,0.08565908,0.121782675,0.8833877069962894
44,39,0.0008811958702107038,0.02161362,0.029683257,0.9940057337213012,0.015968935830252513,0.08775892,0.1232623,0.8811772128539629
44,40,0.000979819352451329,0.02322491,0.031294793,0.9933328034155421,0.01643854146823287,0.08836519,0.124126635,0.8856955977208408
44,41,0.0008904443271501669,0.021562796,0.029840011,0.99394459661271,0.016424924401300296,0.08783732,0.123996355,0.8824990087490657
44,42,0.0009094123426927079,0.0219012,0.030155696,0.9938117996367422,0.014758605443473374,0.08497788,0.11937744,0.8901264951561502
44,43,0.0009097935899517665,0.021702867,0.030166183,0.9938069223890722,0.015123112675999957,0.0830617,0.11938293,0.8881436945507956
44,44,0.000851195351281595,0.021051506,0.029175486,0.994210946239603,0.015812604455277324,0.086957484,0.12273005,0.8881371573773624
44,45,0.0007961433039212199,0.019949289,0.028215272,0.994583564488176,0.016640633211604187,0.089564994,0.1259233,0.8842909578354122
44,46,0.0007828814982573684,0.02017052,0.027969293,0.9946785808378528,0.01552107053742345,0.08594651,0.12167952,0.8880335987040527
44,47,0.0007556695627074724,0.01951271,0.027486155,0.9948687784675193,0.015242137613573245,0.08495006,0.12045483,0.8877845750983844
44,48,0.0008063032649507502,0.020595327,0.028394854,0.9945141136788662,0.015402243356220424,0.085268065,0.120716706,0.8877347213260307
44,49,0.0008172516098515801,0.020142367,0.028546257,0.9944581015684407,0.014699052121224148,0.0841433,0.11897089,0.8883824479402246
44,50,0.000753023170035933,0.019526226,0.027446276,0.9948776948532059,0.015066601901448198,0.08430348,0.119768076,0.8929503838699684
44,51,0.0006591653487771296,0.018057972,0.025674134,0.9955189918726055,0.016296166527484144,0.08815328,0.124805205,0.8876283318084138
44,52,0.0006704134877475205,0.018361881,0.025894541,0.9954439587177417,0.014586764038540423,0.08226509,0.11755099,0.8919589278876455
44,53,0.0006296656469305298,0.017922182,0.02509514,0.9957194158161108,0.015632988652214408,0.08574447,0.12177171,0.887685876723931
44,54,0.0005904040118477037,0.016646154,0.024299681,0.9959879192689227,0.014997869979457132,0.08445295,0.11992671,0.8904221499094755
44,55,0.0005787346218592949,0.016667983,0.02406163,0.9960673549968234,0.015558414294251375,0.08587564,0.122247055,0.88812245595465
44,56,0.0006291058374716787,0.017251773,0.02508519,0.9957242971912603,0.015689556653212224,0.08754037,0.12285966,0.885453978966029
44,57,0.0005665142937763551,0.016508248,0.02380564,0.9961525430656027,0.014833714929409325,0.08412451,0.11888562,0.8930286114435502
44,58,0.0005411740866267758,0.01589541,0.02326639,0.996320561006326,0.014879781603147941,0.0851051,0.11992956,0.8892246604929218
44,59,0.0005351727912430957,0.015890855,0.023137636,0.9963684511394244,0.014224873057433538,0.083075695,0.11739791,0.892674637973766
44,60,0.0004939311232268767,0.014898271,0.022228014,0.9966461508869193,0.015002910663107676,0.084897324,0.12024289,0.8880560315472109
44,61,0.0005251021377653075,0.015725892,0.022916567,0.9964335365091271,0.01478548816937421,0.085433014,0.11965688,0.8925988171837403
44,62,0.0005436414453852704,0.01558525,0.023317877,0.9963081107112531,0.014691297580221934,0.08415151,0.118977755,0.8896567837543627
44,63,0.0005044422046989681,0.014954927,0.022461295,0.9965737536899703,0.015460576329912459,0.08660654,0.122119874,0.8919058507949523
44,64,0.00048539433116963674,0.014850192,0.022034656,0.9967029210825369,0.014814352017960377,0.084449105,0.11925325,0.8879328207103159
44,65,0.0004909322697045848,0.014813425,0.022099739,0.9966833302533893,0.015331211433346783,0.08512731,0.12040091,0.891061544331347
44,66,0.00046336980442468636,0.014167953,0.021528434,0.996853948257524,0.01409997558221221,0.08227915,0.116707824,0.8923242538379883
44,67,0.0004979542187424855,0.01465957,0.022317797,0.9966154555479684,0.014923908681209599,0.08426683,0.11967355,0.8921172869903123
44,68,0.0004490790736347994,0.013959301,0.021181663,0.996954931985867,0.014401452000518995,0.08306206,0.1176229,0.8924675263674264
44,69,0.0004540950596543621,0.013872647,0.02131259,0.9969170020961675,0.015028317591973714,0.08563222,0.12066243,0.8911601492367859
44,70,0.0004569578124115039,0.014191534,0.021379016,0.9968950770586548,0.015240759422470416,0.08591038,0.12093352,0.8920725672517981
44,71,0.00046473600377794355,0.014551902,0.021559924,0.9968434420357001,0.014915673611020403,0.08555931,0.11984913,0.8907811215370476
44,72,0.0004113597017995769,0.01327924,0.020214913,0.9972306721096301,0.014657380125884498,0.08343909,0.11822662,0.8910944097184439
44,73,0.00038215351898509306,0.012667368,0.019548723,0.9974061134172982,0.01569765024552388,0.08730195,0.12283492,0.8897310063112821
44,74,0.00040327297226051476,0.0130246505,0.0200858,0.997261634492683,0.014336660271510482,0.08297097,0.11754175,0.8919170324627137
44,75,0.00038608215961694525,0.012800122,0.019649884,0.9973777796137574,0.015249287742855293,0.08590897,0.12066657,0.8927968586374057
45,1,0.07006606417838658,0.21226479,0.26472512,0.23081103452304605,0.05195544793137482,0.18826355,0.22967164,0.5285630898910318
45,2,0.04693622621664099,0.17104596,0.21664803,0.6185518352412477,0.03458335689668145,0.1477758,0.18604374,0.7081014355444606
45,3,0.03135626454985587,0.13829413,0.17707588,0.7605830118577318,0.02883122006564268,0.12868316,0.16808102,0.7705448776429313
45,4,0.023748466013887217,0.119405724,0.15409374,0.8238823429629045,0.025036951393953392,0.115328155,0.15567996,0.8015466563480534
45,5,0.019314951454855015,0.10653708,0.13897978,0.8592093567213188,0.021919369963662966,0.10793836,0.14576267,0.8262399218275669
45,6,0.016419718381470053,0.099089004,0.12812737,0.8818436179115703,0.021291571320034564,0.102058195,0.14322203,0.8358458386880433
45,7,0.014226719945947701,0.09263111,0.119259514,0.8985075066944951,0.021911982114293745,0.10428327,0.1457281,0.8396568448109415
45,8,0.012791604978667798,0.08630485,0.11308205,0.9091024420410933,0.018968962764899646,0.0972358,0.13471399,0.8604982253338184
45,9,0.01047978603942581,0.07868215,0.102376975,0.9262299412205856,0.02027426739888532,0.09958859,0.13903388,0.858033362858858
45,10,0.009343539765017611,0.074805275,0.09663738,0.9345053848800974,0.01624398267761405,0.09219813,0.12582587,0.8718894119796935
45,11,0.007975534549000386,0.06842749,0.0893134,0.9443305865998056,0.019296430766449442,0.09400723,0.13504602,0.8577021221935567
45,12,0.007163976321310223,0.06614819,0.08464382,0.9501358713079263,0.01622137553723795,0.09082438,0.12547925,0.874652467630805
45,13,0.006178653220184774,0.06123741,0.07861399,0.9571420039244329,0.01882166738089706,0.09358389,0.13191767,0.8692203758653612
45,14,0.004808266562296547,0.053590313,0.06934759,0.9668123260791173,0.017747280054858754,0.092904426,0.1298726,0.8814451405263053
45,15,0.0048584631855260125,0.054485302,0.069702506,0.9664833592695113,0.01778178713617048,0.08884804,0.12730692,0.8748218425403471
45,16,0.004323205473249622,0.051352024,0.06575184,0.9702164654234252,0.016799635852554014,0.08981589,0.12686013,0.8739105398240054
45,17,0.00427655403928779,0.05044818,0.065401495,0.9705990538059608,0.015918104077822397,0.0878895,0.12266867,0.8874944651623963
45,18,0.0033390645686293316,0.04447934,0.057753533,0.9771129654727295,0.015353613000895296,0.08380872,0.11961905,0.8859278634681473
45,19,0.003154168036009107,0.043006226,0.056160692,0.9783694731387643,0.016790117802364484,0.08948626,0.124755464,0.8813389166255629
45,20,0.0029117731708232487,0.04110618,0.053957567,0.9800522245037158,0.01574348591800247,0.08628875,0.12220697,0.8890634329122784
45,21,0.0029983843065293455,0.04182561,0.05475953,0.9794613949011481,0.01867559480680419,0.09038652,0.13183846,0.8669991631949279
45,22,0.0027902368641084183,0.040907245,0.052822795,0.9808819673029032,0.020787597866728902,0.09799459,0.13957323,0.8727425985062656
45,23,0.002648995880790438,0.039360415,0.051467586,0.9818930567734326,0.01573128316418401,0.08618362,0.12222876,0.8863853602554177
45,24,0.0024238455405232507,0.038151145,0.049237177,0.9834163531481125,0.015196942591241427,0.08273254,0.11970114,0.886948291645766
45,25,0.0029091912693840183,0.04092392,0.053935703,0.9800898256470657,0.015797642259193317,0.08481894,0.12216143,0.8843251995964139
45,26,0.0025369739665858726,0.03763751,0.05037502,0.9826605031497885,0.015622999984771013,0.0852508,0.12044376,0.8907452626198492
45,27,0.0020306010139784034,0.033838283,0.04506889,0.9861228875930617,0.01705230602861515,0.086718954,0.12518002,0.8871716705207657
45,28,0.0021208499440766664,0.035143077,0.046062272,0.985500651726741,0.01870762776317341,0.092505604,0.13340694,0.8693188241114318
45,29,0.0022686808963010316,0.035703436,0.047629766,0.9844885582268975,0.01588806596451572,0.0879177,0.1227403,0.8824770489106558
45,30,0.001969662481901523,0.033290766,0.04438324,0.9865412046312072,0.018204278661869466,0.09254547,0.13134807,0.8901151659027849
45,31,0.0019011160045444408,0.032484666,0.04359891,0.9870368917467406,0.014440785528027586,0.0840502,0.11749003,0.8885660889091606
45,32,0.0016901527387829863,0.03071838,0.041115075,0.9884614937860406,0.016820531837376102,0.08512395,0.12561685,0.8837842136457702
45,33,0.001557335569512395,0.029512964,0.039463054,0.9893771108626045,0.014035862537899188,0.082149096,0.11674254,0.891171835960113
45,34,0.0013455573222425844,0.027475087,0.03668574,0.9908245543011845,0.016071604897401164,0.08557024,0.12411097,0.8886119477495216
45,35,0.0013072922315544265,0.026993971,0.036162905,0.9910868522122266,0.015499754010566644,0.0865364,0.12194277,0.8908191074281144
45,36,0.0012136829261359036,0.025418859,0.034830146,0.9917343474615156,0.014844047238251992,0.08110906,0.118883595,0.8883090319959966
45,37,0.0012720235216509654,0.0263886,0.035670266,0.9913321846968837,0.016580492657210146,0.0879027,0.12479309,0.8876517743365692
45,38,0.0011697974685409812,0.02545914,0.034205046,0.9920291800702721,0.01407691415598882,0.08063273,0.11541325,0.894424709289451
45,39,0.0011548055673157361,0.0255395,0.03398496,0.9921316059625341,0.015197522040190441,0.08602518,0.12018774,0.8880412149420864
45,40,0.0011750998699800415,0.025571946,0.034273636,0.9919962666435402,0.015193095181270369,0.0828955,0.11985681,0.8904895799791195
45,41,0.0011163711916137417,0.024628974,0.033414077,0.9923989178858766,0.014165342469433588,0.08136283,0.11568272,0.8940492541274531
45,42,0.0011258678747151725,0.024662547,0.033554908,0.9923299206622322,0.015181283666087049,0.08423709,0.11989064,0.8944597262576593
46,1,0.0958582145100999,0.26072824,0.30964294,-0.14947535273813617,0.06718023467276778,0.21301854,0.26070458,0.11545173362345167
46,2,0.05456858706251483,0.1849673,0.23361436,0.5155139040148927,0.037530437777084966,0.15570673,0.19457209,0.6804528215681236
46,3,0.03289288551346443,0.14113776,0.18135533,0.7449982097919909,0.028751604624890854,0.1292006,0.16951475,0.7673753102417662
46,4,0.023620476885307058,0.119140804,0.15368576,0.8247062165868919,0.025111525585608824,0.11476463,0.15766864,0.7998109421668517
46,5,0.018706926301330605,0.10563235,0.13675526,0.8639092033403792,0.021944058493578007,0.10724686,0.14740743,0.8230169789453075
46,6,0.015073170454598198,0.094689734,0.122768216,0.8921992908907912,0.022569450084120035,0.10311485,0.1476669,0.8316738388804729
46,7,0.012612783896223268,0.08682202,0.11229903,0.9105294681424879,0.021808705425688198,0.10329275,0.14601308,0.8424917729483699
46,8,0.010635118774860819,0.079781525,0.1031095,0.9250543647025026,0.01960463103439127,0.09850532,0.13765037,0.8529860835219673
46,9,0.008782637951825963,0.07244256,0.09372341,0.9385191777428548,0.021099611784198453,0.10360605,0.14287329,0.8435355649033446
46,10,0.007145892051875452,0.06603396,0.084512874,0.9503409278224801,0.01731699482271714,0.09406307,0.13030097,0.8615468663170147
46,11,0.005926120656359697,0.060129486,0.0769865,0.9589359211143491,0.017868378681928983,0.09201451,0.13058086,0.8662851019905916
46,12,0.005409654966451088,0.056839164,0.07351602,0.9626633392720575,0.017120534221508672,0.09215533,0.12982877,0.8616519732798887
46,13,0.004440274897954104,0.051736552,0.06664888,0.9693875156032137,0.018390073041830744,0.09111038,0.13105941,0.867609716591844
46,14,0.0039363312709066916,0.04909202,0.06274718,0.9729177198858786,0.021914947744725004,0.10030059,0.14412431,0.8596681264858017
46,15,0.0040589212951311305,0.049706485,0.063714765,0.9720770593041816,0.017364656519410864,0.08847098,0.1276841,0.878705138847246
46,16,0.0033525626368768446,0.04474839,0.05789988,0.9769881251083092,0.01633984184757407,0.092668325,0.12640795,0.8716830766618247
46,17,0.003063267573418322,0.042139072,0.05535549,0.9789958658574951,0.01639227582407849,0.08860726,0.12709095,0.8727223497503361
46,18,0.0027908070864826095,0.039809864,0.052775376,0.9809199986622817,0.017653516127860973,0.091855235,0.12955308,0.876115950776332
46,19,0.0027687968735182747,0.03985143,0.052606195,0.9810473646804111,0.01745430496521294,0.08673304,0.12895049,0.8684029439892671
46,20,0.002529297232362398,0.037368894,0.05029329,0.9826861316242935,0.016711705763425146,0.089116596,0.12602006,0.8750182911030936
46,21,0.002175810320355068,0.034856647,0.046653423,0.9851195342423181,0.017137611850297878,0.08729313,0.12708876,0.8741849177056118
46,22,0.002140269464612982,0.03512733,0.04627102,0.985364804428251,0.017373829464694217,0.08895063,0.12871987,0.8753619180103099
46,23,0.0020771014643397845,0.034097068,0.045579135,0.9858171843696266,0.018246873847341964,0.08923695,0.13218758,0.8725733958314508
46,24,0.0020414253690815313,0.033571318,0.045175407,0.986053124408187,0.018504173844121397,0.08885012,0.13145407,0.8779731954809182
46,25,0.0020808896036801218,0.033594962,0.045624223,0.9857924877251794,0.01772431764818196,0.088167936,0.12963867,0.8745830230465695
47,1,0.06955186926942562,0.21701956,0.26376373,0.29096632551641066,0.051458449102938175,0.18210673,0.2277437,0.5085796604375117
47,2,0.042093800363418095,0.16072388,0.20518225,0.6598525146231163,0.035814607715500255,0.14349584,0.18821472,0.7093396665167755
47,3,0.027471778235424345,0.12904613,0.1657405,0.7923191082633122,0.02982322751943554,0.12268616,0.16958629,0.7738746152936055
47,4,0.01987374970846087,0.11040179,0.14097635,0.8548913676493276,0.024801102500142797,0.10918328,0.1537922,0.80298749145109
47,5,0.015956550923602604,0.09797527,0.12632018,0.8852057492002612,0.02269367115306003,0.10234052,0.14624211,0.8252855566784505
47,6,0.013244276248336396,0.089561425,0.11507879,0.9057674755903579,0.02271401772408613,0.10058434,0.14498895,0.8381955236028618
47,7,0.010823546345215117,0.08115479,0.104032926,0.9237442230587832,0.022281422778697952,0.10149611,0.14394191,0.8516952699432161
47,8,0.009953350755690692,0.0774315,0.09975955,0.9300770947815816,0.02412487706169486,0.10254887,0.14885055,0.8358886295133644
47,9,0.007858485029139948,0.06858345,0.08864503,0.9451687785735802,0.02155663006539856,0.097412124,0.13914782,0.8529332178141681
47,10,0.00624582888210349,0.06150713,0.07899327,0.9567299832046249,0.01799033139832318,0.09342618,0.12929961,0.8637432840482986
47,11,0.005363397850768171,0.057207625,0.07323957,0.9629192013723762,0.02260529269863452,0.095225506,0.14100184,0.8536954807873666
47,12,0.005099672004885136,0.055959903,0.07141767,0.9647809038423594,0.01972939582940723,0.0952613,0.13555662,0.8586418821470105
47,13,0.0038414598980082947,0.048187338,0.061991215,0.9735736815043388,0.021161555545404553,0.09498711,0.13832839,0.857697802014343
47,14,0.003465489371218414,0.045576558,0.0588739,0.9762101858908949,0.02186667367017695,0.10015788,0.14289881,0.8624934091449793
47,15,0.003269137733585471,0.04415842,0.0571781,0.9775891698979087,0.01906168697002743,0.09229517,0.13193926,0.8695450168949849
47,16,0.0029991814696935016,0.041942626,0.05476974,0.9794325815232382,0.01797433295619807,0.0887721,0.12869245,0.8692888000322524
47,17,0.0030809049521764373,0.04253687,0.055506706,0.9788925935890839,0.015415555398379053,0.08322405,0.11939496,0.8867913698328422
47,18,0.0028041110131410865,0.04042262,0.052920938,0.9808209263813845,0.015732179695208157,0.086062506,0.121251844,0.8820202012253907
47,19,0.002945689697179804,0.04079952,0.054271057,0.9798255950451487,0.016379999462515116,0.08744321,0.122541755,0.8810731362947224
47,20,0.0026804427572778454,0.03871295,0.051774733,0.9816505520699117,0.01758417167833873,0.08754073,0.12875225,0.8701338179438357
47,21,0.0028391487724539416,0.04044792,0.053294737,0.980537940653613,0.01733748591504991,0.089754045,0.12687933,0.8742687809584674
47,22,0.0021143147496671946,0.03520158,0.04597595,0.9855574483999887,0.01939820242114365,0.09113457,0.13464683,0.8655827920982966
47,23,0.0021760496436008993,0.035504356,0.04665171,0.9851236851685627,0.016834127167905017,0.08780269,0.12610401,0.8800504567507916
47,24,0.002235592824350346,0.03560914,0.04728015,0.984714174793361,0.02119988658731537,0.094942756,0.14171983,0.8738221743310667
47,25,0.0022113294450557468,0.035034753,0.047028814,0.9848974771533358,0.015554613566824369,0.08759314,0.122752294,0.8791754514945486
47,26,0.0018238358849128622,0.03180652,0.042711534,0.9875418903469942,0.016657305881381035,0.08651907,0.12744078,0.882403928887216
