config_id,epoch,train_mse,train_qwk,train_pearson,valid_mse,valid_qwk,valid_pearson
0,1,4441.886791515023,-0.0008128486999363638,-0.01816436025088962,3949.2963046616815,0.0,0.12175827469507942
0,1,4444.603527864564,-0.0008439983431036691,-0.016758556302021978,3952.788524536429,0.0,0.2762932690213797
0,1,3303.351092795192,-0.0020862292715684294,-0.028120133941336518,2759.6371990880575,0.0,-0.10164755747500451
0,1,3303.239012998622,-0.002012689606242901,-0.028130084643494913,2760.034180786004,0.0,-0.10023013539278441
1,1,0.06502048131511083,0.5857754443640288,0.6505676436314471,0.03574889998709032,0.811213474598899,0.82634414683025
2,1,0.059780583813545805,0.6058313341945007,0.6824767806161969,0.0488421463824418,0.7651795258028575,0.8373593831909802
