config_id,epoch,train_mse,train_mae,train_rmse,train_pearson,valid_mse,valid_mae,valid_rmse,valid_pearson,learning_rate
0,1,0.029419655389523472,0.13033606,0.17147899,0.7780051038260332,0.02417432844285267,0.11238462,0.15610957,0.8158977972078538,1e-05
0,2,0.01234664258745142,0.08439446,0.11112167,0.913476422261182,0.01891731501005038,0.10001261,0.13830714,0.8669434177979601,1e-05
0,3,0.007583610907773771,0.06636903,0.08709471,0.9477647829861704,0.016008578764740378,0.089851685,0.12729234,0.8745083848678626,1e-05
0,4,0.005155061760174206,0.055409368,0.07180041,0.9647814458609247,0.01348012880063194,0.081335284,0.11691844,0.8925344502295895,1e-05
0,5,0.003962786064544289,0.048906684,0.06296235,0.9730632488086035,0.015977484869330913,0.088265955,0.12709945,0.878664831219447,1e-05
0,6,0.0031513490305251166,0.043266244,0.05614683,0.9785685115736954,0.01407240063417703,0.08391659,0.11937681,0.8935930421776845,1e-05
0,7,0.0025529052502597806,0.038302056,0.050539266,0.9827363499508031,0.015482369464330582,0.086049,0.1252046,0.8874128984840529,1e-05
0,8,0.002214521395098162,0.03567323,0.047057033,0.9850465718930559,0.014332377787300007,0.08281396,0.12051615,0.8929147002541838,1e-05
0,9,0.0020730643431493816,0.034130216,0.04552862,0.9859657214631489,0.014187447964946774,0.08144277,0.11992089,0.8892190453409706,1e-05
0,10,0.0020056415746651755,0.033216566,0.044782054,0.9864267415981464,0.014113630280782538,0.08185493,0.11961543,0.894216697187645,1e-05
0,11,0.0018099969741419146,0.03195627,0.04254859,0.9877410869937419,0.015520806891597912,0.086752124,0.12524775,0.8896432754297628,1e-05
0,12,0.0016994345783939797,0.03079279,0.041077502,0.9885979727455513,0.014800649811082554,0.08429488,0.122360066,0.8933287085733033,1e-05
0,13,0.0014867409973814115,0.028503472,0.038556997,0.9899473484450347,0.013651141595026409,0.08254131,0.117533855,0.8992830521857508,1e-05
0,14,0.0013866128120863773,0.027809517,0.03722779,0.9906278294102293,0.01357793202785413,0.08013819,0.1172318,0.8971989845868245,1e-05
0,15,0.0012942722130319282,0.026892522,0.03598519,0.991254702127719,0.015695114845315133,0.08643859,0.12601712,0.8885449087511262,1e-05
0,16,0.0013968748332623601,0.02762259,0.037383784,0.9905455742384696,0.013384388578641746,0.080580235,0.11645483,0.897610091148642,1e-05
0,17,0.0014588825933417432,0.027492205,0.03820462,0.9901326706842243,0.01360661348735448,0.08063591,0.1174511,0.9003242797646627,1e-05
0,18,0.0011561158809268036,0.025019387,0.033870563,0.9922628888997707,0.012477984681700709,0.077931434,0.11248198,0.9031340210262171,1e-05
0,19,0.0010870674090910713,0.024370689,0.032973256,0.9926614044031103,0.01502462117180888,0.08415222,0.12342914,0.8887536476468882,1e-05
0,20,0.001070291738912355,0.023749288,0.032711376,0.9927634672606298,0.01416261242195981,0.08251301,0.11981594,0.8978067552493886,1e-05
0,21,0.0010339533936165144,0.023602502,0.03216406,0.9930241176701768,0.015042885906209617,0.08344343,0.12334436,0.8907686549420358,1e-05
0,22,0.000946347585243096,0.022445202,0.030767256,0.9935984025630173,0.01346728904927322,0.080989555,0.1167371,0.896832673270624,1e-05
0,23,0.0009221630810222628,0.02260823,0.030357737,0.9937758955353507,0.015458913394939844,0.08555059,0.12514704,0.8899557273645228,1e-05
0,24,0.0008457866305748935,0.021530682,0.029083746,0.99429992697566,0.014028218827594106,0.08113972,0.11892768,0.8966611049480202,1e-05
0,25,0.0008073437862489827,0.020796008,0.02841807,0.9945520994110778,0.015005243866417677,0.08258765,0.12334489,0.8915665429788706,1e-05
0,26,0.0007500766847616968,0.020198507,0.027390346,0.9949452976605969,0.015106308470691417,0.08447071,0.12375569,0.8951313330776332,1e-05
0,27,0.0007692436828530726,0.020610405,0.027736835,0.9948154193575838,0.01378033978161747,0.080766894,0.11809506,0.8973045854864083,1e-05
0,28,0.0007198121033682489,0.01991736,0.026832493,0.9951419626845607,0.013805177901910307,0.08196867,0.118291125,0.8980060080425902,1e-05
0,29,0.000757354442612268,0.020479025,0.027517864,0.9948907784569566,0.014428833149226935,0.08229733,0.12095375,0.893500557123015,1e-05
0,30,0.0007013253512842508,0.01938893,0.026484925,0.9952689485312325,0.014712566391271711,0.083011225,0.1221172,0.892412587245852,1e-05
0,31,0.0006437049756114503,0.01858311,0.025377708,0.995656163849379,0.013531937293009833,0.07969986,0.11702035,0.9001545879530747,1e-05
0,32,0.0006392298200553001,0.018535366,0.025245208,0.9957109969195053,0.013851352979717948,0.08074196,0.11832039,0.8953231099286415,1e-05
0,33,0.0006131354285341935,0.018176923,0.024765592,0.9958645307952765,0.014106956216252272,0.081571676,0.11933138,0.8961873039876875,1e-05
0,34,0.0005693859589313281,0.017455222,0.023863602,0.9961568434854211,0.014114210376175362,0.080700226,0.11941971,0.8968614702063362,1e-05
0,35,0.0005358252973029462,0.01698164,0.023149185,0.9963891133595373,0.013786406825939021,0.08030901,0.11819048,0.8952973663291572,1e-05
0,36,0.0005859412182285396,0.017609153,0.024165945,0.9960594136696892,0.014993220125217232,0.08388411,0.123183645,0.8936861294245276,1e-05
0,37,0.0005630788542692533,0.017447054,0.02373204,0.996205893542428,0.015052035789402132,0.08415399,0.12350586,0.8906176316657934,1e-05
1,1,0.07769948271729887,0.23749132,0.27866885,0.2624667954904255,0.07746161689498911,0.2390633,0.27897498,0.4077978350838527,1e-05
1,2,0.06649951434988804,0.21553245,0.25785956,0.5121743982990083,0.05551549683635434,0.19980203,0.23655823,0.6088735486133102,1e-05
1,3,0.042892447769071765,0.16769934,0.20713405,0.7137779787467184,0.02831007218790344,0.13029996,0.16940331,0.7702528632116987,1e-05
1,4,0.024817159644460792,0.12181078,0.15756942,0.8294217689832364,0.02544595518985362,0.11770465,0.16063514,0.786985597881092,1e-05
1,5,0.01923200580610776,0.10517492,0.13854669,0.8649252296355835,0.02391666148563403,0.11230771,0.15573305,0.8118397134332694,1e-05
1,6,0.015514174224667374,0.095301226,0.12457002,0.8918453244875794,0.021330324783517294,0.10497667,0.14707395,0.8288004466357858,1e-05
1,7,0.01268441545060035,0.08597701,0.11265356,0.9126730512855069,0.019549649632676004,0.09853397,0.14078681,0.8463193996244345,1e-05
1,8,0.01002755181177924,0.07575177,0.100154765,0.9312100800765006,0.01921564946469853,0.10028927,0.13959101,0.8510974760682758,1e-05
1,9,0.008267876080153825,0.069335826,0.090903565,0.9438473185600995,0.019168954884797265,0.09728635,0.13940968,0.8531160680417164,1e-05
1,10,0.006838496686239557,0.063515544,0.08266874,0.9532842087771901,0.018869979839547777,0.09710512,0.13827963,0.8498688867383989,1e-05
1,11,0.0055982568894217015,0.056991808,0.074813426,0.9618735256763331,0.016679756736805388,0.0916151,0.13001056,0.8673675313333457,1e-05
1,12,0.005042706407668073,0.05395943,0.07097957,0.9656420943529904,0.017329398876797682,0.09419255,0.1324682,0.869351849978105,1e-05
1,13,0.00422282703088245,0.04941419,0.06500072,0.9712872070436736,0.016566835482889373,0.091568,0.12960835,0.8730806888149295,1e-05
1,14,0.003958216923641647,0.04855253,0.06291564,0.9730639521412879,0.018778146242913896,0.09661851,0.13799493,0.8698385461455213,1e-05
1,15,0.0033122718111295297,0.043884926,0.05755775,0.9776282200800132,0.019478763975510245,0.097326405,0.14054525,0.8669767826692424,1e-05
1,16,0.0031085220601615167,0.042815328,0.055767573,0.9789031202869869,0.01525525257629515,0.08825929,0.12424277,0.8827753520082372,1e-05
1,17,0.003047122544464579,0.041677568,0.055208657,0.9793170403609067,0.01739194491852282,0.09418328,0.13277593,0.8764767821739593,1e-05
1,18,0.0025512665468459855,0.03791868,0.050373532,0.9828374724889842,0.016340841213672387,0.09170728,0.12838803,0.8750567888178005,1e-05
1,19,0.0023573719647225584,0.0369327,0.048561685,0.9839934790768323,0.0158451631863567,0.08846501,0.12664577,0.8822959929403441,1e-05
1,20,0.0025327286150450077,0.037930086,0.050308898,0.9828201926035142,0.01609716571531155,0.09033812,0.1275915,0.8870028334535235,1e-05
1,21,0.0023592833193055345,0.036593378,0.048583813,0.984024401138472,0.014278981502650789,0.08373907,0.12024885,0.8920801659967149,1e-05
1,22,0.0018739025558078598,0.0326396,0.043287095,0.987326409355981,0.016869220240214082,0.09133752,0.13077757,0.877411315392079,1e-05
1,23,0.0020417930146688257,0.034305412,0.04519016,0.9861474055379233,0.014525897274897606,0.08724842,0.121220924,0.8877785638945912,1e-05
1,24,0.0020872310194654433,0.03428963,0.045692213,0.9858147767811046,0.017647092873058108,0.09121294,0.13371614,0.8751795933460743,1e-05
1,25,0.0021026017009283682,0.034711976,0.045834374,0.9857451157942793,0.015415540114864361,0.089584365,0.12465134,0.8866889235112183,1e-05
1,26,0.002059883626715648,0.03352714,0.04538787,0.9860128838351995,0.01629149004885996,0.08902129,0.12808982,0.8789921264175676,1e-05
1,27,0.0019567591028126713,0.032643095,0.044238012,0.9866978443175543,0.014164503068766661,0.083154276,0.1196175,0.8931527428273891,1e-05
1,28,0.0018758362072059465,0.03263936,0.04330956,0.987287713630462,0.016812226170225552,0.09152247,0.13051508,0.8836491871003906,1e-05
1,29,0.0018885314747736442,0.03177523,0.043469183,0.9871526603438258,0.0156733494915426,0.08726256,0.12606163,0.8794305197884649,1e-05
1,30,0.0019122692712155067,0.032718368,0.04371106,0.9870135609036482,0.01488881968166593,0.085765846,0.12276164,0.8870077535621647,1e-05
1,31,0.0015868334669215064,0.030006286,0.039843813,0.9892447278715619,0.014361246999922313,0.08378535,0.12037693,0.8898141166772178,1e-05
1,32,0.0013687883098423427,0.027256358,0.036989477,0.9907378597758562,0.013941133858342827,0.08290724,0.11870407,0.8932943770596399,1e-05
1,33,0.0013929299449087522,0.027758213,0.03732854,0.9905588561643286,0.0163099256123705,0.08822711,0.12859882,0.8867487802189469,1e-05
1,34,0.001252330918708981,0.026566865,0.03538578,0.9915239276073745,0.015432175604574796,0.086948976,0.124754995,0.8863935709203897,1e-05
1,35,0.0011488179623688028,0.024592664,0.033902954,0.9922108328556742,0.014439897239854973,0.08377334,0.12095578,0.8913042883160647,1e-05
1,36,0.0012151735705697108,0.025912745,0.03482272,0.9917812598042184,0.015093374712806609,0.085584514,0.12351156,0.8893413465749652,1e-05
1,37,0.0010415212335293485,0.023979267,0.03227397,0.9929540682595428,0.014866960893548956,0.085629806,0.12278522,0.8889599102541696,1e-05
1,38,0.000956175720124792,0.023052998,0.030926326,0.9935456808971702,0.013758985305213611,0.082392745,0.117993474,0.8945614599849757,1e-05
1,39,0.0009904377494787577,0.023175452,0.03147901,0.9933045797816091,0.01610712917075337,0.08722874,0.1275588,0.8795084255897244,1e-05
1,40,0.0010493263386205033,0.02427405,0.032398213,0.9928863593167765,0.013378463697369659,0.08126566,0.11632796,0.8970954408144398,1e-05
1,41,0.0009830613024962213,0.02270677,0.031361338,0.9933637495465871,0.016998403012554196,0.09023936,0.13120332,0.8779228831348822,1e-05
1,42,0.0009494301591509279,0.022321558,0.030817095,0.9935677151386556,0.017707446655819054,0.09149671,0.13385515,0.8770656165864051,1e-05
1,43,0.0007899497960611412,0.020973522,0.028107781,0.9946639917656629,0.015458644501416496,0.08552909,0.1251382,0.8844866705229455,1e-05
1,44,0.0007248079921622622,0.019571196,0.02690405,0.9951098204621194,0.015033646040440848,0.08430867,0.12343713,0.8899620796754381,1e-05
1,45,0.0007466036054869891,0.02022976,0.027325233,0.9949526726347325,0.014738752470024067,0.08526844,0.12215189,0.8877891967448533,1e-05
1,46,0.0007010847274503708,0.01971987,0.026481016,0.9952698108623671,0.016375816647403688,0.08749157,0.12886423,0.879830964304634,1e-05
1,47,0.0006480518085711388,0.018486056,0.025432356,0.9956384629137546,0.014669460189098673,0.08436559,0.12196393,0.8908807333948585,1e-05
1,48,0.0006480407182989948,0.01847172,0.025457721,0.9956330496049574,0.015733740337762155,0.08633826,0.12623236,0.8861439710246646,1e-05
1,49,0.000647369177048408,0.01870447,0.025450133,0.9956262711120748,0.014317223962818927,0.08313274,0.12044657,0.8927525923860111,1e-05
1,50,0.0005934565407978115,0.017761793,0.024367427,0.9959939135926901,0.014924808701767621,0.08412868,0.12287023,0.8887638321615585,1e-05
1,51,0.0006204249481009347,0.018304594,0.024914464,0.9958047494480204,0.015436415116440642,0.08485384,0.12494201,0.8842235942887459,1e-05
1,52,0.0006182293496859979,0.017882988,0.024870915,0.9958237119221109,0.015519813366053212,0.08559719,0.12513015,0.8863897586714892,1e-05
1,53,0.0005463287081519725,0.016905565,0.023369417,0.9963199727605369,0.015439316283273339,0.08574267,0.12508337,0.8866776100195732,1e-05
1,54,0.00048275777291105737,0.015899746,0.02196668,0.9967448299226752,0.0161873919941071,0.088016495,0.1280592,0.8845371367327489,1e-05
1,55,0.0005006508484854332,0.015860122,0.022379871,0.9966282757216957,0.015811348775901866,0.08708329,0.12649314,0.8858541877590519,1e-05
1,56,0.0005531516794817605,0.016439874,0.023518506,0.9962591376002602,0.015921992372669693,0.08633941,0.12697639,0.8850894771219654,1e-05
1,57,0.0004995482514910079,0.01573784,0.022346137,0.9966313158120998,0.014663022201771295,0.081926264,0.12191987,0.8888925845758056,1e-05
1,58,0.00047616091844128423,0.01552081,0.021827066,0.9967956345059235,0.015037842650026842,0.083976425,0.12335904,0.8880669647347691,1e-05
1,59,0.0004468011541195461,0.014872425,0.021136016,0.9969893298303236,0.015221856051573047,0.08434192,0.12420442,0.8855254714377554,1e-05
2,1,0.026090815585818158,0.12183996,0.16149205,0.8052616491152617,0.021982744560335523,0.10800552,0.1486757,0.8341189688634701,2e-05
2,2,0.010898222701262821,0.079030216,0.10437064,0.9235823376374627,0.02069446333916858,0.09957274,0.14468107,0.851500734803673,2e-05
2,3,0.007270279335465024,0.06442617,0.08528139,0.9495840022129303,0.015957351957223618,0.0905311,0.12700546,0.8706885258791528,2e-05
2,4,0.005118603889348157,0.05460986,0.071561016,0.9648509977272309,0.015537177993489118,0.0877927,0.12550649,0.8817264062388507,2e-05
2,5,0.0034543553208274042,0.04495463,0.05877321,0.9764560941890299,0.01601051347097382,0.08979437,0.12738976,0.8728094107347525,2e-05
2,6,0.0029837812102941315,0.04175617,0.054620564,0.9796595636338604,0.01537493242735595,0.086641386,0.12468887,0.8780360217165002,2e-05
2,7,0.0025104484478012815,0.038108196,0.05010833,0.9829258055464446,0.015209276906615641,0.08523432,0.12412162,0.8816107194421461,2e-05
2,8,0.002246429738164314,0.03577065,0.047381688,0.9847387250594275,0.018011234896861156,0.094011605,0.13513489,0.8680881296849864,2e-05
2,9,0.002123836057193177,0.034832567,0.04608873,0.9855710289009876,0.016341110633355263,0.08871193,0.12863012,0.881760401434761,2e-05
2,10,0.0019045323371188337,0.03276479,0.043647274,0.9870558494306627,0.01534376469121694,0.08803127,0.124601476,0.8807952787666813,2e-05
2,11,0.0017792476446289738,0.031785294,0.04218561,0.9879186723529322,0.01606907353669629,0.08781011,0.12747607,0.8761683652230852,2e-05
2,12,0.0017352366569135722,0.031621516,0.04158339,0.9882449917217406,0.017216155647205328,0.091445476,0.13189326,0.8790775774471348,2e-05
2,13,0.0015902330665042673,0.029884035,0.039880138,0.9892016837699429,0.014567178449834938,0.08417738,0.121399045,0.8894377914522894,2e-05
2,14,0.0015343165610302604,0.029174058,0.039159834,0.9895856298443572,0.014943671513551467,0.083666734,0.122715496,0.8878937518392027,2e-05
2,15,0.001404824502166614,0.027421584,0.037491154,0.9904702186852625,0.01543658066118412,0.08630232,0.12491631,0.8841172050244079,2e-05
2,16,0.0012276543338204952,0.025925472,0.035044104,0.9916783410852503,0.013342010102523663,0.08109854,0.11630087,0.8958323438102015,2e-05
2,17,0.0011054150714937061,0.02494103,0.033254202,0.9925175377879494,0.015722637447955396,0.08841822,0.12617202,0.8920086081097625,2e-05
2,18,0.001122288516624088,0.025088815,0.033348642,0.9924613395496565,0.01449866619090143,0.0863006,0.12125496,0.8890056275243272,2e-05
2,19,0.0011309399538884668,0.025073454,0.033621136,0.992332216800102,0.015113897303645327,0.08678254,0.123635836,0.8889641280527291,2e-05
2,20,0.0010909886390835938,0.024348259,0.033032484,0.9926000709838215,0.015873755228110693,0.08705015,0.12658335,0.8835709190090566,2e-05
2,21,0.0009366534568003755,0.022649206,0.030609645,0.9936719539218257,0.01648069829766259,0.08896966,0.1291054,0.8811395436391913,2e-05
2,22,0.0009068685193826546,0.021889051,0.030111767,0.9938541093289028,0.015754152850368647,0.08890634,0.12566766,0.8870010621207365,2e-05
2,23,0.0009569785457710865,0.022913031,0.030929722,0.9935070656265526,0.01475869014824706,0.085106485,0.12192998,0.8908199500673357,2e-05
2,24,0.0009107747272511881,0.022389736,0.030178955,0.9938284283761991,0.014364444053003186,0.08305536,0.120124914,0.8939425624645126,2e-05
2,25,0.0008042632119491896,0.020763543,0.028364379,0.9945512775271292,0.015030327758587966,0.08364816,0.12328163,0.8860911034824153,2e-05
2,26,0.0008205771992009848,0.021021655,0.028652757,0.9944394197543384,0.0160749407088453,0.08721884,0.12720783,0.8865581946583846,2e-05
2,27,0.0007369772616472044,0.02008423,0.027145235,0.9950144626106194,0.014526877455258122,0.0831479,0.12118952,0.8923907532355501,2e-05
2,28,0.0007536939131666692,0.020004865,0.027454315,0.9949012560454681,0.014398783329481914,0.08278502,0.12045864,0.8939504839374064,2e-05
2,29,0.0007054028214697269,0.018824108,0.026564334,0.9952248361626519,0.015373843791571239,0.08470465,0.12453612,0.889578701576434,2e-05
2,30,0.0006167761297564259,0.01789447,0.024839398,0.9958293544960188,0.014378745220946494,0.08264302,0.12033175,0.8937036146949563,2e-05
2,31,0.0006652857581361659,0.018616984,0.025791885,0.9954973351564779,0.0159684372666999,0.08764369,0.1264698,0.8908454373085838,2e-05
2,32,0.0006185395469894552,0.017490035,0.024842983,0.995821151982128,0.015732941478577064,0.08507955,0.12570135,0.8845655635295462,2e-05
2,33,0.0005867498607288232,0.017240178,0.024225464,0.9960301629141596,0.016825057830256236,0.088114835,0.13026184,0.8826337487362924,2e-05
2,34,0.0006030154304511105,0.017840087,0.024559878,0.9959147057508354,0.017912233405729273,0.09073451,0.13441157,0.8771091551059379,2e-05
2,35,0.0006114576507566496,0.01772427,0.024729924,0.9958622721865061,0.01490230307077851,0.084090956,0.12262142,0.8898632253332567,2e-05
3,1,0.07444158792887405,0.22960338,0.27274945,0.29330873872829993,0.06732783338951843,0.22032627,0.2607522,0.5217781336892708,2e-05
3,2,0.04983092009423901,0.17967027,0.22323748,0.6400814551657003,0.030051819176016445,0.13472773,0.17451708,0.7650875505876064,2e-05
3,3,0.024189519086117186,0.119859405,0.15554509,0.8299031854020297,0.023014500741232444,0.11318755,0.15276241,0.8024112143306579,2e-05
3,4,0.01776672598484808,0.10130233,0.13331376,0.8749439375099445,0.020818563525271776,0.10558129,0.1452665,0.8288321194733176,2e-05
3,5,0.013764729925973131,0.08975487,0.11730229,0.9045703586662064,0.01930338959143514,0.101314895,0.13991155,0.8530109017951211,2e-05
3,6,0.010490963537279716,0.07888062,0.10242691,0.9280466310468686,0.01657880456682674,0.09414682,0.12965415,0.8675201078207645,2e-05
3,7,0.008784918383005397,0.07186368,0.09375215,0.9397634007947009,0.017819860881394964,0.098689444,0.13441695,0.8780221099502784,2e-05
3,8,0.00660546433787671,0.061604064,0.0812809,0.9548515306725157,0.01564203232636727,0.09055099,0.12594317,0.8793574493745662,2e-05
3,9,0.005534921810041817,0.05698299,0.07438309,0.9622150360416958,0.014781047013659392,0.08956211,0.12242814,0.8842374477293543,2e-05
3,10,0.0046492578028710764,0.05188139,0.06817228,0.9683142827990958,0.013506561353736927,0.08469909,0.11703088,0.8924907631878994,2e-05
3,11,0.004003445940750714,0.048022214,0.06326168,0.9727298646631751,0.012848396747223753,0.08143384,0.11414301,0.8989642507902361,2e-05
3,12,0.003661329399483718,0.04658775,0.060450666,0.9751061539043182,0.013447729051323323,0.08492584,0.1167735,0.8950017828890237,2e-05
3,13,0.003209925585447606,0.04281695,0.056672577,0.9781383899317091,0.014500395928970884,0.085460536,0.12123577,0.891402846313645,2e-05
3,14,0.0030569551032623788,0.04200691,0.055273768,0.9792086788063696,0.015444987608740727,0.08884455,0.12508617,0.891343493696514,2e-05
3,15,0.002625443971672883,0.039081722,0.051244408,0.9821961680144242,0.0145005406112533,0.087100305,0.12125919,0.8955372920831957,2e-05
3,16,0.0025804302631471064,0.038969744,0.050805,0.9824103069811864,0.012506109094694559,0.08054688,0.1126116,0.9008431045681338,2e-05
3,17,0.0022741285302400453,0.03635826,0.04769194,0.9845591321644886,0.01253871544462594,0.08176796,0.1126454,0.8999810256307381,2e-05
3,18,0.002649342355381063,0.0386392,0.051348682,0.9820652512963352,0.015746947630153347,0.092503116,0.12626685,0.8920457493985321,2e-05
3,19,0.0026545768837635156,0.03806488,0.05152276,0.9818640444802601,0.018534887245685375,0.094784126,0.13709705,0.8663006908448706,2e-05
3,20,0.002280703515969214,0.036356643,0.047748752,0.9844787292501681,0.015204706160282647,0.08589051,0.12410944,0.885645169476578,2e-05
3,21,0.0020508007606690414,0.034191437,0.045288768,0.9860650364190819,0.015125882135988731,0.08851513,0.12375575,0.8926436483854339,2e-05
3,22,0.002502460592516731,0.036776155,0.049987353,0.9829327056851983,0.01667300407576409,0.09262554,0.12989701,0.8674805243873553,2e-05
3,23,0.0023492218948104834,0.03642793,0.04846389,0.9839726836540602,0.014541537806508131,0.08567455,0.12141602,0.8884968259855278,2e-05
3,24,0.0019692360964544153,0.033170894,0.044384036,0.9866117418916289,0.015331438509747386,0.087325945,0.12458494,0.890478431386549,2e-05
3,25,0.0021346682249407923,0.034340613,0.046215,0.9854302023215432,0.015458671152979756,0.085483104,0.12511756,0.8893910886365823,2e-05
3,26,0.001976658661503543,0.03306596,0.044464394,0.9865293015464078,0.016299643686377548,0.0873957,0.1285241,0.88382489738609,2e-05
3,27,0.0017062350244852378,0.031336296,0.041313834,0.9883985992197355,0.014277730966922617,0.085388005,0.12032746,0.8969055211955715,2e-05
3,28,0.0016912327081941652,0.031136533,0.04113048,0.9884938782365056,0.014052943403065135,0.08385249,0.119366705,0.893727254648299,2e-05
3,29,0.0016607362227132908,0.030549293,0.040757366,0.9886979883468836,0.01812993866419506,0.09600863,0.13532402,0.8847950006041896,2e-05
3,30,0.0016277633292991374,0.030130656,0.040340573,0.9889344167994863,0.013745061916307788,0.08352642,0.11788966,0.8938500665748575,2e-05
3,31,0.0015955114620176734,0.029363975,0.039951358,0.9891396622634858,0.015281848781914622,0.08584333,0.12445031,0.8880840846473471,2e-05
3,32,0.0018865591555538154,0.031001024,0.0434322,0.9871520146670956,0.015278572758688824,0.08688941,0.12447157,0.8832655969894847,2e-05
3,33,0.0015586291371755153,0.029459855,0.039489213,0.9893796237516883,0.014708528911729378,0.08413256,0.12176154,0.8971769686539727,2e-05
3,34,0.0012366276964755098,0.026488103,0.035173908,0.9915871704485889,0.01444328340514605,0.086167365,0.121023394,0.8860931932214482,2e-05
3,35,0.0010490470644174048,0.023834024,0.032397,0.9928786204503083,0.014844117605308484,0.085580386,0.12262791,0.8917941518807907,2e-05
4,1,0.026718906415370728,0.12237263,0.16338643,0.7986969045718336,0.020581525463731615,0.10349432,0.14416738,0.837724910248265,5e-05
4,2,0.012832487468220398,0.08513468,0.113255285,0.9089967807076708,0.017110700133748144,0.09515834,0.13170727,0.8670257166631363,5e-05
4,3,0.008474953910463738,0.06962132,0.092071906,0.9407928786897075,0.01647607828986279,0.09332188,0.12910865,0.8707703843909048,5e-05
4,4,0.006002000403777091,0.059337452,0.077483766,0.9584906391092802,0.01649309692395575,0.09225428,0.12928958,0.8759480942533993,5e-05
4,5,0.004308293036140462,0.049831577,0.065627545,0.9704211714695169,0.01652305634882025,0.08941266,0.12932989,0.8663715852877073,5e-05
4,6,0.0037587819125997793,0.045598716,0.06132371,0.9741754954414831,0.015250247046491562,0.085282534,0.124351025,0.8758418373125106,5e-05
4,7,0.0030992313775505377,0.04215884,0.05564954,0.9787963331864501,0.01601755113828134,0.087994896,0.12733956,0.8747496778408029,5e-05
4,8,0.002524649333768181,0.03796208,0.050231636,0.982773935011889,0.020614728035474802,0.09893217,0.14458302,0.8324067976437385,5e-05
4,9,0.0028109842153575064,0.039537795,0.052951787,0.980807903586241,0.016694924537323123,0.08958462,0.13010879,0.869134124603852,5e-05
4,10,0.00249713820649559,0.037542693,0.049970523,0.9829311753777632,0.015559560297973533,0.086373456,0.12561303,0.8758752298491477,5e-05
4,11,0.0021008632507273943,0.03465877,0.045843374,0.98566015762159,0.016811566039568453,0.09157176,0.13054185,0.8731723670690121,5e-05
4,12,0.0019168433800417083,0.032771245,0.04372773,0.9869623016221931,0.014665896409429412,0.08318057,0.12194718,0.8829915271087985,5e-05
4,13,0.0016518638585056639,0.03030201,0.04065295,0.9887481126635518,0.016140672352371946,0.086245574,0.12745467,0.8718600283636068,5e-05
4,14,0.0017943966690539034,0.031940714,0.042355243,0.9877622783624186,0.016333005546281736,0.08843951,0.12867399,0.8756879509056607,5e-05
4,15,0.0018339135981817736,0.03194625,0.042834576,0.9874817754763233,0.018917245917556877,0.09476679,0.13849741,0.8609660009295899,5e-05
4,16,0.001819005637184788,0.032011766,0.04265834,0.9875877317534137,0.015401664468097605,0.08419814,0.12492463,0.876397823851379,5e-05
4,17,0.0016463681927532073,0.030537754,0.040578317,0.9887798734228744,0.01757328291380502,0.0896393,0.13347855,0.865435424353478,5e-05
4,18,0.0016040425733115065,0.029506523,0.039925124,0.9891404503192044,0.016370305354939774,0.08671505,0.12883084,0.8670927714364195,5e-05
4,19,0.001356304923825587,0.027256666,0.036835905,0.9907713508887313,0.01588845998991962,0.08751897,0.12692769,0.8787174070708397,5e-05
4,20,0.0011994400150681635,0.02501474,0.03463416,0.991846095070558,0.0184903774896628,0.09389005,0.13692023,0.868643270250088,5e-05
4,21,0.0010735194500877579,0.023608396,0.03277146,0.9927175540015089,0.019149640827284504,0.09483928,0.13929509,0.85991154788603,5e-05
4,22,0.0011350767487239746,0.02435847,0.033696167,0.9922711163241451,0.01801825776055921,0.08684501,0.13507895,0.8601744393796058,5e-05
4,23,0.0010904342686963075,0.024227269,0.03302681,0.9925810685735046,0.016165852640470903,0.087932415,0.12796597,0.8776394748716454,5e-05
4,24,0.0011902386555346174,0.025013393,0.034501977,0.9919016914028396,0.019349811158328387,0.08949892,0.13995212,0.8580491022981892,5e-05
4,25,0.001122100855329302,0.024077918,0.033482984,0.992376595914095,0.015630910190305224,0.08316678,0.1258714,0.8739976110061494,5e-05
4,26,0.0009133338056752483,0.021617088,0.030229902,0.993795047723583,0.0163007592215123,0.08656907,0.12856418,0.8738307254002927,5e-05
4,27,0.0008136386778315793,0.02115346,0.028529162,0.9944743358111655,0.01644751937204058,0.08863403,0.12876351,0.8750998415992703,5e-05
4,28,0.0008238078788130326,0.02078486,0.02870696,0.9943997971523626,0.015868167028033727,0.08588765,0.12675916,0.8780528103852256,5e-05
4,29,0.0008147359110246887,0.020394703,0.028548518,0.9944621331558297,0.015921235040338984,0.085682526,0.12703173,0.8772143067296214,5e-05
4,30,0.0008232186347609016,0.020723363,0.02869725,0.9944028607556443,0.015583730829314812,0.08462084,0.1254883,0.8804697323199514,5e-05
4,31,0.000668129555100609,0.018491877,0.025847359,0.9954658406386779,0.017403973997311875,0.09098826,0.13271582,0.8734926037732855,5e-05
5,1,0.06919982515397334,0.21960111,0.2629706,0.37253671869218336,0.04413287982310134,0.17266649,0.21102673,0.6759703139861919,5e-05
5,2,0.02849425152858075,0.131639,0.16879836,0.7977361064688865,0.024410927648811292,0.11383748,0.15714635,0.8106523684767081,5e-05
5,3,0.017226483179996154,0.09982002,0.13127917,0.8780595926195587,0.019736568076984474,0.10357289,0.14141366,0.8345443284399909,5e-05
5,4,0.011852167698116233,0.08403726,0.10887688,0.9177739060129114,0.017286192765082146,0.09517299,0.13239227,0.8569486826543248,5e-05
5,5,0.008469690711986302,0.07050151,0.09204061,0.9415316313791583,0.01605449086788145,0.09044476,0.12731925,0.8761653713626886,5e-05
5,6,0.006454754492577228,0.060891163,0.08033433,0.9556667022675978,0.014186864689690992,0.08739602,0.11989347,0.8850519686376962,5e-05
5,7,0.005196418138847182,0.055314403,0.07210109,0.964447162428807,0.013494611761955268,0.08357142,0.11683754,0.8939752571609768,5e-05
5,8,0.004328511346635831,0.05028712,0.065772526,0.9703943991744869,0.014050004773438289,0.08584382,0.11936415,0.8862609759967232,5e-05
5,9,0.0038770940841926877,0.04742792,0.062276118,0.9734986524060999,0.017625660685115254,0.092091255,0.13360237,0.8747703203259606,5e-05
5,10,0.0036068675709710453,0.04574949,0.060064517,0.9753239985114354,0.01823162292108733,0.092038356,0.13581872,0.8694824608441658,5e-05
5,11,0.003268840130284648,0.043591935,0.05716197,0.977678599226022,0.014462608692728854,0.08596578,0.121098556,0.8866055858751081,5e-05
5,12,0.003132439856631421,0.04274562,0.05592497,0.978617849111348,0.01888794160805884,0.09563394,0.13828216,0.8629545347161057,5e-05
5,13,0.0034918122763518233,0.044071186,0.05909795,0.9760658931849849,0.013993044740076314,0.08218851,0.118775606,0.8907719311327073,5e-05
5,14,0.0035758106329930655,0.04502962,0.059786722,0.9754855903270079,0.018308366931806732,0.09301045,0.13618262,0.8721270766053455,5e-05
5,15,0.003221091903020207,0.04228904,0.056760054,0.9779295324282599,0.01851958962086226,0.093604915,0.13704023,0.8671672688939784,5e-05
5,16,0.003044492386919463,0.04131624,0.0551793,0.9791910147546714,0.015399909248689827,0.087166145,0.12494993,0.879762497745686,5e-05
5,17,0.0031812305223526136,0.04177385,0.05640428,0.9781919535901193,0.02186882522289158,0.09994777,0.14888367,0.8521722320184647,5e-05
5,18,0.0029163340685249115,0.04068418,0.053843174,0.9801654265983302,0.016978130285106426,0.09286387,0.13116708,0.8774352402700583,5e-05
5,19,0.002581343493606867,0.038425654,0.05081274,0.9823497281057357,0.015919065383732906,0.08915831,0.12700836,0.878009249195478,5e-05
5,20,0.002636700392507341,0.038739685,0.05134728,0.9819658107921666,0.01874994795879401,0.09718615,0.13787256,0.8683539868930953,5e-05
5,21,0.001944241626694756,0.033672173,0.044102438,0.9867705185147063,0.017168316608553544,0.09075365,0.1319127,0.8708519399988914,5e-05
5,22,0.002580681535814577,0.036671028,0.050800312,0.9823466653161259,0.01671589363346963,0.092455104,0.13018377,0.8696976450931869,5e-05
5,23,0.0027642686328176198,0.039385162,0.05258871,0.9810692363986657,0.021182901984839526,0.098400615,0.14636056,0.8572636005206983,5e-05
5,24,0.0026770510426401507,0.037748646,0.05174858,0.981676109705519,0.021560042105395243,0.09906894,0.14760424,0.8494139586334574,5e-05
5,25,0.002124678470379231,0.034796365,0.046096887,0.9854926223849941,0.022099623346649524,0.10352923,0.14969221,0.862297556432008,5e-05
5,26,0.00213309648228392,0.03484754,0.04619242,0.9854307944475346,0.019868702330751584,0.091685034,0.14193666,0.8604476101494125,5e-05
6,1,0.03839131901364352,0.15080999,0.19578804,0.6927194276322752,0.032195827251093254,0.14082958,0.18008691,0.7408911014714146,0.0001
6,2,0.03349171985018559,0.13784413,0.18301328,0.7391740864795081,0.030842932085592852,0.13012987,0.17678896,0.747732252742167,0.0001
6,3,0.023316310363629654,0.114586934,0.1527176,0.827138599461593,0.026289345762321586,0.119090155,0.16275471,0.7867139622119694,0.0001
6,4,0.01584896240799544,0.09348832,0.12583393,0.8861505456603448,0.027165817400802754,0.12941375,0.16571039,0.7926230149190271,0.0001
6,5,0.011679603905220099,0.08374808,0.10808715,0.9173555548661801,0.027629608685081755,0.11513657,0.16724762,0.8161287470365348,0.0001
6,6,0.008201609413020795,0.06895335,0.09057318,0.9427216089469548,0.01963392677242626,0.10104305,0.14092618,0.8465862036672482,0.0001
6,7,0.006712231762041109,0.062157497,0.08191827,0.9534359227152936,0.020912761479310035,0.10166426,0.14561146,0.8335397383420652,0.0001
6,8,0.005161549885359878,0.05371043,0.07184538,0.9643649157989805,0.021601971673253166,0.10185341,0.14797464,0.8305922481959198,0.0001
6,9,0.004200506324110885,0.048517056,0.06481772,0.9710819470953258,0.022239543759496883,0.09989419,0.15006495,0.833746968524677,0.0001
6,10,0.0037594778427646647,0.046236854,0.06130513,0.9741629167532624,0.01847933602295126,0.095571436,0.13677816,0.8553933586058601,0.0001
6,11,0.00328707720105978,0.042545054,0.057340976,0.977466055199612,0.016907355880970566,0.09184447,0.13085015,0.8645374335366542,0.0001
6,12,0.0025633845733243794,0.038577266,0.050557725,0.9825186889871649,0.019715690424803783,0.09684695,0.14128014,0.8531063649741495,0.0001
6,13,0.0032312796741994177,0.040882703,0.0568467,0.977823147269002,0.02441841374254889,0.105840944,0.15716328,0.7996403053801482,0.0001
6,14,0.01879967941385985,0.08116339,0.13691062,0.865697646155627,0.08141000643027602,0.24499361,0.28619072,-0.14788487552295168,0.0001
6,15,0.07526215712461516,0.22502518,0.2743108,0.011435776425416199,0.06653328928061658,0.21402717,0.25928578,0.101440733336747,0.0001
6,16,0.07442595580784238,0.22255757,0.27278695,-0.002083948852779564,0.06459920660213188,0.20898405,0.25567785,0.13715203143917573,0.0001
6,17,0.07458176044067237,0.22355294,0.27317354,-0.013435967974019246,0.06969941914495495,0.22056499,0.26520157,,0.0001
6,18,0.07254148456572651,0.22020325,0.26925972,0.12693511930091672,0.07312850241928741,0.22764713,0.27149916,-0.40157430603650746,0.0001
6,19,0.07398280498428078,0.2228814,0.27200928,0.03624173967687631,0.06689204061748805,0.21477981,0.25995958,0.09059488128925945,0.0001
6,20,0.07416007799155157,0.22262055,0.27225175,0.009232140110391078,0.06692715018504748,0.21485047,0.2600255,-0.05632559998401204,0.0001
6,21,0.07417412292730133,0.22194858,0.27236658,-0.006979317430051528,0.06937824831240708,0.21990272,0.26460543,0.058822637460531485,0.0001
6,22,0.07076103243515522,0.21633014,0.26603848,0.19833036464119255,0.06728888673845816,0.21555178,0.26070428,-0.13572407540931086,0.0001
6,23,0.06701651185130261,0.20940892,0.25891215,0.3006113303393641,0.06995197254474517,0.22107184,0.26566958,-0.25898048783783933,0.0001
6,24,0.06790931782931107,0.21070859,0.2605341,0.2811726648798278,0.06833400090949403,0.217709,0.26266035,-0.10550722511205246,0.0001
6,25,0.06593264525927055,0.20663871,0.25681528,0.3245724652950053,0.06992381704212339,0.22101592,0.26561746,0.06036238081950262,0.0001
6,26,0.0644560853670385,0.20386972,0.2538493,0.354413472634598,0.07101450751846035,0.22331263,0.2676315,0.015701939968989418,0.0001
6,27,0.06522415161010957,0.20248558,0.25543252,0.33830539088884776,0.06991194029925046,0.22099227,0.26559547,-0.03824959971588976,0.0001
6,28,0.06592011022997289,0.20628631,0.2567403,0.3246775650855961,0.0702011794783175,0.22159204,0.2661308,-0.012324202324036427,0.0001
6,29,0.06428477816527413,0.20336886,0.25357965,0.3569027188544455,0.06911853438726177,0.2193514,0.26412264,0.29990239507489685,0.0001
6,30,0.0712450143917046,0.2166706,0.26689428,0.1858384835418438,0.06944054475537052,0.22003281,0.26472116,-0.24302758456879175,0.0001
7,1,0.06138811346277307,0.20373686,0.24771734,0.45462762707926235,0.028154069289383996,0.13124038,0.16850977,0.7742434487543108,0.0001
7,2,0.022052955999480837,0.114371106,0.14850116,0.8424671561306755,0.023967956895595072,0.11528967,0.15553072,0.828828704808171,0.0001
7,3,0.013510045955456993,0.089494824,0.116235815,0.9051516135781263,0.018196622932683332,0.096470885,0.13558882,0.8490346706123734,0.0001
7,4,0.00906195595238149,0.07296097,0.09520386,0.9371012624128232,0.013416414709623766,0.08446041,0.11659869,0.8899695694054304,0.0001
7,5,0.006623971117274165,0.062044118,0.081400245,0.95436216327236,0.018328974480499274,0.09612513,0.13565536,0.8666318123074472,0.0001
7,6,0.005774275462695144,0.057847593,0.0760059,0.9602022609669721,0.0158246406073751,0.087711796,0.12610686,0.870362353886563,0.0001
7,7,0.004611398949823397,0.052302234,0.06791493,0.9684000605234148,0.01605455127449844,0.08527197,0.12729673,0.8796890268249686,0.0001
7,8,0.004439355906971652,0.050397493,0.066622704,0.9695137063059899,0.018925842739581304,0.09398752,0.13844906,0.8555427608095915,0.0001
7,9,0.004689901958559331,0.05255723,0.068493955,0.9677226861324848,0.01874051037184135,0.09353456,0.13728935,0.8647836373292531,0.0001
7,10,0.0041126625517399675,0.04833187,0.0641354,0.9717545694517502,0.01636270332878835,0.0913184,0.12877138,0.8716793372653198,0.0001
7,11,0.003724798327256624,0.046580896,0.061041754,0.9744096353545825,0.01737095249376984,0.08993715,0.1325938,0.8680818218998071,0.0001
7,12,0.0045060726949495205,0.050994944,0.06704185,0.9690635164434199,0.01782151446106447,0.0940706,0.13383913,0.8700061295427337,0.0001
7,13,0.004562878965426985,0.050298467,0.067562796,0.9685386540802126,0.01785581003598593,0.09210297,0.13355862,0.8637252466301528,0.0001
7,14,0.003816625625217414,0.04583668,0.061783735,0.9737819955390062,0.020786296649560058,0.1052235,0.14467989,0.8762963918773802,0.0001
7,15,0.0033473120010669754,0.044017896,0.057867814,0.9770350289094791,0.021972159786080872,0.09936502,0.148888,0.8508367110314223,0.0001
7,16,0.003702992633373121,0.0454407,0.06086522,0.9745748485038594,0.016081422614513907,0.0879841,0.12770246,0.8786649463332288,0.0001
7,17,0.0033217396878307713,0.043624077,0.057624236,0.9772180035374176,0.01486132328648603,0.08625648,0.12239217,0.8837011478489941,0.0001
7,18,0.003233656694391926,0.043117654,0.056703832,0.9779452925837527,0.020777204608613695,0.098070204,0.1450325,0.8618668863113791,0.0001
7,19,0.004781405970975909,0.051175125,0.069155544,0.9670415874968408,0.024660620357651538,0.11074763,0.15804218,0.8353583187241305,0.0001
7,20,0.0046452187563313894,0.050624173,0.0681521,0.9679699754065919,0.017701074189972132,0.100478604,0.13378987,0.8596235790390864,0.0001
7,21,0.006499765909848915,0.061328854,0.08060856,0.9549546574333427,0.01629947743990838,0.09312203,0.12847552,0.8767537499242144,0.0001
7,22,0.003918353161195491,0.04630221,0.06257978,0.9730770073507057,0.01563346869079396,0.08962893,0.12589365,0.882835567273295,0.0001
7,23,0.0035911810779321184,0.044627286,0.05993691,0.9753271959788752,0.017485670249529735,0.09749129,0.13288265,0.8822953960365797,0.0001
8,1,0.032853580050596916,0.13849674,0.18119982,0.750507123983175,0.024782034370151383,0.11431755,0.15734811,0.8091558178343777,1e-05
8,2,0.014004063083154855,0.08961869,0.11834149,0.9020250257492577,0.023473354211697977,0.11128984,0.15309763,0.8374587735757374,1e-05
8,3,0.008769430542717227,0.071903035,0.09366026,0.9394951800497336,0.016903455895199267,0.0930155,0.12979369,0.867678953907325,1e-05
8,4,0.00597370220685517,0.059875026,0.077279806,0.9593046294988635,0.016071930941608217,0.08943509,0.12676196,0.8760044274151623,1e-05
8,5,0.0043527122807828274,0.050835088,0.06597954,0.9704534501775256,0.01745871336768485,0.09265113,0.13199697,0.8736629266959202,1e-05
8,6,0.0032686700945976843,0.0439022,0.057167325,0.9779151896735111,0.01624513024688457,0.08789503,0.12739135,0.8788639321154843,1e-05
8,7,0.0028288568776409866,0.040486593,0.05319438,0.9810015606867653,0.015889373357856163,0.08686474,0.12586589,0.8812077524721411,1e-05
8,8,0.0024507387494178768,0.037461296,0.049495753,0.9834331284124449,0.01569836715201813,0.08817184,0.12536366,0.88014325949505,1e-05
8,9,0.0022478100339714526,0.03588573,0.04739999,0.9848697606252544,0.015129460297800877,0.085963756,0.122772954,0.8882114712281697,1e-05
8,10,0.001871690548473325,0.032901347,0.043267608,0.9874341161730651,0.013950319633025813,0.08381607,0.118062496,0.8896479844787618,1e-05
8,11,0.001819162987630649,0.0320435,0.042642605,0.9877782976876284,0.01521614940699052,0.08579315,0.1234131,0.8832222684555431,1e-05
8,12,0.0016976778473537502,0.030506903,0.041167192,0.9885772106258927,0.01422105072480109,0.084019765,0.119366616,0.8917994649834489,1e-05
8,13,0.0014016078987700656,0.027870696,0.03743809,0.9906153214424147,0.014771567053954911,0.085860215,0.12150293,0.8944416946147206,1e-05
8,14,0.0013688048510689824,0.027800057,0.0369881,0.9908180127690939,0.014190670314106953,0.0825287,0.119149886,0.8940057346073573,1e-05
8,15,0.0013628553932793243,0.027046828,0.036920156,0.9908608178732311,0.015274694853427785,0.086633936,0.12356582,0.8916203067111491,1e-05
8,16,0.0012599122667006242,0.02632674,0.03550154,0.9915213831695554,0.013900985535993069,0.08435871,0.117911324,0.8955470344090409,1e-05
8,17,0.0013059870843195125,0.026803749,0.03614702,0.9912017684164396,0.013584933079848135,0.082197554,0.11650564,0.8979276555071563,1e-05
8,18,0.001156333914206409,0.024732932,0.033955738,0.9922652430587122,0.014390413235459063,0.08450675,0.1201113,0.8929422488579782,1e-05
8,19,0.0011153245436829498,0.024401601,0.033365082,0.9925242123173349,0.015245333926200314,0.08660747,0.12351477,0.8872906213157032,1e-05
8,20,0.0010641466106220679,0.023778263,0.032624606,0.9928453086453549,0.015370482846197707,0.086675964,0.12400141,0.8883224616623989,1e-05
8,21,0.0010297621541714218,0.02364714,0.032091755,0.9930917818092578,0.013781769957859069,0.082368664,0.11742453,0.8934611575420243,1e-05
8,22,0.0010310249083792947,0.023484422,0.032115966,0.9930811793478557,0.015736290219205397,0.08747854,0.12560514,0.8882715946907922,1e-05
8,23,0.0009461842372874233,0.022816509,0.030756848,0.9936399206723973,0.01546488378058981,0.08622221,0.12447299,0.8869296459185682,1e-05
8,24,0.0009023170205522394,0.022115521,0.030041602,0.9939579201290137,0.015601413910863575,0.08637582,0.12501258,0.8877125676503566,1e-05
8,25,0.0009199256682027268,0.021968897,0.030332679,0.9938017481389886,0.014646095698009487,0.0848898,0.121097796,0.8941046052055628,1e-05
8,26,0.0009132871240343154,0.022358816,0.030224385,0.9938581804197012,0.015371133987274434,0.08624351,0.12413816,0.894052135824948,1e-05
8,27,0.0008505473086987427,0.021313028,0.029166535,0.9942883381450495,0.014171870606434014,0.08314378,0.11909167,0.8961363244138091,1e-05
8,28,0.0008400953150744371,0.021218607,0.028986491,0.9943477830004664,0.01448618544532952,0.08490644,0.120440245,0.8938165596665161,1e-05
8,29,0.0007983525488993467,0.020748649,0.028257992,0.9946417638882585,0.015389483986870834,0.085869424,0.124166206,0.8881823515579149,1e-05
8,30,0.0007491624532223931,0.019899594,0.027374694,0.9949620224716913,0.0139723030518292,0.08289275,0.1182939,0.8962842751100151,1e-05
8,31,0.0006991715778903513,0.019435734,0.026446503,0.9953107554424869,0.014374465849767957,0.08415754,0.11999411,0.8940561928711276,1e-05
8,32,0.0007165795775967058,0.019424574,0.026762223,0.9951948083646682,0.013391493250512414,0.0806105,0.115784585,0.8976664346008241,1e-05
8,33,0.0007197051114740261,0.019603245,0.026831958,0.9951543564943841,0.014141060720215103,0.0824581,0.119024105,0.8956978851134489,1e-05
8,34,0.0006591907003894448,0.018463729,0.025677206,0.9955653315956144,0.014272935569924474,0.0828474,0.11961069,0.8953660840923635,1e-05
8,35,0.0006316501251340269,0.018307947,0.025134444,0.9957686179543183,0.015031195513007266,0.084607676,0.12273397,0.8930275787591503,1e-05
8,36,0.0006350090323258398,0.017927844,0.025191294,0.995732787821907,0.013622706747372393,0.08151763,0.1167853,0.898714305834254,1e-05
8,37,0.0006610061126058295,0.01864184,0.02571262,0.9955514319567622,0.01438341482921883,0.08332877,0.120045885,0.8920610232564009,1e-05
8,38,0.000661845028427757,0.018727548,0.025727792,0.99554919081504,0.013745774538687396,0.08328632,0.117407024,0.8943463133039157,1e-05
8,39,0.0005859772519836264,0.017374659,0.024213012,0.9960660594531946,0.014345742658608489,0.083499946,0.11990811,0.8927530221663282,1e-05
8,40,0.0005781999041522726,0.01765051,0.024019072,0.9961182543783098,0.01495470960745243,0.08401217,0.12233257,0.8941172368393956,1e-05
8,41,0.0005493714536293236,0.016993325,0.023440024,0.9963189103537164,0.01408079082655065,0.08275352,0.11873025,0.8952771444606639,1e-05
8,42,0.0005525217936091369,0.017339407,0.02349806,0.9962990448948783,0.014738719229138008,0.084217735,0.12153346,0.8924505487262363,1e-05
8,43,0.0005518823336982864,0.017011812,0.023495993,0.9962892578901625,0.013904009751665095,0.08350016,0.118093446,0.8932260172517903,1e-05
8,44,0.000544691190817018,0.016785156,0.023342017,0.996337013246545,0.014309473911352042,0.082778715,0.11980441,0.8948571071652639,1e-05
8,45,0.0005511618224755974,0.017125469,0.023476249,0.9962930348125858,0.01480991927113522,0.08502376,0.12189325,0.8896745429491878,1e-05
8,46,0.0005206945530755258,0.016434439,0.022817567,0.9964999071703189,0.01471356692922267,0.08376921,0.12147459,0.8946697191520455,1e-05
8,47,0.0004961056381893217,0.016083788,0.022254832,0.9966696406666953,0.014353095969892348,0.08386571,0.119978696,0.8934035842928886,1e-05
8,48,0.0004524076926130551,0.015556622,0.021265317,0.9969646360632226,0.01436489477917483,0.083413936,0.120080315,0.8944378529178915,1e-05
8,49,0.00047588630241929947,0.015512357,0.021775516,0.9968205835692424,0.01422801043803769,0.08348811,0.119488,0.8928011354739327,1e-05
8,50,0.000441946984771514,0.014906209,0.021024736,0.9970395137417488,0.013751785201882874,0.081605956,0.1174782,0.8996356924098464,1e-05
8,51,0.0004690409017899226,0.01576976,0.021660551,0.9968415768076853,0.014154150823338164,0.0820522,0.11910562,0.8971421565164794,1e-05
9,1,0.07599170411127472,0.23199163,0.2756432,0.23035009330260775,0.07677047810068836,0.23601176,0.27747864,0.2736179164535284,1e-05
9,2,0.06914465918823659,0.21884428,0.26297927,0.49942182083311315,0.06321258746363499,0.21192743,0.25191265,0.5468003656842491,1e-05
9,3,0.05342268211349288,0.18928847,0.23116234,0.6542242499216118,0.03884756508179837,0.15943143,0.19765206,0.7105385278087921,1e-05
9,4,0.030703480590448202,0.13845637,0.17518495,0.7978525521747184,0.0276461331932633,0.1264906,0.16646372,0.7711438626047903,1e-05
9,5,0.02182967380172286,0.11290539,0.14770782,0.8473530149907372,0.023859944918917284,0.1147975,0.15436062,0.807256643429237,1e-05
9,6,0.01762666771945622,0.10240237,0.13275374,0.8767556144706784,0.0225364340779682,0.1114874,0.1499061,0.8260462206662889,1e-05
9,7,0.015080889405151742,0.09445019,0.12283523,0.8950863051144421,0.022675549301008385,0.11034044,0.15032999,0.8422644547920518,1e-05
9,8,0.012361995966682889,0.08477103,0.11119129,0.9145809876693691,0.019677318563615834,0.10209855,0.1399831,0.8556838126827879,1e-05
9,9,0.010035507792767974,0.076986626,0.100173615,0.9318751587133747,0.020223884713939495,0.10270216,0.14184922,0.8533037526461662,1e-05
9,10,0.008644442263311732,0.0714,0.09296361,0.9411083593333992,0.019453549904196902,0.0998708,0.13915588,0.8526519033002563,1e-05
9,11,0.007052370768680159,0.064389385,0.08398205,0.9521569112244449,0.01742852136872157,0.09582,0.13168488,0.8618684268754672,1e-05
9,12,0.006066075538145813,0.060308736,0.07789649,0.9589054264303659,0.01605054636106447,0.09207882,0.12650435,0.8724031468235482,1e-05
9,13,0.005427055355709778,0.05753412,0.07367989,0.9632246542241676,0.0165398028653322,0.09284228,0.12832771,0.8757592418976903,1e-05
9,14,0.004512826436515854,0.05259395,0.06716896,0.9694445988376132,0.017083572016821966,0.09293337,0.13053621,0.8772509787628255,1e-05
9,15,0.003745025756853746,0.04794845,0.061207,0.9747633856249185,0.01642281142132426,0.09180168,0.1280279,0.8832074860767327,1e-05
9,16,0.0033212876669240017,0.044789933,0.05763743,0.9776108989227172,0.01406492219582476,0.085558146,0.11874722,0.8935656991798003,1e-05
9,17,0.003174737387415126,0.04382368,0.05634754,0.97860047502512,0.014872841571492178,0.0894454,0.12185057,0.8882761494003817,1e-05
9,18,0.002825869784786183,0.041553944,0.053123616,0.9809827362053904,0.016846641889531857,0.09221866,0.12988703,0.8844647210776264,1e-05
9,19,0.0026950496427059854,0.039355863,0.051887807,0.9817645627591746,0.012992563329775024,0.08251522,0.11378708,0.8995297037024285,1e-05
9,20,0.0024787378932619205,0.038216952,0.04976088,0.9833347900244868,0.014615869977407984,0.08597561,0.12080601,0.8893224383829973,1e-05
9,21,0.002473648248031457,0.037526913,0.0497445,0.983264365241782,0.013497715884888614,0.084090814,0.11600118,0.9015311428776331,1e-05
9,22,0.002341592854115172,0.03688965,0.048395183,0.9841347420466988,0.01464114960765949,0.086487174,0.12103233,0.8915705551414252,1e-05
9,23,0.0022106376659096804,0.035769995,0.047007013,0.9850681047739239,0.014636673981806746,0.08586353,0.12089499,0.891339292447798,1e-05
9,24,0.0019065964841621136,0.03330119,0.04366276,0.9871353064903529,0.014013910157330058,0.082567886,0.11816456,0.8983776322060866,1e-05
9,25,0.0019392804458909277,0.033190377,0.044028953,0.9868896189830114,0.013672019139415136,0.08258175,0.11672926,0.8990242010158005,1e-05
9,26,0.001818559467074435,0.031833388,0.04264629,0.9876815153669568,0.014061069581657648,0.084051,0.118426606,0.9001432140284908,1e-05
9,27,0.0019028521051508522,0.03246244,0.04361637,0.9871250961178593,0.015503194450435263,0.08866872,0.12432589,0.8952673945116584,1e-05
9,28,0.0018231162111732944,0.032012675,0.04269939,0.9876863566158615,0.013126025648994578,0.08244655,0.11442178,0.9041068705803676,1e-05
9,29,0.0015893946172616219,0.029759174,0.039871346,0.9892313448084595,0.01389315909775043,0.083166614,0.11761309,0.8977420695331667,1e-05
9,30,0.0014291908850724195,0.028282233,0.03779651,0.9903738065176969,0.013467052477170472,0.0833128,0.115960896,0.8958739891994824,1e-05
9,31,0.0015532781004010282,0.029431475,0.039412748,0.9895085471855058,0.012784502546613416,0.07941206,0.11278692,0.9019559582590564,1e-05
9,32,0.0014371144612919252,0.028309302,0.037911184,0.9903070431759282,0.013583935969681651,0.08099458,0.11610135,0.9004109803082451,1e-05
9,33,0.0014470745634617259,0.028159974,0.038023107,0.9902106408443868,0.01330156179351939,0.079545125,0.11515165,0.8973711706714544,1e-05
9,34,0.0012574308269241582,0.02619937,0.035465956,0.991522860343892,0.015661592396942002,0.08631241,0.12485367,0.8942868334286407,1e-05
9,35,0.0012658756414592096,0.026536781,0.035578188,0.9914567628894063,0.013696621991349038,0.080074936,0.11655731,0.9014741047333543,1e-05
9,36,0.0011965700891820898,0.0258002,0.034590814,0.9919147947223291,0.01425871740233291,0.082914926,0.119270355,0.8962671485805216,1e-05
9,37,0.0011388566820293656,0.02509032,0.033753023,0.9923069213291321,0.013830159075075277,0.08088971,0.11746606,0.8975453119698289,1e-05
9,38,0.0010584256310934184,0.02399037,0.03253897,0.992856034210303,0.01329912590207877,0.07992774,0.11513817,0.9025427323776399,1e-05
9,39,0.0009697185844989715,0.023106122,0.031142944,0.9934673311587044,0.013847980674149262,0.080522075,0.11752963,0.8934120363815281,1e-05
9,40,0.0009498069250915922,0.022733057,0.030810114,0.9935950284021627,0.014387651958882256,0.082252264,0.119616166,0.8945657375451349,1e-05
9,41,0.0008714549805568891,0.021504141,0.029517941,0.9941360717555765,0.014134643633884413,0.08296393,0.11852471,0.8976448557751069,1e-05
9,42,0.0008825294394185467,0.02191111,0.029703088,0.9940510635683317,0.014731112574399621,0.085014686,0.12138342,0.8905601084519793,1e-05
9,43,0.0008615269661591624,0.021770919,0.02935834,0.9941976427118693,0.014216022928141885,0.08346238,0.119258955,0.8945748714903191,1e-05
9,44,0.0008256850594088378,0.021021962,0.02874039,0.9944284115849266,0.01352209421047182,0.078798465,0.1163155,0.8994174699253179,1e-05
9,45,0.0009708292301549472,0.023155939,0.031165145,0.9934253093286853,0.014102947786105451,0.08383583,0.11878288,0.8897988221377061,1e-05
9,46,0.0008074383714582301,0.021029722,0.028416133,0.9945617553973509,0.01476291769736067,0.08393516,0.12152907,0.893834667114081,1e-05
9,47,0.000719437736844607,0.019823637,0.0268111,0.9951552323647861,0.013942812431465697,0.08234225,0.11818439,0.8981516267710373,1e-05
9,48,0.0008885016959368918,0.02106395,0.029814368,0.993993622601835,0.013705334617514853,0.08291153,0.117165126,0.893014600271272,1e-05
9,49,0.0008104749827125658,0.021034503,0.028433967,0.9945505769877407,0.013482336325708914,0.08014296,0.11619723,0.8999870520420628,1e-05
9,50,0.0006604638275628905,0.018928593,0.025703922,0.9955574159948792,0.015044396570711225,0.08427308,0.122759014,0.8915231947568985,1e-05
10,1,0.02704866410985972,0.12428238,0.16443343,0.7977457390386321,0.025583219938670045,0.11655232,0.15998952,0.820522546972166,2e-05
10,2,0.011170617973314442,0.080734745,0.10567743,0.9220845041443504,0.019819145625526155,0.10031336,0.14099282,0.8605838760302809,2e-05
10,3,0.006896885835443772,0.06407429,0.08306458,0.9524197576438658,0.017928143169868876,0.09369092,0.13382208,0.8627231885900581,2e-05
10,4,0.004620782533773683,0.05240512,0.06796601,0.9685081289319651,0.016150062558827578,0.08850438,0.12731148,0.8799302380612717,2e-05
10,5,0.0033189165430408947,0.043845415,0.05761623,0.9775023222854782,0.016226473091929046,0.087795496,0.12760395,0.8783761356619137,2e-05
10,6,0.00274578961690618,0.040015984,0.052388646,0.9813801568386156,0.014970307410867125,0.08545042,0.1224246,0.8890032600083103,2e-05
10,7,0.002342392924398393,0.0362803,0.048407394,0.9841382098856029,0.015327253732485351,0.08473209,0.123982705,0.8881350377624859,2e-05
10,8,0.0018664510929755752,0.032239098,0.04320426,0.9874041841523293,0.01600009172775403,0.08610916,0.12678945,0.8795462439999011,2e-05
10,9,0.0016484561845606898,0.030166307,0.04060433,0.9888757850426142,0.017860092921182513,0.09198215,0.13382535,0.8752175335936421,2e-05
10,10,0.0016015293923909472,0.02982389,0.04002269,0.9891740207438124,0.013727769117664409,0.08292056,0.1172326,0.8906337532669674,2e-05
10,11,0.0015490543889860996,0.029875858,0.0393514,0.9895529129717054,0.015243020753755613,0.084400624,0.12357038,0.8854628944930212,2e-05
10,12,0.0016756446180194965,0.030175054,0.040917248,0.9886787119781216,0.014247855740702815,0.08436269,0.119570374,0.8889931294626112,2e-05
10,13,0.0013900203197850698,0.027535094,0.037288573,0.9906420420620875,0.014758770250611834,0.08427882,0.12170342,0.8904426752883948,2e-05
10,14,0.0012863966594607935,0.0267819,0.035864513,0.991320294456973,0.016092085314017755,0.088460304,0.12703843,0.8869910535515223,2e-05
10,15,0.001138496452189871,0.024684466,0.033738926,0.992326807484129,0.015643609748049465,0.08665252,0.12527697,0.8892247026572556,2e-05
10,16,0.0009680146268293126,0.02307033,0.031116769,0.9934811622379519,0.014088740753423836,0.0824841,0.118676946,0.8965287385151228,2e-05
10,17,0.00105015273196688,0.023971785,0.032407586,0.9929126142906186,0.014985006009400994,0.08420012,0.122518875,0.8920885583575219,2e-05
10,18,0.0010103349651667784,0.023673192,0.03173099,0.9932063724879777,0.0141609160453771,0.083728485,0.11903452,0.8922499909334995,2e-05
10,19,0.0009941857512964145,0.023433514,0.03150577,0.9932918985030983,0.014687218030707704,0.08430522,0.121184856,0.8891565968452451,2e-05
10,20,0.0009860349593985452,0.0229519,0.03140614,0.9933499187573755,0.01489803344183774,0.08424716,0.122040376,0.8905924395770853,2e-05
10,21,0.0009596515182382862,0.02253611,0.030981904,0.9935115271585824,0.01511843855647991,0.08569914,0.12311746,0.8855509300637242,2e-05
10,22,0.0008475524749390337,0.021416094,0.029117448,0.9942798968696195,0.014886029547563306,0.0843933,0.12194502,0.8861028319406418,2e-05
10,23,0.0008758454954591101,0.021804314,0.029593004,0.9940955449377568,0.017093764204117987,0.09051835,0.13071549,0.8807457117023001,2e-05
10,24,0.0008730135205126733,0.021259509,0.029551271,0.994105852910893,0.016293395276146906,0.08678671,0.1277028,0.8807242818927397,2e-05
10,25,0.0008875278183601788,0.021640075,0.029786898,0.9939986801315721,0.01555544878701093,0.084595166,0.12481429,0.8887797142145841,2e-05
10,26,0.0007848939986216235,0.020500058,0.028018322,0.9946991169020388,0.015884316440119787,0.08623122,0.1259465,0.8893233062901945,2e-05
10,27,0.0007453014303426363,0.01981276,0.027305983,0.9949657329218919,0.014135516705681328,0.08294107,0.11879253,0.891989619267787,2e-05
10,28,0.0007097880749323483,0.01970368,0.026642468,0.9952090532879926,0.016953774995205027,0.089892425,0.13019517,0.8833534846077179,2e-05
10,29,0.0007786909217914136,0.020843912,0.027906455,0.9947364970817847,0.014803817888066449,0.0840796,0.12155689,0.8916044169820433,2e-05
11,1,0.07591629138860469,0.23230608,0.2754992,0.1961721125699551,0.07232682082664084,0.22778666,0.26938552,0.503129596260872,2e-05
11,2,0.06128485478182262,0.20420372,0.2475949,0.5589227602869479,0.041220837686624795,0.16627066,0.20345165,0.7168574948954033,2e-05
11,3,0.030452432102201697,0.13608457,0.17453974,0.7943080155922229,0.024597179075634037,0.1187949,0.1569316,0.7966471897890447,2e-05
11,4,0.02012261100413678,0.108452514,0.14183028,0.8595273024753147,0.023497699872004212,0.11317383,0.15323114,0.8124205931768639,2e-05
11,5,0.015419775703878395,0.0948996,0.12415235,0.8925921509867666,0.020810497898815408,0.10485335,0.14397013,0.8419119094869788,2e-05
11,6,0.011774853086229588,0.08442482,0.10850752,0.9197651104326251,0.01852621877979901,0.09945562,0.13602927,0.8533697576390724,2e-05
11,7,0.009577232053140004,0.076127455,0.09788956,0.935091514645601,0.018457736181854097,0.0959182,0.13570778,0.8632434922382605,2e-05
11,8,0.007551945928183915,0.06670316,0.08689825,0.9487152517949093,0.017145443793938116,0.09263011,0.13092825,0.8741342862956664,2e-05
11,9,0.005927509562956674,0.059703495,0.07700427,0.9598944853693854,0.016580493439471832,0.092062786,0.12878343,0.8730351862567313,2e-05
11,10,0.004959014390984759,0.055070315,0.07042652,0.9663259814111396,0.016151756384513445,0.09017545,0.12699325,0.8731252342210348,2e-05
11,11,0.004353985934715205,0.050489616,0.06598764,0.9705894149328645,0.0146227875051813,0.087499484,0.12081329,0.8860587664655509,2e-05
11,12,0.003711477017506661,0.04676434,0.060916204,0.9747684797186006,0.01414190137034489,0.08636942,0.11888595,0.8873276005574467,2e-05
11,13,0.0034334911835906486,0.04463162,0.05860646,0.9768136855540739,0.014107664978062665,0.08502511,0.11886959,0.8960890043621067,2e-05
11,14,0.00283623454736265,0.04081266,0.05325054,0.9807541562520745,0.01678029199441274,0.09096817,0.12974964,0.8854215199569364,2e-05
11,15,0.0025582123295105905,0.038164772,0.050588705,0.9827423245777572,0.014635009259951336,0.08674214,0.12111671,0.8903254450724473,2e-05
11,16,0.002282876891810795,0.0366395,0.04776926,0.9845710996121945,0.014913693277372254,0.08535931,0.12207654,0.8903101357112256,2e-05
11,17,0.0024176091507891037,0.03686845,0.04917804,0.9836074360387383,0.014957454460845501,0.0874721,0.122200675,0.8971856960800006,2e-05
11,18,0.0025813464565196064,0.03802107,0.05076291,0.9825371151573633,0.015134903692847325,0.08571479,0.123006195,0.8857313122687908,2e-05
11,19,0.0023564296959797094,0.036645606,0.048497997,0.9839882065637612,0.01536885989157276,0.08658188,0.12395711,0.8884568130661025,2e-05
11,20,0.002135423794753249,0.03491862,0.046212964,0.9855298266042591,0.013572573497960413,0.08140856,0.11646294,0.8983989747141401,2e-05
11,21,0.0019967142522724552,0.03352384,0.044690363,0.9864879846508811,0.01374352161117174,0.083393924,0.11718811,0.896414831405573,2e-05
11,22,0.001831496524718094,0.03203436,0.04279967,0.987613439078929,0.01563814051311325,0.08939384,0.12502521,0.8930182284889259,2e-05
11,23,0.0017145529312405858,0.031164324,0.04140375,0.9884286428474385,0.015185384153112493,0.085178055,0.12318087,0.8902803758102132,2e-05
11,24,0.0018665414523451902,0.032691393,0.0432035,0.9873256512554965,0.01490377008276819,0.08531642,0.121878594,0.8872116890025714,2e-05
11,25,0.0020056670461522925,0.033512883,0.04478337,0.9863838508324273,0.014476644453006211,0.08315504,0.12023991,0.8941975941623898,2e-05
11,26,0.0019589633436489493,0.03304805,0.044260122,0.9867168189934183,0.015520070851952941,0.08692143,0.12471849,0.8893001198475753,2e-05
11,27,0.001916912584726059,0.03274707,0.043781716,0.9869542393913316,0.015706152827651414,0.08647041,0.12534073,0.8875968907162207,2e-05
11,28,0.0018257524379720546,0.03176533,0.04272623,0.9876047285310573,0.01444659939604915,0.085495494,0.120231315,0.8962777162518841,2e-05
11,29,0.0015464281998128656,0.029736718,0.039315168,0.9895336802846442,0.015092181507498026,0.08588799,0.1230179,0.8917272395218182,2e-05
11,30,0.0013592897125010632,0.02817823,0.036864705,0.9907934814001063,0.014082314312906453,0.08198216,0.11857877,0.8921619094737182,2e-05
11,31,0.0013590126643669965,0.02807511,0.036867224,0.9908287536883859,0.014200705103576183,0.08442905,0.11872349,0.8923981716725203,2e-05
11,32,0.0013479277518497362,0.027704354,0.036709107,0.9908699597131945,0.013028638864246508,0.07940868,0.11406373,0.9005081394983915,2e-05
11,33,0.0012331947206386808,0.026493063,0.03511847,0.9916383595799396,0.014541833463159425,0.08529685,0.120449364,0.8955380272703236,2e-05
11,34,0.0012809517506059047,0.026244983,0.03579631,0.9913129351295256,0.015446012421442126,0.086876035,0.12441434,0.8939122725630733,2e-05
11,35,0.001155887567968582,0.025196461,0.033999443,0.992177120908291,0.01555972903346022,0.088616274,0.12481684,0.8919558758259254,2e-05
11,36,0.0009802802592743336,0.023151204,0.031305663,0.9933720784190655,0.01530784943692938,0.08578355,0.12390922,0.89017386958895,2e-05
11,37,0.0009084068628440929,0.022437586,0.030145524,0.9938581601424598,0.014415806538804813,0.08318496,0.1201852,0.892774052775652,2e-05
11,38,0.0008309815398163911,0.021288237,0.028829066,0.9943824300827808,0.014086389948648435,0.081694596,0.11878144,0.8929193223536251,2e-05
11,39,0.0008230674748714778,0.021397267,0.028690225,0.9944306794838104,0.013461553823651263,0.08212689,0.11590042,0.8937548179120209,2e-05
11,40,0.0008072231525419797,0.021276614,0.028391944,0.9945534291182725,0.014790945753230955,0.08348522,0.121639185,0.894411781278816,2e-05
11,41,0.0007308491586397999,0.020084875,0.027030354,0.9950727749394681,0.016242009156418068,0.08987419,0.12761724,0.8850018565580388,2e-05
11,42,0.000738567462313113,0.019966377,0.02717798,0.9950115923386702,0.013987915624898893,0.082373634,0.11832009,0.8946207975296967,2e-05
11,43,0.0006514317296550361,0.018755544,0.025529083,0.995591098244971,0.015087242897910377,0.08500167,0.12283288,0.8879047075715369,2e-05
11,44,0.0006896845903084396,0.019592436,0.026264085,0.9953330798831808,0.014577470599087301,0.0837294,0.12079434,0.8932634391408609,2e-05
11,45,0.0006812238355442473,0.01948358,0.026099008,0.9954010858969461,0.015479603777984503,0.08555359,0.12450301,0.885996757461521,2e-05
11,46,0.0007228174241543661,0.019691119,0.02688507,0.995108466168306,0.0151623142193313,0.085098766,0.12303193,0.8907002315909549,2e-05
11,47,0.0007101134583068398,0.020049041,0.026642246,0.9951936210365998,0.014806203147465433,0.08442049,0.12171058,0.8914872027627375,2e-05
11,48,0.0006693617717722523,0.019395724,0.025876608,0.9954698494656646,0.014665758013035412,0.08474386,0.12113671,0.890820245198105,2e-05
11,49,0.0006436234439929097,0.018717322,0.025314113,0.9956665252113241,0.014842706275413986,0.08422889,0.121989146,0.894611861954969,2e-05
11,50,0.0006219158275148105,0.018088486,0.024936236,0.995795540953501,0.014735429582220537,0.0854021,0.12157718,0.8941105420276413,2e-05
11,51,0.0005703807398285194,0.017443854,0.023888241,0.9961434880153786,0.01402690699668946,0.08112123,0.11821963,0.8913585348407481,2e-05
12,1,0.02552810065866074,0.12114414,0.15975669,0.8090205037627042,0.024602104030135605,0.11388028,0.15690829,0.8217957826458789,5e-05
12,2,0.011493721356175875,0.08203138,0.107204996,0.9190118858681602,0.020778211092369422,0.09969211,0.14441274,0.8462145379099059,5e-05
12,3,0.00795924489682314,0.06757663,0.08923653,0.9445666112022107,0.016853684162790025,0.09151679,0.12983353,0.8704178174445693,5e-05
12,4,0.005237615185302343,0.055134285,0.0723626,0.9639395696604748,0.019985072107778654,0.09505667,0.1417496,0.8637886713127768,5e-05
12,5,0.003403639071077004,0.044620384,0.05834176,0.9767117450290923,0.015726471009353798,0.08702392,0.12552153,0.8767113551122843,5e-05
12,6,0.0028640249479947194,0.039947577,0.05351254,0.9804248771180525,0.015051356163220826,0.083678916,0.12268367,0.8876278790593165,5e-05
12,7,0.0021018356083599616,0.034228593,0.045852914,0.9856979292380499,0.016512093599885702,0.08706202,0.1284622,0.8807489544675139,5e-05
12,8,0.0019272375773942037,0.032729216,0.043897733,0.9868918442306375,0.015801809253860957,0.08866651,0.12557822,0.8795338714852456,5e-05
12,9,0.0018431828419838937,0.032466054,0.042934358,0.9874708626721934,0.016994033362371503,0.08884274,0.13016903,0.8759096726116905,5e-05
12,10,0.0016512085952106253,0.030466678,0.04064011,0.9887711604507391,0.014854852032537261,0.085296795,0.12195818,0.8840792269245887,5e-05
12,11,0.001490591440899798,0.028722994,0.038609963,0.9898733156319159,0.014264907765512666,0.08090824,0.11924343,0.8887063589252441,5e-05
12,12,0.0013520569289233709,0.02743079,0.0367505,0.990833325255398,0.017271206421018752,0.08771973,0.1316341,0.8705195213524451,5e-05
12,13,0.00123060599747919,0.025945123,0.035078585,0.9916631492081128,0.017018370468307426,0.08944526,0.13046001,0.8768854302463437,5e-05
12,14,0.0013583589748930398,0.027365504,0.03685768,0.9907635283911862,0.016517783221961173,0.08822929,0.12829109,0.8796797466420636,5e-05
12,15,0.0012763315524386947,0.026057899,0.035726935,0.9913252216725498,0.016878205118700862,0.08750857,0.12984435,0.8762712002924724,5e-05
12,16,0.001212374428900505,0.025381764,0.034824055,0.99176124300043,0.015364939208935809,0.08473424,0.123961896,0.8827030824203418,5e-05
12,17,0.0012755257132050807,0.026011862,0.035718508,0.9913252483732912,0.015461600730540577,0.08527591,0.12439699,0.8854157990348576,5e-05
12,18,0.0011142493646143648,0.02494063,0.033328127,0.9924754007229165,0.014975816175272619,0.08475529,0.12221926,0.88464352622785,5e-05
12,19,0.0013189105685962425,0.027112326,0.036299124,0.9910319810924723,0.017912105657160282,0.090590484,0.13380298,0.8714624615408374,5e-05
12,20,0.0013039129540442802,0.026570858,0.0361115,0.9911236889817189,0.016786510228282876,0.08923432,0.12956747,0.8837617809793558,5e-05
12,21,0.0010507823780729003,0.02404272,0.03241055,0.9928761800134683,0.015812271498833543,0.08640715,0.12567975,0.885500720246316,5e-05
12,22,0.0009315402811272375,0.022452554,0.030523237,0.9936812934799691,0.015812351868522388,0.08532285,0.12562813,0.8794706314910565,5e-05
12,23,0.0008942013836675759,0.021426024,0.029902566,0.9939294472175125,0.015471363310805626,0.083479114,0.12427382,0.8860971935316232,5e-05
12,24,0.0008191915280846596,0.020886576,0.028614398,0.9944502619346512,0.015344350340051783,0.082385555,0.12371583,0.8833242524199294,5e-05
12,25,0.0007796190729665039,0.020135459,0.027923405,0.9947177208818355,0.015729722178851564,0.08444838,0.12536275,0.8843459087150064,5e-05
12,26,0.000982835133387011,0.022426752,0.03135569,0.99332322180194,0.017535419729365793,0.088176064,0.13246116,0.8757381330572624,5e-05
12,27,0.0009492203898164313,0.02256395,0.030807184,0.9935613614843866,0.01719843966593207,0.08882907,0.13083102,0.8752626459147916,5e-05
12,28,0.0008826917836363167,0.021612136,0.029714473,0.9940021686243256,0.016629406466597208,0.08486456,0.12886304,0.8803534549744813,5e-05
12,29,0.0007773153129759708,0.019983426,0.027884481,0.9947246678113904,0.017966390656376327,0.087877855,0.13388947,0.866926649809817,5e-05
12,30,0.0007722937504618938,0.019762931,0.02778874,0.9947639218121037,0.01614953383061759,0.08524319,0.12699513,0.8816491315823676,5e-05
13,1,0.07234630503944148,0.22593811,0.2689355,0.3343832303939028,0.05754312631432657,0.20132926,0.24040619,0.621699938503016,5e-05
13,2,0.03754515351975667,0.15213874,0.19378418,0.7288476209589619,0.027235470436237478,0.12606865,0.16515957,0.7916111476390125,5e-05
13,3,0.019477354161328175,0.10628068,0.13959363,0.862592400689603,0.021062021609395742,0.110284545,0.1449936,0.8233797219714996,5e-05
13,4,0.013814797025461133,0.09089081,0.11751082,0.9038331326423531,0.018758977427043848,0.09637704,0.13679197,0.8548932534058854,5e-05
13,5,0.009759108079532074,0.07594004,0.098793544,0.9329558433511923,0.01786313083505741,0.09575022,0.13364965,0.86417307668029,5e-05
13,6,0.007426875092091352,0.06575262,0.086170964,0.9490777331619623,0.016593439875308563,0.09182704,0.12892236,0.8711737122743722,5e-05
13,7,0.00585595388960955,0.059515752,0.076537564,0.9600098117685139,0.01717777789949819,0.089861795,0.13092093,0.8730067674601971,5e-05
13,8,0.00475878758567046,0.05309384,0.06898802,0.9675116516680672,0.015317786105529026,0.08667739,0.12362967,0.8816322613105256,5e-05
13,9,0.003955948118949483,0.0479663,0.06290223,0.9729475056951434,0.017392038557402515,0.09510372,0.13182059,0.8699257572660422,5e-05
13,10,0.0033006254572989246,0.043825816,0.057455376,0.9775736897325775,0.013913670615120619,0.08621061,0.11776414,0.8884101841922505,5e-05
13,11,0.003206716375286739,0.04336387,0.05662435,0.9781982806690117,0.014572981572537511,0.08317075,0.12064135,0.8876954782837239,5e-05
13,12,0.0032870909906314496,0.043636642,0.057315167,0.977552289944749,0.013739961052865343,0.08417341,0.117210045,0.8928532996073039,5e-05
13,13,0.002894362816358612,0.040155005,0.05380008,0.9803114677348264,0.01582318179619809,0.08672686,0.12575218,0.8844977689970642,5e-05
13,14,0.002503886954341014,0.037819546,0.050035004,0.9829471536195207,0.01833396352810302,0.09089761,0.13530265,0.8743467756505425,5e-05
13,15,0.0025447300774269414,0.038441833,0.05044815,0.9826904178026586,0.01635739827287142,0.088816546,0.12785153,0.882153635919435,5e-05
13,16,0.002460392542748068,0.03772084,0.049607962,0.9832430451409284,0.015007928720916863,0.08693018,0.12252699,0.882926123871222,5e-05
13,17,0.0022949834526804816,0.03572837,0.04791574,0.9843491248428057,0.014080879942479509,0.08348975,0.11856933,0.8897436652416948,5e-05
13,18,0.0019286098381641505,0.032684267,0.043844335,0.9869357446650889,0.015342239842370705,0.08754193,0.12390422,0.8882854441831494,5e-05
13,19,0.0021762811822520797,0.0348152,0.046619244,0.9852020974710923,0.01629777825265019,0.08543919,0.12772912,0.8776862238346185,5e-05
13,20,0.0026386813251774925,0.038632784,0.0513696,0.9819761708635989,0.015578676493734948,0.0872954,0.12475786,0.884604059705542,5e-05
13,21,0.0027846880712727017,0.03801677,0.052770667,0.9809982395821908,0.01612020229610304,0.089372486,0.12686059,0.8704210073757436,5e-05
13,22,0.0032759765713860794,0.04143209,0.057244122,0.9775261067141203,0.017824333126622217,0.09279715,0.13369189,0.8639513765680157,5e-05
13,23,0.0028095316718752435,0.040168762,0.05299533,0.9807859492493272,0.014802114805206656,0.08281857,0.12157944,0.8873546638193767,5e-05
13,24,0.002219759009761636,0.035788093,0.0471081,0.9848584279903365,0.020117675212936267,0.09247695,0.14196903,0.8631428500383684,5e-05
13,25,0.0023108864769940136,0.03551745,0.048077922,0.9842225952147792,0.017110177583095652,0.09056278,0.13086656,0.8869029868512784,5e-05
13,26,0.0016851447602607762,0.030646292,0.04105962,0.9885328304660007,0.01705388799395964,0.087855235,0.13043898,0.8763763011451824,5e-05
13,27,0.00170523770753007,0.030758547,0.04130182,0.9883867054973199,0.016149746736994496,0.08592383,0.12690087,0.881622170484317,5e-05
13,28,0.0014467718297692894,0.02891495,0.03804539,0.9901647302247902,0.0161883538649245,0.085944034,0.12720318,0.8888164513779069,5e-05
13,29,0.001375091150166384,0.028060673,0.03708669,0.9906516471475351,0.019042573550164147,0.091899514,0.13783213,0.8683177477808159,5e-05
13,30,0.001358303596117647,0.027431326,0.036854878,0.9907632812874071,0.015879485971742758,0.08442085,0.12581374,0.8818316005512813,5e-05
13,31,0.0012783781168645108,0.02692447,0.035752717,0.9913156915377475,0.018219355485160595,0.09113595,0.1347213,0.8704414274305057,5e-05
14,1,0.028053317507337257,0.12496974,0.16748302,0.7870497761543324,0.023793816669947572,0.10936907,0.15468064,0.8160656418495589,0.0001
14,2,0.015101957172982256,0.09328614,0.1228639,0.891858487158211,0.02191133146967601,0.10841637,0.14829528,0.8567599525876575,0.0001
14,3,0.009033074863603182,0.0717891,0.0950648,0.9367729476610052,0.018057541447450167,0.09628772,0.13456877,0.8689562162434774,0.0001
14,4,0.007118239572323928,0.06431345,0.08437288,0.9505340096218531,0.014616185475865172,0.085934795,0.12137516,0.8814835403456344,0.0001
14,5,0.005005180558285493,0.053923253,0.07076266,0.9655352472026139,0.014244609779712779,0.082732655,0.11987735,0.8876618630401673,0.0001
14,6,0.003508340540014547,0.045731425,0.05922865,0.9759267457506535,0.014525990467518568,0.08434566,0.12093832,0.8891396664368328,0.0001
14,7,0.0025592763338642736,0.03848263,0.050588157,0.9825270519849436,0.015293955686502159,0.083997995,0.12396729,0.8877792744337841,0.0001
14,8,0.0022238117641884677,0.035623822,0.04714525,0.9848766978652176,0.01569983931430788,0.087357335,0.12545106,0.8881792083985058,0.0001
14,9,0.00218806674643572,0.0346393,0.046781875,0.9850803405303653,0.01470347864691306,0.085037515,0.12145408,0.8863089794172151,0.0001
14,10,0.0018883518997452517,0.032859057,0.043454528,0.9871405075458314,0.013585161012424915,0.08043248,0.116846554,0.9016634790625903,0.0001
14,11,0.002461654084183006,0.03623792,0.049618475,0.9831724446503959,0.014818761096749868,0.083483465,0.122238465,0.880252862027655,0.0001
14,12,0.0021152453865168046,0.03490883,0.045961834,0.9855777108085517,0.015069387719483563,0.08576108,0.12316506,0.8835361420382822,0.0001
14,13,0.002100656292658021,0.033504415,0.045836873,0.9856691936018961,0.016285867007725215,0.087893255,0.12809566,0.8762307218095114,0.0001
14,14,0.0015918234856603405,0.030038351,0.03990156,0.9891368746473509,0.014627844526397961,0.083061546,0.12120516,0.8913765211362957,0.0001
14,15,0.0016244012031590765,0.029774304,0.04030993,0.9889558978136497,0.015521214257373853,0.08554849,0.12510802,0.88503303784593,0.0001
14,16,0.0014430490848319996,0.028020117,0.03799501,0.9901619759645754,0.01398934983579373,0.0826898,0.11841488,0.8893709675710929,0.0001
14,17,0.0012574355370867192,0.026569761,0.035466753,0.9914510220395495,0.013879001933943343,0.08255986,0.11814606,0.893300149143089,0.0001
14,18,0.0010963444613727032,0.024325386,0.03302264,0.992612632925515,0.014165254551227446,0.083077416,0.11938418,0.8889979772634954,0.0001
14,19,0.001539357753117486,0.028341189,0.039229203,0.9895214426824671,0.016679964390479855,0.08997539,0.12938844,0.875379086444417,0.0001
14,20,0.0019358199359859976,0.031760376,0.04398307,0.9867897090842644,0.017916652994851272,0.09292289,0.1345466,0.8732750985772644,0.0001
14,21,0.0016892114821462413,0.030663468,0.041108653,0.9884981251109003,0.01694863101605464,0.08769372,0.13067421,0.8683224473483206,0.0001
14,22,0.0014874093983486669,0.02892736,0.038573537,0.989861817386147,0.01627294239760549,0.08909004,0.12808491,0.879645603097236,0.0001
14,23,0.0010850287102941842,0.024346696,0.032946285,0.9926207283008521,0.016543502527013147,0.08732633,0.12906219,0.8739699254626222,0.0001
14,24,0.0009547905420417196,0.023061046,0.030897489,0.993516671262575,0.01695116410135395,0.08900749,0.13049525,0.8754671721500454,0.0001
14,25,0.0008184648145161021,0.020493286,0.028611664,0.994444203222085,0.016087301635976742,0.08631262,0.12714477,0.8767428103852475,0.0001
14,26,0.0009826948694481132,0.02230889,0.031340092,0.9933377005963193,0.01560683859753664,0.08546989,0.12524347,0.8836654248986986,0.0001
14,27,0.0009544260770848965,0.022650441,0.030892124,0.9935237574043142,0.016654226739235497,0.088677905,0.12906143,0.8765641297921811,0.0001
14,28,0.0008607376755301452,0.021584444,0.029344277,0.9941506689480211,0.016268582876633714,0.086456485,0.12774158,0.8805014233238898,0.0001
14,29,0.0008951735764181037,0.021643631,0.029921014,0.9939090900985451,0.01578561445111754,0.085692845,0.12603292,0.8806021899257297,0.0001
15,1,0.06852883914328903,0.21848468,0.2617511,0.3665550066751923,0.03944901320048504,0.16052291,0.19894417,0.7028799145861349,0.0001
15,2,0.0258151196894262,0.1242592,0.16067426,0.8147272949934748,0.024763113948413067,0.114194505,0.15723169,0.822678927164757,0.0001
15,3,0.015183701660270828,0.094856285,0.12324804,0.8935906057800893,0.018793448607471806,0.099445954,0.13673642,0.8478193437264673,0.0001
15,4,0.01047240224749581,0.0796481,0.102317035,0.9275495528902951,0.01859311388667535,0.09287518,0.13637486,0.8561028221820055,0.0001
15,5,0.0077614599298120035,0.067621976,0.08810975,0.9463011396365781,0.017715595464256627,0.092652924,0.13308652,0.8665474978847252,0.0001
15,6,0.005981564454333944,0.058160886,0.0773476,0.9589529919369102,0.018633754561758704,0.091848366,0.13689537,0.8585862092822933,0.0001
15,7,0.004664710723679669,0.051961433,0.068314485,0.9680394365176687,0.018374334951793705,0.090651035,0.13565776,0.8742634844483526,0.0001
15,8,0.0038381718992904074,0.04753502,0.06194817,0.9737280475539789,0.015607110720507248,0.08537829,0.1249474,0.8846955191368682,0.0001
15,9,0.0034466798283446965,0.044495925,0.058703415,0.9764673103454282,0.014033902695195543,0.08391747,0.11881367,0.89006589244694,0.0001
15,10,0.0032968345088949516,0.043220524,0.057416175,0.9774632319523765,0.013757374387717358,0.08462235,0.11780954,0.890116449981489,0.0001
15,11,0.0033709990607561527,0.043190427,0.058062915,0.976937194869827,0.013526285231044446,0.08028802,0.11661306,0.8909379828712245,0.0001
15,12,0.003441791035584174,0.043994877,0.058628418,0.9764401499740931,0.014226240700938635,0.08373952,0.119508505,0.8904438294752716,0.0001
15,13,0.0028381789580235587,0.04071536,0.053285543,0.9806263441786177,0.01566564182198986,0.08771073,0.1255991,0.8875820294434836,0.0001
15,14,0.002749051844318197,0.039874133,0.052434538,0.9811929709207224,0.017174660236816162,0.091345794,0.13085532,0.8884809692579626,0.0001
15,15,0.002439232831293169,0.037472878,0.049390655,0.9833626896251133,0.01941073232727056,0.095585704,0.13956015,0.8704698972045831,0.0001
15,16,0.0023348234286782042,0.037056234,0.048318125,0.9840504835513783,0.015271718135207064,0.085342504,0.12374805,0.8862688977990192,0.0001
15,17,0.0024798377225269067,0.037248813,0.049804803,0.9830640371287502,0.013773283550377798,0.08434403,0.11747089,0.894933683932392,0.0001
15,18,0.0048069006942373605,0.04951248,0.06932555,0.9668639501333839,0.021360914481596813,0.104786746,0.14620225,0.8338448177749282,0.0001
15,19,0.006493937848658066,0.06010222,0.080567636,0.9549697686109179,0.016663892565433075,0.092943266,0.12935215,0.8673740775684673,0.0001
15,20,0.004273588282940692,0.047443304,0.065328345,0.9706350417043105,0.024624836967430182,0.11305582,0.15648273,0.8237374612799528,0.0001
15,21,0.0038109508577775578,0.04629381,0.061747365,0.9737940152324557,0.01656948875946303,0.08972504,0.12862267,0.8839533296349011,0.0001
15,22,0.0033363154965559473,0.04006007,0.05775825,0.9771316598605126,0.017251604788557248,0.093631424,0.13178849,0.8656457594699678,0.0001
15,23,0.0037657725495540877,0.04484393,0.061371654,0.9741138351919766,0.019716146065750055,0.09554917,0.14038444,0.8677881835267461,0.0001
15,24,0.0026807111940100772,0.038494445,0.05177416,0.9816528768409469,0.01701802568924096,0.08338619,0.13060285,0.8707680281493676,0.0001
15,25,0.0016502356565384429,0.03025562,0.040622327,0.9887677559277199,0.015401462688007288,0.084025264,0.12417746,0.8845803117384011,0.0001
15,26,0.0013563254123994816,0.027022334,0.036835223,0.9907725950426571,0.01632770099159744,0.08873139,0.12773165,0.8778023698771839,0.0001
15,27,0.0013343629674228761,0.026671374,0.03653577,0.9909177888685669,0.015849498799070716,0.08661372,0.1257319,0.8815371648256372,0.0001
15,28,0.0016765455604790902,0.029306818,0.040944494,0.9885783966019901,0.02131198281077323,0.09601222,0.14593859,0.8554790842135318,0.0001
15,29,0.00351167445342496,0.040799573,0.059207257,0.9759317858528567,0.026008328319423728,0.118999586,0.16151507,0.8231139613781348,0.0001
15,30,0.0101363592009739,0.07547304,0.10069108,0.9286895811738016,0.023711127703319543,0.10674592,0.15451702,0.8246152928094208,0.0001
16,1,0.037967452979603106,0.15205269,0.19485725,0.7070148519318906,0.02666044986939856,0.11709808,0.16280267,0.7947354131411836,1e-05
16,2,0.01594489735821001,0.09564753,0.12627448,0.8874855842698164,0.020630155423922197,0.10354163,0.14243193,0.8447195984202444,1e-05
16,3,0.010401737617293948,0.077898644,0.10199504,0.928123683759985,0.01817225694789418,0.09467029,0.13305825,0.8614878410461855,1e-05
16,4,0.007685557151404775,0.067838326,0.08766943,0.9476146636941394,0.019810172596148083,0.09838826,0.1394439,0.8632658156281485,1e-05
16,5,0.005614466679056184,0.057511624,0.07492684,0.9617276753331743,0.018025351422173635,0.09349469,0.13241737,0.8678225804540628,1e-05
16,6,0.004192216411041462,0.0503682,0.06474952,0.9716146969207339,0.020040020745779787,0.098726064,0.13991301,0.8713088162636635,1e-05
16,7,0.003403507968384738,0.045225233,0.058345996,0.97710943820719,0.01735710572185261,0.089173436,0.12967508,0.8760532006329664,1e-05
16,8,0.003032934746953058,0.042378683,0.055068623,0.9795655724242761,0.01650529640859791,0.08729039,0.12715533,0.8800567822774347,1e-05
16,9,0.0026968436840068655,0.039718136,0.05193963,0.981884072391282,0.018246124565069164,0.090891324,0.13338582,0.8691859250313643,1e-05
16,10,0.0021962562780479125,0.03614671,0.04686139,0.985287483743334,0.01651012521636273,0.08861441,0.12716888,0.8775211151970331,1e-05
16,11,0.0021001001505538057,0.034725137,0.045825392,0.9859227282109788,0.016703527786635926,0.08767539,0.12802379,0.8765269010379045,1e-05
16,12,0.0019100386764697521,0.032884896,0.043702662,0.9872069342386438,0.016172768082469702,0.08806934,0.12645763,0.8768853676833116,1e-05
16,13,0.0017159185959809574,0.030930458,0.041428465,0.9885367577163772,0.01570796500891447,0.08545685,0.12414191,0.8846284394101269,1e-05
16,14,0.0015206626337891985,0.02941396,0.038995206,0.9898329829333614,0.0177504054736346,0.08991906,0.13186623,0.8774787593962278,1e-05
16,15,0.0016055378397038884,0.030200263,0.040075224,0.9892056010211456,0.015951733936422637,0.08694297,0.124789506,0.883626837860571,1e-05
16,16,0.0014467532828093342,0.028457496,0.038039636,0.9903291128240297,0.01573897572234273,0.0860456,0.12486901,0.8843017758093139,1e-05
16,17,0.0013450790671566415,0.026988888,0.036681194,0.9910291927835466,0.015322751764740263,0.085098356,0.12341616,0.8876070509409387,1e-05
16,18,0.0012924992196505594,0.02671148,0.035929304,0.9913956419701542,0.015674372469740256,0.08461335,0.12415511,0.8844903929581615,1e-05
16,19,0.0012217265331821742,0.025715392,0.03494267,0.991824404299752,0.015441281454903739,0.083971515,0.12322271,0.8839352144787159,1e-05
16,20,0.0011260168845591213,0.024780514,0.033550505,0.992517875782141,0.016349765239283442,0.0868349,0.12691444,0.8849189033942266,1e-05
16,21,0.0012112429393259547,0.025439015,0.034805045,0.9919032015790368,0.016210904644270028,0.08783926,0.12623829,0.8840713189070639,1e-05
16,22,0.0011102704722412522,0.02466446,0.033325195,0.9925592528608929,0.015501736513605075,0.08525476,0.12386784,0.8852873585332051,1e-05
16,23,0.0010498205165021888,0.023741342,0.032400187,0.9929819003144992,0.016574479905622348,0.08810824,0.12798691,0.8826040995315861,1e-05
16,24,0.0009770412694349467,0.02321985,0.031253193,0.9934876275144671,0.01656559731678239,0.088457584,0.12797205,0.8829327672954965,1e-05
16,25,0.0009962133077249609,0.023533538,0.031565305,0.9933308489202998,0.01596139950145568,0.08789163,0.12627582,0.8862695917039404,1e-05
16,26,0.0010265046578318438,0.023419606,0.0320411,0.993115424176525,0.014317229290359787,0.08168677,0.118920416,0.8929025100353998,1e-05
16,27,0.0009854477158395103,0.023000319,0.031396355,0.9933925794926295,0.015177796894152249,0.08293555,0.122163534,0.8874288026270498,1e-05
16,28,0.0009072186989996966,0.022129457,0.030120678,0.9939391489366449,0.015620312254343714,0.085864104,0.12400048,0.8866431982753289,1e-05
16,29,0.0008286067899904066,0.021237921,0.02878647,0.994472601950909,0.016971823094146594,0.08779525,0.12938076,0.8802982865152877,1e-05
16,30,0.000908904952904488,0.021919394,0.030150168,0.993926752507052,0.01521259592846036,0.084466875,0.122945614,0.8885084950226793,1e-05
16,31,0.0008525597293334621,0.021114588,0.029197391,0.9942949437579753,0.01602293803755726,0.087000564,0.12647003,0.8833032576128231,1e-05
16,32,0.0007964912272944054,0.020773638,0.02822032,0.9947081267600603,0.016344035476712242,0.08682649,0.12738909,0.885353758597571,1e-05
16,33,0.0008371757540882295,0.021119853,0.028934648,0.9943794966246292,0.015530514597360576,0.084528856,0.1244216,0.8852601788280334,1e-05
16,34,0.0007531589827887609,0.01999411,0.027445573,0.9949623777692228,0.014487685768732004,0.08188373,0.120096184,0.8926850695085742,1e-05
16,35,0.0007329109180870979,0.020232735,0.02707044,0.995116553560865,0.016661263037739054,0.088729694,0.12808709,0.8838737826871863,1e-05
16,36,0.0007565949166848577,0.019891186,0.027490066,0.9949427751306438,0.015275299016918455,0.08422234,0.12288365,0.887192613506286,1e-05
16,37,0.000738880579103063,0.019844595,0.027185798,0.9950624498570063,0.014851602925253766,0.08322998,0.12085796,0.8907570557342455,1e-05
16,38,0.0007224212405783186,0.019510327,0.026879499,0.9951720053002895,0.015117400758234518,0.083724454,0.122620694,0.8875449658002597,1e-05
16,39,0.0006818485728608635,0.019085066,0.026105182,0.9954357733130166,0.015138976475489991,0.08357314,0.12246427,0.8889681076151754,1e-05
16,40,0.0006940639277247747,0.018727167,0.0263341,0.9953675486361244,0.015805723877357587,0.08625161,0.12493314,0.8878839275539735,1e-05
16,41,0.0006703577108004469,0.018881204,0.025895726,0.9955050783228708,0.015695106969880208,0.08578357,0.12482562,0.8876651459562751,1e-05
16,42,0.0006572086752716573,0.018801432,0.02563544,0.9955984636011882,0.01513170766910272,0.08392359,0.12300478,0.888361720354906,1e-05
16,43,0.0006399344814458218,0.018302808,0.025297692,0.9957215109868072,0.015417729703975576,0.08469765,0.1236569,0.8884515072275141,1e-05
16,44,0.000600992737307483,0.017854491,0.024517396,0.9959855382437052,0.015251962368243508,0.08467469,0.12281712,0.8907503850535013,1e-05
16,45,0.0006188495665631979,0.018251264,0.024879334,0.9958683455656085,0.015151016746780701,0.08424154,0.12298265,0.8881730021974775,1e-05
17,1,0.0773695942327798,0.23431653,0.2781416,0.03370453248123566,0.07722799719444343,0.23731926,0.2800107,0.15995922727775952,1e-05
17,2,0.0732864690161197,0.22618337,0.27073076,0.3105446489818859,0.06873099053544658,0.2224144,0.26442122,0.48506811129613386,1e-05
17,3,0.06388056556755137,0.20837817,0.25275335,0.5462954745245471,0.05360786270882402,0.19472705,0.23358318,0.6099778363581906,1e-05
17,4,0.04589283680456264,0.17317763,0.21422051,0.7105663551064512,0.03167068026959896,0.1417311,0.17942987,0.7585074431030885,1e-05
17,5,0.027722775009156108,0.13008332,0.16648164,0.8112787145830395,0.026522887205438956,0.12203292,0.16267328,0.7894430802303518,1e-05
17,6,0.020892874133189982,0.11192121,0.14452913,0.8544087564361746,0.023961694911122322,0.11530965,0.15379353,0.8051898536785272,1e-05
17,7,0.01738803851130967,0.10126575,0.1318673,0.8783894933013532,0.02217133083779897,0.10935353,0.1472498,0.8215190599519704,1e-05
17,8,0.01441779337980062,0.09244867,0.120043635,0.8997380745101227,0.021917340811342,0.105703704,0.14626981,0.8364445351141574,1e-05
17,9,0.011919268084881461,0.08408271,0.10917772,0.9187221087436908,0.020357012283056974,0.10405892,0.1414834,0.8448125909438287,1e-05
17,10,0.010231535933981432,0.07819836,0.10114467,0.9301392239688809,0.018781118128182634,0.09999247,0.13594836,0.8499343266563997,1e-05
17,11,0.008480132037390755,0.07137834,0.09209272,0.9426644205836459,0.01832723188480096,0.09841193,0.13519822,0.8525325629896564,1e-05
17,12,0.0070271445829943515,0.06496948,0.08383602,0.9525570327896791,0.016942039780717875,0.09362338,0.13083054,0.8633866631066459,1e-05
17,13,0.005961143241968946,0.05951899,0.077214286,0.9599181883898528,0.017065108820263828,0.09266424,0.13021094,0.8663563978416543,1e-05
17,14,0.005357329905572757,0.056799527,0.07318724,0.9635882778196775,0.017762125236913562,0.094341405,0.13370042,0.872702506294568,1e-05
17,15,0.004556395384378592,0.05249229,0.06750328,0.96930405815125,0.01688674320134201,0.093345605,0.1300063,0.872926223865872,1e-05
17,16,0.00442435905972722,0.05180755,0.06652487,0.9700696958541434,0.013640469572107707,0.08430689,0.1172584,0.891906170561465,1e-05
17,17,0.003663974012265626,0.046947498,0.060535304,0.9753145981343839,0.015234276303090155,0.087801926,0.12397631,0.8849831143795774,1e-05
17,18,0.003365162251926262,0.04549659,0.057979763,0.9773074175737596,0.015286747299666916,0.08818774,0.124036096,0.8881765377433707,1e-05
17,19,0.0029659696961274354,0.04179476,0.05445833,0.9799177435392379,0.016407614507313286,0.09191069,0.12795536,0.8857162269300345,1e-05
17,20,0.0027895349569653518,0.04040546,0.052808046,0.9811616815172786,0.014742210158146918,0.0863166,0.121537074,0.8967600938254854,1e-05
17,21,0.0024827649179306405,0.038208283,0.049836136,0.9832306347196162,0.013423533993773162,0.08282027,0.1161924,0.8972560896696888,1e-05
17,22,0.002287533173117804,0.03672245,0.0478256,0.9846087474314522,0.014762316098702806,0.087401226,0.12221132,0.8958055125686327,1e-05
17,23,0.0022254192469441376,0.035956763,0.047177263,0.9849918398233295,0.013767531923284488,0.08381196,0.11728318,0.8970943930052251,1e-05
17,24,0.001929935732112205,0.033979293,0.04392558,0.9870760856976205,0.015131564544779914,0.08677315,0.12179999,0.8959808135322243,1e-05
17,25,0.0020535378961684617,0.034275334,0.045319542,0.9861170958585845,0.015208456266139234,0.08749101,0.12310542,0.8963479569506754,1e-05
17,26,0.0018256007955914416,0.032139126,0.04271541,0.9877096179173073,0.013557118164109332,0.08244609,0.11594415,0.9021769823946363,1e-05
17,27,0.001872590918716252,0.032479867,0.043279517,0.9873742092070695,0.013718060284320797,0.08251487,0.11646734,0.9027900736015215,1e-05
17,28,0.0018190178986438594,0.032876357,0.042652294,0.987733269696344,0.0134860689951373,0.0840815,0.1153794,0.902350117031818,1e-05
17,29,0.0017552505661820488,0.032142006,0.041900024,0.9881987499620251,0.014913759560191206,0.08435033,0.12091005,0.8942963733163053,1e-05
17,30,0.001665079573965762,0.030917801,0.040813066,0.9887289653942938,0.013285544168736254,0.08286014,0.11448988,0.9027847908389494,1e-05
17,31,0.0015094705811640788,0.029544823,0.03885772,0.9898487340089235,0.012836472064788853,0.08064403,0.11265519,0.9036258141548561,1e-05
17,32,0.0014222684097650383,0.028260056,0.037707556,0.9904284364715321,0.013477293591547226,0.08216509,0.11509473,0.9053401765604916,1e-05
17,33,0.0014490241216926479,0.028761324,0.038071193,0.9902199967113604,0.01559886512612658,0.08910667,0.12475954,0.8973572538581183,1e-05
17,34,0.0011945578534042934,0.025309887,0.03456148,0.992024813423325,0.013554194077317203,0.083562195,0.1160025,0.9043590863634,1e-05
17,35,0.0012327371275043725,0.026325502,0.035108864,0.9917153129711113,0.013510590485696281,0.08135327,0.114965536,0.9024450972326404,1e-05
17,36,0.001127957659893208,0.024414334,0.033568066,0.9924436463067062,0.013881781703925558,0.083422914,0.116772994,0.905418229468791,1e-05
17,37,0.001148034554632015,0.02510362,0.033882204,0.9922823245295359,0.012505059213643628,0.07917277,0.11059287,0.9079274041904537,1e-05
17,38,0.001124299707426472,0.024802145,0.0335361,0.9924511920012355,0.01435894043450909,0.08314536,0.11852791,0.9004675723043184,1e-05
17,39,0.0010634553934247277,0.023798354,0.032612003,0.992856368530268,0.013608135715393084,0.08200165,0.11600439,0.9009076081733004,1e-05
17,40,0.0010245132538006928,0.02352885,0.03200832,0.9931158444355248,0.014330347767099738,0.08456586,0.11848639,0.8991180898639405,1e-05
17,41,0.0010123686940043677,0.023371689,0.031814266,0.9932318228397502,0.013264416850038938,0.08088546,0.11393472,0.9035168209941167,1e-05
17,42,0.000954492021978737,0.023099232,0.030894944,0.9935931770271055,0.014282315919574882,0.08326356,0.118633576,0.897624083344713,1e-05
17,43,0.0009113284356665806,0.022285283,0.030187087,0.9938956675607783,0.014615174998263163,0.08545599,0.1199153,0.902414394045536,1e-05
17,44,0.0009448592165902815,0.02265297,0.030738506,0.9936565955051082,0.01474376006184944,0.08453724,0.1205942,0.8993289713824316,1e-05
17,45,0.0009301245826183357,0.022382472,0.030502835,0.993737043362067,0.013802631741522678,0.082900174,0.117071,0.9007273834383119,1e-05
17,46,0.0008157659554582037,0.020965273,0.028539622,0.9945446978239403,0.013384839253766196,0.080944814,0.11525802,0.9037437878550545,1e-05
17,47,0.000789061755678512,0.020373743,0.028085653,0.9947096465255996,0.014026630303955503,0.083119296,0.11796713,0.9015191041160854,1e-05
17,48,0.0007859233788010081,0.02060226,0.028034065,0.9947383466314247,0.014559128554537892,0.08423536,0.12028888,0.8969751423437138,1e-05
17,49,0.000759131392076716,0.020132273,0.027533,0.9949261490400068,0.013505879623283232,0.0821898,0.11604214,0.9029915232410195,1e-05
17,50,0.0007597945945252551,0.020261219,0.027569776,0.9949108991554656,0.013397614272045237,0.08225401,0.115294896,0.9026857220622179,1e-05
17,51,0.0007220380263627185,0.019771194,0.026874505,0.995179122004212,0.01462073833681643,0.084594935,0.1204781,0.9000172769529202,1e-05
17,52,0.0006890190252816635,0.019223996,0.02625233,0.9953813110797511,0.013909296332193273,0.083624214,0.11788609,0.9015945244602959,1e-05
17,53,0.0006400263610145808,0.01835542,0.02529709,0.9957194640916138,0.0137843271451337,0.08198766,0.1171322,0.9008783212773354,1e-05
17,54,0.0006778334686587017,0.018964548,0.026038919,0.9954533547978298,0.01367321066624884,0.08202566,0.11648618,0.9029454489447184,1e-05
17,55,0.0006452111119870096,0.018634886,0.025405876,0.9956806314765975,0.013577405496367387,0.082598895,0.11652191,0.9019416396757112,1e-05
17,56,0.0006352571662293451,0.018381136,0.025206415,0.9957555152391145,0.013857108025279428,0.083038494,0.117477104,0.8996305997370997,1e-05
18,1,0.030272670455764386,0.13339257,0.17400396,0.7706398759995733,0.02198182255961001,0.105875894,0.14794843,0.8229044699906699,2e-05
18,2,0.011879427541291045,0.08284794,0.10898392,0.9172180180765389,0.019280375447124243,0.10198137,0.13882726,0.8601856830436315,2e-05
18,3,0.007743857433218683,0.06787171,0.08798218,0.9465438093570496,0.015839724502127086,0.08651597,0.124605164,0.879970030514546,2e-05
18,4,0.004964299726291237,0.054775573,0.070459455,0.9661895428633991,0.015222857273848993,0.0852478,0.12348669,0.8817040408405834,2e-05
18,5,0.0037389277463134763,0.04719716,0.061148178,0.9745881791950235,0.015078535885550082,0.08265452,0.12199061,0.8888366328287812,2e-05
18,6,0.0030488324902133547,0.042621326,0.055217393,0.9793255938938914,0.017244754625218257,0.09087271,0.13203476,0.884333431362064,2e-05
18,7,0.0025149300687937674,0.038314592,0.050150566,0.9830757342953791,0.016443400560612127,0.08623637,0.12797128,0.8856068292334504,2e-05
18,8,0.0020672146545910215,0.033808224,0.045462705,0.9860756016836416,0.01678938515085195,0.08815441,0.12970355,0.8836647850716428,2e-05
18,9,0.0018859990468797073,0.0325902,0.043431178,0.9873013907400191,0.0154168736522219,0.08402088,0.12342348,0.888822794048151,2e-05
18,10,0.001590481805604247,0.02984119,0.039871544,0.9893561368956487,0.013831009739078581,0.08024939,0.1177241,0.8945502353849676,2e-05
18,11,0.001455996592722781,0.028127076,0.03815761,0.9902276116175862,0.015211178987686123,0.08412932,0.12313759,0.8931962949332561,2e-05
18,12,0.0014637347349405255,0.028572533,0.038247194,0.9901823630676464,0.013793610368988343,0.08037284,0.11724027,0.8979154821222243,2e-05
18,13,0.0012527981848634397,0.026297119,0.035391364,0.991575639414504,0.013766375719569623,0.07891334,0.1172575,0.8982560517292715,2e-05
18,14,0.0012238508051753078,0.02590541,0.034984104,0.9917815424931496,0.01500116947240063,0.08307958,0.12251862,0.8974364986103033,2e-05
18,15,0.0011695072758794876,0.024766315,0.034202687,0.9921473813640841,0.013944432172658188,0.08057355,0.11772956,0.8969340436877787,2e-05
18,16,0.0010622128899748847,0.023886545,0.032596905,0.9928656317469274,0.014279669317017709,0.08164154,0.119837664,0.8971878430101927,2e-05
18,17,0.0011036579912500108,0.024184765,0.033223175,0.9925882268910703,0.014427901428591992,0.08298509,0.1198701,0.8987654450899492,2e-05
18,18,0.001004933497909822,0.023414036,0.031680144,0.9932453087825235,0.013972485288312393,0.08051544,0.11816946,0.8976649525829163,2e-05
18,19,0.0009414921525569859,0.022679372,0.030669685,0.9936813716616854,0.014827500962253128,0.08144289,0.12140137,0.88941685695026,2e-05
18,20,0.0009531129802202927,0.022420276,0.030873984,0.9935875730791102,0.014546192118099757,0.08139472,0.12046459,0.8977656243538792,2e-05
18,21,0.0009851897933420282,0.02241153,0.031394456,0.9933760697587035,0.01517389974157725,0.08362548,0.12318458,0.8904474060139228,2e-05
18,22,0.0009381836927582936,0.02195734,0.03063531,0.9936858834942288,0.01406010180445654,0.080758445,0.11843117,0.895328407995685,2e-05
18,23,0.000950325388003306,0.022306949,0.03083041,0.9936067821843524,0.01522682567260095,0.08434944,0.12344087,0.8949804085753426,2e-05
18,24,0.0008865471889327986,0.021421347,0.029774055,0.9940363109203496,0.01435527125639575,0.081499085,0.11982911,0.8963865691282308,2e-05
18,25,0.0007500032424844071,0.019362573,0.027390115,0.9949753918738824,0.014718610726829087,0.08235369,0.121225916,0.8985759445616962,2e-05
18,26,0.0007654515427709165,0.02015448,0.027658684,0.9948695452952147,0.013313499645196967,0.07864707,0.11506621,0.9016563959642641,2e-05
18,27,0.0007482643500862591,0.019591304,0.027353322,0.9949692306338568,0.01352678523731551,0.078150146,0.115762256,0.9017492409323161,2e-05
18,28,0.000754178367298375,0.019923786,0.027466077,0.994950685005617,0.01356250696283366,0.07982213,0.11613722,0.9004660634316227,2e-05
18,29,0.0006548602409523729,0.01847669,0.025591755,0.9956095320313438,0.014069404386516129,0.08020192,0.11793413,0.8971474692255355,2e-05
18,30,0.0006285757879034624,0.018257016,0.025074055,0.9957754350468511,0.014215733855962753,0.08107798,0.119108744,0.898742565053388,2e-05
18,31,0.0006610308414777724,0.018494206,0.025713261,0.9955624668465285,0.014078185261626328,0.08142463,0.11903824,0.8973286993750653,2e-05
18,32,0.0006049832952846381,0.01765833,0.024593689,0.9959457376437846,0.013803254081202405,0.07972875,0.11760742,0.8992444819813015,2e-05
18,33,0.0006300452942949084,0.017948076,0.025101867,0.995762755736758,0.013712689513340592,0.080125175,0.11707343,0.8997815745735782,2e-05
18,34,0.0006364531155183876,0.018310005,0.025228254,0.9957174860762892,0.013706901443323918,0.07939188,0.11732554,0.9022252145494272,2e-05
18,35,0.0006010721348689555,0.01745414,0.02451938,0.995968743785136,0.013657785087291683,0.07946086,0.11641929,0.9007931943888993,2e-05
18,36,0.000582050739773375,0.017291399,0.024119917,0.9960926395370457,0.013680595189466007,0.08014643,0.11686139,0.8965144545344007,2e-05
18,37,0.0005780524806370828,0.017212965,0.024041615,0.9961209533602945,0.013772655328336571,0.08111169,0.11763667,0.8986496857324089,2e-05
18,38,0.0005633863897898417,0.017177157,0.023736684,0.9962184821428675,0.013760694435664586,0.07948575,0.11723033,0.9000886666528751,2e-05
18,39,0.0005400337225259238,0.016695775,0.02323399,0.9963705156814574,0.01353268975591553,0.07917472,0.116242856,0.9003351067596246,2e-05
18,40,0.0005141301158104075,0.01622644,0.02266979,0.9965466425101457,0.014095189548762781,0.08066278,0.1180379,0.8958966890365314,2e-05
18,41,0.0005388395817543458,0.016722888,0.023216536,0.9963885011492226,0.014308679832278617,0.081515655,0.1197886,0.8953781827116917,2e-05
18,42,0.0004936735403194162,0.015990943,0.022220472,0.9966816937758651,0.01387966760168118,0.08020195,0.11790024,0.8973025218517479,2e-05
18,43,0.0004977141050012591,0.015939925,0.022309458,0.9966620311855321,0.014883663871192507,0.08223843,0.12169807,0.8954317407986371,2e-05
18,44,0.0005283650738691963,0.01650072,0.022988796,0.9964415759348272,0.015083904045500926,0.08315171,0.12277587,0.89355822584396,2e-05
18,45,0.0005103957457968391,0.016196853,0.022593979,0.9965612626896303,0.013945020302864057,0.08106424,0.11778064,0.8953869219826391,2e-05
19,1,0.07892881208491102,0.23804392,0.28093547,0.023698557290113696,0.07909613900950976,0.24074024,0.28212482,0.23399345557086346,2e-05
19,2,0.06929348595440388,0.21950051,0.26326144,0.44881530858219343,0.05883297111306872,0.20444205,0.2436204,0.5732779733416266,2e-05
19,3,0.045783444299040556,0.17316875,0.21399823,0.693951023292944,0.03036152445045965,0.13830525,0.17562112,0.7614332032301848,2e-05
19,4,0.024889623711460106,0.12286999,0.1577638,0.829456354636873,0.02598677050056202,0.12097085,0.16127639,0.7883781827240773,2e-05
19,5,0.018636650314432717,0.10489627,0.13649248,0.868743254863101,0.02263468480668962,0.10991636,0.14976048,0.825259070857117,2e-05
19,6,0.014906512233907375,0.09398132,0.12207628,0.8967019984647676,0.021831463623259748,0.10852232,0.14786474,0.8392639621238168,2e-05
19,7,0.011955102718496155,0.08503382,0.10934659,0.918123148519713,0.02214208957073944,0.10620455,0.14853676,0.8473549732915866,2e-05
19,8,0.00975877366890417,0.07537409,0.098781414,0.9331743025284364,0.01866134352582906,0.09820245,0.13672681,0.8614511349591447,2e-05
19,9,0.008009449583173634,0.06888446,0.08949287,0.9461040189751785,0.020746210190866674,0.10375268,0.14396699,0.8552753330853665,2e-05
19,10,0.0067927709499931085,0.06370042,0.08241639,0.9537236099897635,0.017440736393577287,0.09386871,0.13199586,0.8662005357534704,2e-05
19,11,0.005170726493679893,0.055304833,0.071904376,0.96511380877512,0.016289211510281478,0.092954285,0.12739147,0.8727511392280285,2e-05
19,12,0.004616155076954758,0.052893866,0.06794231,0.9686613371702071,0.015084583378796066,0.0888387,0.123129725,0.8834065122398946,2e-05
19,13,0.003839473376076703,0.04822286,0.061975364,0.974060938021808,0.015307232537972075,0.08786082,0.12294555,0.8835713915262566,2e-05
19,14,0.0035481651527937675,0.04581721,0.059568718,0.9760201231908849,0.016138375969603658,0.09120246,0.12739187,0.8809327164711123,2e-05
19,15,0.0028541126281945643,0.04112069,0.053430796,0.9807617388181583,0.014795806358701416,0.086904645,0.12176409,0.890681064183336,2e-05
19,16,0.0028126322279170713,0.04038462,0.053025134,0.9810133710568204,0.014262007516143578,0.08655478,0.12016061,0.8931252746931249,2e-05
19,17,0.002734534223194051,0.03982592,0.05229351,0.9814598324653806,0.015563641907647252,0.09045264,0.124612555,0.8925934810159623,2e-05
19,18,0.0023923581281119835,0.037449315,0.048883714,0.98394140812013,0.01635124727285334,0.09226071,0.12883809,0.8875412942013152,2e-05
19,19,0.0021051774557601555,0.034652233,0.04587548,0.9857709031945251,0.01253205946912723,0.08138148,0.11283421,0.9008010236279324,2e-05
19,20,0.002127748936366847,0.035525393,0.046122696,0.9856837613925296,0.01375080515364451,0.08424028,0.11757383,0.895747827995504,2e-05
19,21,0.0023759299101499473,0.036665417,0.048751168,0.9839334157859947,0.014499651101816977,0.08634458,0.120183006,0.8932251442269922,2e-05
19,22,0.0017964387085140797,0.031333674,0.04238752,0.9878656257317748,0.013194689527153969,0.08122391,0.11458819,0.899220817007757,2e-05
19,23,0.0016705934839566874,0.03091888,0.04087258,0.9887312543902955,0.013797670369967818,0.08329429,0.11722833,0.9014238090483113,2e-05
19,24,0.0016632039262042772,0.030584937,0.040769637,0.9887928598648118,0.014757988242698568,0.08460909,0.12110531,0.8947387906804314,2e-05
19,25,0.001637336484670082,0.030462006,0.040468466,0.9889443078130974,0.015090123717007893,0.087437816,0.12326719,0.895832181585828,2e-05
19,26,0.0015297557268657278,0.029530033,0.039105587,0.9896780087493716,0.01446868565731815,0.083834685,0.119712636,0.8948016930124477,2e-05
19,27,0.0017374460933573335,0.03094165,0.0416855,0.9882505165986147,0.01299525348336569,0.081259,0.11369117,0.9023983040845891,2e-05
19,28,0.0015811085511677873,0.029816493,0.0397606,0.9893171968986839,0.014919303723477892,0.08610886,0.12211535,0.8936309333032532,2e-05
19,29,0.0014954282661190552,0.029505553,0.038676515,0.9898847099814712,0.015143835451453924,0.086540215,0.123541705,0.8897130392977046,2e-05
19,30,0.0013915397570616452,0.02798444,0.037305944,0.990566777953227,0.013861990733338254,0.083430186,0.118094884,0.8961999288204126,2e-05
19,31,0.0013703872051490384,0.028261246,0.03701857,0.9907541858370604,0.013620055147579737,0.0827885,0.11691799,0.894845435678812,2e-05
19,32,0.0012182610552261854,0.026095923,0.034905177,0.9917912930059956,0.014338793099990912,0.08352905,0.11935806,0.8997013915009113,2e-05
19,33,0.0012093145973114383,0.02586057,0.03477794,0.9918209224411101,0.014578304918748992,0.08586835,0.12080505,0.8953514654621613,2e-05
19,34,0.0011355939202084616,0.025399497,0.033692747,0.9923361783015614,0.013331653749836343,0.081580244,0.11549917,0.9032693698924766,2e-05
19,35,0.0010257189906807181,0.024030933,0.03202842,0.9930938549736774,0.012786705579076494,0.07912552,0.11251417,0.9076875783244872,2e-05
19,36,0.0010068810466844502,0.02311911,0.031723123,0.9932135800205368,0.014238761372065969,0.08287726,0.118972085,0.899639390239339,2e-05
19,37,0.0009648179204016054,0.023618136,0.031056346,0.9934870805829993,0.012703260939036096,0.0780467,0.11212644,0.9061991237267405,2e-05
19,38,0.0008348310868110003,0.021707134,0.028895492,0.9943843269466773,0.013333080968420421,0.08168069,0.1152266,0.8999218196154765,2e-05
20,1,0.027223818669983437,0.1257869,0.16501564,0.7945671203569079,0.019336394516618123,0.09828924,0.13960081,0.839674813069935,5e-05
20,2,0.011241153600651806,0.08054604,0.10599704,0.9211186503685967,0.02095258967684848,0.10317001,0.14563145,0.8529119013621841,5e-05
20,3,0.007240628068570361,0.065291286,0.085077696,0.949865771829168,0.014591701295492905,0.08516555,0.12090339,0.8823719078910429,5e-05
20,4,0.004781055835371611,0.052843112,0.0691483,0.967190947298927,0.0144696269250874,0.084323876,0.121088736,0.8896199504003252,5e-05
20,5,0.0033926911506297016,0.044125475,0.058250245,0.9768811277396416,0.014473805553279817,0.08492564,0.1212789,0.8837748713172324,5e-05
20,6,0.002765934513424845,0.039981574,0.052595392,0.9811656967901383,0.016362082246424898,0.089128435,0.12886962,0.8837918696067109,5e-05
20,7,0.00212026585413526,0.035031553,0.046051815,0.9856510914211628,0.016790820019585744,0.08823553,0.13051754,0.8848239286886037,5e-05
20,8,0.0016866781918558284,0.030851524,0.041070558,0.9885682254174692,0.015014366579375096,0.0857887,0.12346813,0.8890271562658825,5e-05
20,9,0.0017885998463710753,0.032474365,0.04229905,0.9878693456856231,0.01705882279202342,0.0902591,0.13111761,0.8805597727701892,5e-05
20,10,0.0015729281645503208,0.029479062,0.039655466,0.9893492606769129,0.012465119029262237,0.077374496,0.1126091,0.8997491101032848,5e-05
20,11,0.0014263120576169202,0.028317496,0.037770487,0.9903528948772063,0.013579813929806863,0.08145595,0.11703777,0.897741811124938,5e-05
20,12,0.00132617204766677,0.027216814,0.036405686,0.9910145275461297,0.014589573123625346,0.08405179,0.12178169,0.8946275018150143,5e-05
20,13,0.0010890594485572704,0.023897694,0.033004276,0.9926475354127162,0.013440315644922,0.08056506,0.11618725,0.9002101241565428,5e-05
20,14,0.0010246928886262368,0.023339573,0.032014567,0.993070816284494,0.01396883761377207,0.080487624,0.118648626,0.89820051898443,5e-05
20,15,0.0010702082466782358,0.023920134,0.032718223,0.9927521214527864,0.01345088120017733,0.08131707,0.115982674,0.8964811227054633,5e-05
20,16,0.001106909895370166,0.024359623,0.033275403,0.992515891723319,0.01380367816558906,0.081889965,0.11795206,0.8946506427297538,5e-05
20,17,0.0010417165614394733,0.023692565,0.032278664,0.9929427910183991,0.013782424785728966,0.081648596,0.11816509,0.8940342066845116,5e-05
20,18,0.001087284077771626,0.024729757,0.032949537,0.9926515565946589,0.013007506395557098,0.08027874,0.11469735,0.8988241149443797,5e-05
20,19,0.0010622307412308928,0.02389277,0.032590307,0.9927970605727922,0.01351103772010122,0.08003337,0.116780974,0.8988122779145504,5e-05
20,20,0.0009976823593350562,0.022924393,0.031588532,0.9932436550217834,0.015012718803648437,0.083841674,0.12326139,0.8913327043517826,5e-05
20,21,0.0008961759363768936,0.021402996,0.029940797,0.9939460073414152,0.01383212667756847,0.08055867,0.11824486,0.8980536846028933,5e-05
20,22,0.0008678561077609867,0.021019446,0.029463666,0.9941092628845698,0.013123320548662118,0.078843996,0.114899404,0.8978742643249114,5e-05
20,23,0.0007724275310125602,0.019804271,0.027793802,0.9947871470371018,0.014878124297995652,0.08391238,0.12226524,0.8959521792692925,5e-05
20,24,0.0007731434587219504,0.020099642,0.027804235,0.9947668255353298,0.014011384752978171,0.07998554,0.11860703,0.8974436424799758,5e-05
20,25,0.0007616822012410735,0.019801138,0.027599907,0.9948517990871669,0.013595336515988623,0.07998959,0.11688011,0.8987072156378003,5e-05
20,26,0.0007098390648433085,0.019044105,0.02662588,0.995203954298258,0.014021608546110136,0.0808635,0.11859752,0.9008609502124659,5e-05
20,27,0.0006984493009219486,0.019052679,0.026432028,0.9952702605287954,0.013239109057134815,0.07904936,0.115425214,0.8998772818084539,5e-05
20,28,0.0006596192351170319,0.018640544,0.025687318,0.9955337699065514,0.01360811762112592,0.08167647,0.117386304,0.897283104535621,5e-05
20,29,0.0006158994063332451,0.01789256,0.024820512,0.9958323822045171,0.014591065967189414,0.08348257,0.12092185,0.8931815706007037,5e-05
21,1,0.07509528124861628,0.23174955,0.27403274,0.31188289818949727,0.06784615825329508,0.22098179,0.26082134,0.6133572443742927,5e-05
21,2,0.0505926029791481,0.1826586,0.22496292,0.6344044383400892,0.027882328190441643,0.12980504,0.1673113,0.7873265870725479,5e-05
21,3,0.02321074354227319,0.1173015,0.15237391,0.8373949376810799,0.023455349296065315,0.114100195,0.15223868,0.8124036416714753,5e-05
21,4,0.016366363711933667,0.098153174,0.12793097,0.8861478893070027,0.021382453053125312,0.103831485,0.14404774,0.8392345296765991,5e-05
21,5,0.01215424208475329,0.08463409,0.11023827,0.9159238524063639,0.019921732999916588,0.10042567,0.13840249,0.8561203382656376,5e-05
21,6,0.008755455004643196,0.071959995,0.0935778,0.9400319181897534,0.01945412335252123,0.099738315,0.13795508,0.8626472293366733,5e-05
21,7,0.006958136639653522,0.06446219,0.0834248,0.9526767521267092,0.01709744320916278,0.09255919,0.12923332,0.8798983310230474,5e-05
21,8,0.005394212594778042,0.05719204,0.07343648,0.9632388955853772,0.017862464268026606,0.09297414,0.13273978,0.8751953400728316,5e-05
21,9,0.004529873516288734,0.051878724,0.06730315,0.9692355611603644,0.01777542515524796,0.09130202,0.1323956,0.8735242966708449,5e-05
21,10,0.0040997625644118565,0.049256746,0.064025916,0.9721304747246624,0.01581031090712973,0.086785115,0.12453298,0.8826318024468737,5e-05
21,11,0.0033382335590703464,0.04390065,0.05777946,0.9772610315112923,0.016733994740726694,0.088881984,0.12796862,0.8816611593319267,5e-05
21,12,0.0029859804748513987,0.04152423,0.054630764,0.9797597283094042,0.014763799678933407,0.0852755,0.12055882,0.8900766136253341,5e-05
21,13,0.0022613138562094454,0.036200248,0.04755364,0.984765270898007,0.01505411572621337,0.0853586,0.12168327,0.8876337224672097,5e-05
21,14,0.0021748640677874266,0.035532154,0.046638492,0.9852713785166574,0.01934607047587633,0.097234786,0.13821301,0.8815328485178526,5e-05
21,15,0.002347407922383711,0.036028024,0.048455473,0.9840340249522924,0.0154685314877757,0.08570427,0.12254127,0.8890296065687537,5e-05
21,16,0.0019968303114123575,0.033910263,0.044687536,0.9864912279753134,0.014759798883460462,0.08621171,0.12065431,0.8881275809460524,5e-05
21,17,0.001965304881782558,0.03326787,0.04433835,0.9866487649809584,0.015887230734473894,0.08487585,0.1254556,0.8869167077354126,5e-05
21,18,0.002225936109757173,0.03523431,0.04714952,0.9849163837028114,0.014978658274880477,0.08500577,0.12240632,0.892201044402369,5e-05
21,19,0.0018043729708373338,0.031630483,0.042461764,0.9877577984061747,0.015576748410239816,0.08453127,0.123851895,0.8880938181743565,5e-05
21,20,0.0018511993653319394,0.0324062,0.043032076,0.9874637475639947,0.015605396790696042,0.08585603,0.1242533,0.8911849757544226,5e-05
21,21,0.0017753719470777036,0.03165074,0.042139642,0.9879616863892392,0.013397999540237444,0.08181232,0.11508839,0.8965721387869195,5e-05
21,22,0.0016571338518052666,0.030484222,0.040711198,0.9887280827832219,0.01323222042992711,0.08038103,0.114213765,0.9003695319186686,5e-05
21,23,0.0017755915830782224,0.03161148,0.042138632,0.987952394078605,0.01670865902477609,0.08790166,0.12898046,0.8785137348717322,5e-05
21,24,0.0015332670765384928,0.028724974,0.039151404,0.9896252744616263,0.016391479659692516,0.08737217,0.12774071,0.8850849897753087,5e-05
21,25,0.0017447093214456723,0.030871352,0.041774973,0.9881619119115387,0.016028399712273052,0.085711315,0.1257534,0.8840263766550014,5e-05
21,26,0.0015723368731788664,0.029304003,0.039641287,0.989331593612319,0.01432116945008082,0.08178002,0.11819609,0.8959759458986272,5e-05
21,27,0.002078395104579732,0.034170374,0.04559089,0.9858283544887205,0.015044873463921249,0.08278909,0.12133343,0.8828824054317381,5e-05
21,28,0.0020526789850120165,0.033867918,0.04531167,0.9860265102884166,0.012804695637896657,0.079487026,0.11200275,0.9007154604578611,5e-05
21,29,0.0017638726042426914,0.031183584,0.042000916,0.9879952616587382,0.018838564599198953,0.0909378,0.13686517,0.8698176547259708,5e-05
21,30,0.0016271827087485206,0.030033976,0.0403448,0.9889082443403696,0.014455113826053483,0.08328401,0.12083135,0.8914283946392582,5e-05
21,31,0.0014062577246026805,0.027808687,0.037505377,0.9904906769934541,0.01564345302592431,0.083618656,0.124813154,0.8930981302692899,5e-05
21,32,0.0016504108914496185,0.028108487,0.040633596,0.9887746109986576,0.015725821905237223,0.08571329,0.12442781,0.8912901536915121,5e-05
21,33,0.001163580650180822,0.02560596,0.034114152,0.9921122023447088,0.016152569691517522,0.084609665,0.12717465,0.8870111022327062,5e-05
21,34,0.000997128743416125,0.023497675,0.03157508,0.9932432176307091,0.014815350794898612,0.082509056,0.12185642,0.8977713197909987,5e-05
21,35,0.0008188429637812078,0.021160383,0.028615972,0.9944667362726456,0.014367421523534827,0.08108483,0.11932928,0.8972595218939031,5e-05
21,36,0.0007982048175839498,0.020914719,0.02824393,0.994592544698447,0.013111981396962489,0.07717431,0.11367649,0.900966017417535,5e-05
21,37,0.000728984677399265,0.019578338,0.026994033,0.995082077675252,0.014615345147571393,0.08248395,0.12024565,0.8985260857467969,5e-05
21,38,0.0006490424025159712,0.018654007,0.025475815,0.9956294478073362,0.014685188087501697,0.08198662,0.12087665,0.894715016802609,5e-05
21,39,0.000592398280158169,0.017801685,0.024326855,0.9959986415420837,0.014424287215141314,0.08113648,0.119175315,0.8940073157646076,5e-05
21,40,0.0005897413207561857,0.017350638,0.02428026,0.9960222071459527,0.014424320293723472,0.08015591,0.11868984,0.8946728790069909,5e-05
21,41,0.0005683231047271952,0.017487772,0.023842802,0.9961736093338865,0.015090598525213344,0.08264774,0.122109324,0.8953565871141647,5e-05
21,42,0.0005433339396846333,0.016968241,0.023305783,0.9963355485542873,0.014669465765889202,0.08226973,0.120713435,0.8940193024038728,5e-05
21,43,0.0005008650527615318,0.015896693,0.022383716,0.9966260104456659,0.015619493655062147,0.084401466,0.12391327,0.8907880265266414,5e-05
21,44,0.00048180983078700845,0.01569534,0.021948729,0.996749623963056,0.014668130548670888,0.08254194,0.12057687,0.8939348407571699,5e-05
21,45,0.000487702214061152,0.015651764,0.02208791,0.9967079109821328,0.015067941176572017,0.082258105,0.12176843,0.8927507829154107,5e-05
21,46,0.00047279586993749734,0.0156827,0.021718532,0.9968188422428431,0.01581542775966227,0.08490795,0.12465639,0.8895180833817218,5e-05
21,47,0.0004784118658297251,0.015822493,0.021868756,0.9967761014648384,0.016261087198342596,0.08582404,0.12645492,0.8860429356807117,5e-05
22,1,0.026863818261424238,0.12467848,0.16388768,0.7974406842593967,0.025192465566630875,0.11204811,0.15902962,0.806546635462636,0.0001
22,2,0.013183625562934675,0.08720721,0.11479615,0.9064978659702934,0.021319774744500006,0.102702826,0.14675933,0.8336892770225255,0.0001
22,3,0.009406532981285007,0.07380762,0.09698259,0.9340808008107215,0.017104428061949357,0.091307856,0.12988119,0.8679609604173302,0.0001
22,4,0.005796608205005596,0.058212798,0.07612384,0.9600092734096937,0.01857229578308761,0.09574319,0.13756566,0.8500591296534846,0.0001
22,5,0.003902146932190267,0.04777251,0.062472466,0.9732749759058482,0.01767455423916025,0.092485294,0.13424245,0.8651571595526477,0.0001
22,6,0.002946221934431276,0.0412856,0.05427437,0.97985014889433,0.018877160934997455,0.09560204,0.1385484,0.8576790364881958,0.0001
22,7,0.002418818435344462,0.037491474,0.049187116,0.9835207979527119,0.01806470302731863,0.090617776,0.13480279,0.8694206397761288,0.0001
22,8,0.001866020511935909,0.032200024,0.043197304,0.9873040485478894,0.01711999119392463,0.08593039,0.1300171,0.872517615076217,0.0001
22,9,0.0016648514915984472,0.030046472,0.040792663,0.9886686957673444,0.01914871108186032,0.09330085,0.13861372,0.863612044925469,0.0001
22,10,0.0014840829385788328,0.028618438,0.03851858,0.9899513308207138,0.016052307627562965,0.086954236,0.12748338,0.8732906635281978,0.0001
22,11,0.0012968854304668538,0.027388325,0.0360146,0.9911916385494042,0.01682645927316376,0.088349156,0.129668,0.8730266902717103,0.0001
22,12,0.00133129392960544,0.026687717,0.03647003,0.9909597967653979,0.015723955717736056,0.085255474,0.12650222,0.8756463978158537,0.0001
22,13,0.0012053809847865497,0.02526765,0.034716982,0.9918148381262505,0.017201058633093323,0.08959687,0.13153434,0.8712472747396515,0.0001
22,14,0.0011020448298474216,0.024485799,0.033196732,0.9925280793187057,0.01835815092947866,0.09296767,0.13597123,0.8664710468204536,0.0001
22,15,0.0010309410338599026,0.023270398,0.03211141,0.993005925315274,0.01411128293589822,0.08256108,0.11856924,0.8880258519949076,0.0001
22,16,0.0010100188020455746,0.023316348,0.031780675,0.993142500076566,0.016238507249259522,0.08672426,0.12725048,0.8769459050782921,0.0001
22,17,0.0009480529685371999,0.02234832,0.030793117,0.993569027027279,0.015264110539906792,0.08440134,0.123565264,0.8839364680215054,0.0001
22,18,0.0009726287903716771,0.023284996,0.031162614,0.9934107894486776,0.015958596519859775,0.085669376,0.12677446,0.8746444941014427,0.0001
22,19,0.000962233024667818,0.022736283,0.031013153,0.9934878724608859,0.01631443135972534,0.087411955,0.12728497,0.8757376078795494,0.0001
22,20,0.0009152880134322098,0.022646355,0.030257335,0.9937906430206975,0.01628614965427135,0.08773878,0.12746757,0.8806775193474251,0.0001
22,21,0.0007238499013757089,0.019549565,0.026901783,0.995107734086589,0.0162808794661292,0.08861997,0.12806182,0.8745747854605713,0.0001
22,22,0.0007223735519801266,0.019406283,0.02688018,0.9951068679416473,0.01575281414469438,0.087473355,0.12593313,0.8788341189844691,0.0001
22,23,0.0007390709531060463,0.019870417,0.027190605,0.9949901004562622,0.017496528203732202,0.09090266,0.13194166,0.8720453312733703,0.0001
22,24,0.0007126896312214417,0.019379433,0.026691768,0.9951697079715289,0.01612660594816719,0.087291665,0.12629518,0.8809658358678958,0.0001
22,25,0.0007324130460674326,0.019646995,0.027066331,0.9950335799830354,0.017740018532744477,0.09126749,0.13302492,0.8725666927180729,0.0001
22,26,0.0006988930141131141,0.018859897,0.026419008,0.9952697631223391,0.01608030468092433,0.087630704,0.12723975,0.8795902467089693,0.0001
22,27,0.0007517483810541681,0.020443879,0.027423183,0.9948981090256395,0.017058480763807893,0.088517904,0.13009945,0.8742496442081021,0.0001
22,28,0.000799267162611299,0.021108497,0.028273819,0.9945775581673203,0.014572873744847519,0.083626546,0.12104963,0.8859578649814183,0.0001
22,29,0.0007497903135568164,0.020490654,0.02738342,0.9949142306771185,0.01731638700169112,0.09126172,0.13099988,0.8775338432901937,0.0001
22,30,0.0006810294031889056,0.018773684,0.02609582,0.9953798285345052,0.015663632690640434,0.085661806,0.12475468,0.8808729824963443,0.0001
22,31,0.000609955048377878,0.018119879,0.024701202,0.9958700526798767,0.016633813735097647,0.08859391,0.12893157,0.8781248469196913,0.0001
22,32,0.0006270189149409672,0.017966978,0.025039634,0.9957509465795571,0.017276916952271546,0.08950201,0.13097516,0.8740865605697171,0.0001
22,33,0.0006030761960743726,0.017936105,0.024557138,0.995910357179029,0.01680718202676092,0.08767009,0.12977754,0.8777611284626605,0.0001
22,34,0.0005216126665570904,0.016362134,0.022839209,0.9964688506909394,0.01627727278641292,0.08832842,0.12722607,0.8803165174996377,0.0001
23,1,0.07238497602466111,0.22570151,0.26904687,0.31004741489212106,0.05474645351724965,0.19756496,0.23551096,0.6504116721698423,0.0001
23,2,0.0341722610336946,0.14436613,0.18488042,0.7529406219692374,0.024007116244839772,0.11545581,0.15399443,0.8118873437764319,0.0001
23,3,0.01744460888972906,0.10087866,0.13209969,0.8766259369080479,0.01949724162529622,0.103604026,0.13850969,0.8410270656766147,0.0001
23,4,0.012632485252813758,0.087509066,0.11239425,0.9121758963590716,0.018829023332468102,0.09942779,0.13619414,0.8538134765110814,0.0001
23,5,0.009133296304982956,0.07351873,0.09556812,0.9369756163505615,0.02071659060727273,0.1027688,0.14243993,0.8586412084219113,0.0001
23,6,0.006392045433972484,0.06151199,0.07995787,0.9560609024714988,0.020501061043302928,0.10021464,0.14137897,0.8570256167535912,0.0001
23,7,0.004987582433794703,0.055339605,0.070623234,0.9660806871831732,0.018678921640717557,0.09494005,0.13456672,0.8803945831210827,0.0001
23,8,0.004000819440513293,0.04783023,0.06324413,0.9727427800749622,0.017902733957661048,0.0918622,0.13252652,0.8731162070390208,0.0001
23,9,0.00352231335334445,0.045087956,0.059348572,0.9760430542035994,0.018044241121970117,0.091036916,0.13219367,0.8739799263256757,0.0001
23,10,0.0031861097064461107,0.043242954,0.05643346,0.978301196523598,0.015540099004283547,0.08754779,0.123852186,0.8829666808062676,0.0001
23,11,0.0028085721810087215,0.040737845,0.05300189,0.9808880749928015,0.015110117133839853,0.086275145,0.12245888,0.8835599761083982,0.0001
23,12,0.002939866273663938,0.040853158,0.054217394,0.9800049566584673,0.016446225810796022,0.09116951,0.12798262,0.8802777319836657,0.0001
23,13,0.0026181827562591323,0.038429685,0.051175,0.9822519121321828,0.016055246083331958,0.08882752,0.12550515,0.8819914602274423,0.0001
23,14,0.002353546886365408,0.036477715,0.04850722,0.9839502131085118,0.01642470490852637,0.087213725,0.12745234,0.8805062086094583,0.0001
23,15,0.0026727469722853505,0.038347237,0.05169374,0.9818432354226249,0.022027394601276944,0.10444108,0.14777383,0.8628252843477451,0.0001
23,16,0.002571201252764108,0.038574945,0.050695077,0.9824337791064599,0.015938216570897827,0.08898774,0.12519474,0.8782412219375461,0.0001
23,17,0.0025929542743627016,0.03845899,0.050927836,0.9822713386021124,0.014767125914139407,0.08357883,0.12039224,0.8909838062433165,0.0001
23,18,0.0019486265988132663,0.033453047,0.04411343,0.9867756331419222,0.01426064791823072,0.082930714,0.11854879,0.8929090188988972,0.0001
23,19,0.0018624020615270554,0.032182943,0.043144792,0.9873522159175494,0.015131562133319676,0.08479958,0.12186501,0.8881259602629005,0.0001
23,20,0.001932244969827828,0.03284391,0.043961674,0.9868535673838448,0.016043968232614652,0.08473453,0.1253805,0.8844112625710836,0.0001
23,21,0.0017564168545878796,0.03179301,0.04191216,0.9880348988583783,0.01310551239709769,0.08053592,0.11347562,0.8999250598110803,0.0001
23,22,0.0017737010412275025,0.03147139,0.0421209,0.9879376823600265,0.013794643338769674,0.08344986,0.11632432,0.8936497545436328,0.0001
23,23,0.0020154526965283554,0.032640927,0.044889502,0.9862606480823419,0.01765158779120871,0.09282564,0.13069367,0.8655723141786079,0.0001
23,24,0.0028865375429844467,0.040171932,0.053713504,0.9802510192334754,0.017266889169280018,0.092933156,0.13105696,0.8695703320536203,0.0001
23,25,0.0028073823038123062,0.03950862,0.052984644,0.9808323616038193,0.025389977996902808,0.11099234,0.15849277,0.8558487519112743,0.0001
23,26,0.0075588923809336165,0.06326305,0.08694407,0.9473691286814614,0.021470865500824794,0.09919264,0.14539799,0.8435541328501086,0.0001
23,27,0.006149332158737511,0.058825623,0.07843317,0.9573769882327616,0.01604061570417668,0.08613972,0.1254243,0.8761173881431246,0.0001
23,28,0.003591210744561297,0.044804804,0.05993517,0.9753352386818296,0.015868015753637468,0.088997036,0.12622006,0.8766459716137694,0.0001
23,29,0.0021830923179660656,0.035550293,0.046730623,0.9850879922710108,0.016920565128592507,0.090801895,0.12881304,0.8830114293274176,0.0001
23,30,0.0012778883800454541,0.026458148,0.035749134,0.9913161585119625,0.016449957487306426,0.088868394,0.12741867,0.8861912885887365,0.0001
23,31,0.0009094229397509752,0.021637369,0.030161496,0.993859355039597,0.015076887128608567,0.08555611,0.12164089,0.8894028142299695,0.0001
23,32,0.0007330486497887471,0.019313231,0.02707339,0.995044367649471,0.0161043997255287,0.086794704,0.12605247,0.8868509055242051,0.0001
23,33,0.0006492706627702497,0.017835505,0.025484458,0.9956141641052181,0.017097687548292533,0.09024048,0.13036384,0.8846563495042655,0.0001
23,34,0.0006539749062378569,0.017655175,0.025558863,0.9955787966095642,0.014809559431991406,0.08411468,0.12110565,0.8907417898551548,0.0001
23,35,0.0005725110798343041,0.016565496,0.023926992,0.9961356199601771,0.015965828339436224,0.08703247,0.12549715,0.8856686690167402,0.0001
23,36,0.0005501355018023898,0.016054835,0.023449892,0.9962770130665126,0.014480420754158072,0.082280874,0.11934694,0.8916141047442612,0.0001
23,37,0.0005973561817321003,0.01732029,0.024442187,0.9959576210833224,0.015192350805071848,0.0853373,0.1232196,0.8884858519467597,0.0001
23,38,0.0005918463023496948,0.017336804,0.02432956,0.9959948601140529,0.014959036987940115,0.0845792,0.12182996,0.8879687234609626,0.0001
23,39,0.0005833722953467029,0.016796151,0.024150562,0.9960507334015092,0.016660734146301235,0.08786763,0.1290283,0.8811398486343002,0.0001
23,40,0.0005533618067236722,0.016588228,0.02351336,0.996247912857349,0.014854472064013993,0.08176988,0.120928116,0.8916815128427056,0.0001
