config_id,epoch,train_mse,train_mae,train_rmse,train_pearson,valid_mse,valid_mae,valid_rmse,valid_pearson,learning_rate
0,1,0.027479249789547088,0.12379869,0.16568452,0.7921858694673455,0.019675989131900242,0.104385145,0.14122334,0.8380704573059836,1e-05
0,2,0.013145938364840026,0.08738288,0.11466432,0.9064188379307528,0.01564033685308122,0.09331024,0.12592112,0.8699920860417267,1e-05
0,3,0.00856653342689072,0.07106103,0.092555374,0.9400667389500645,0.014925862138355754,0.09153569,0.12302189,0.8784433678409158,1e-05
0,4,0.005680264830023538,0.058527935,0.07537805,0.9606721044360353,0.014888972430964242,0.08962162,0.12283309,0.8822377431871036,1e-05
0,5,0.004609992136380735,0.0524733,0.06790961,0.968203574582529,0.015136910152957879,0.090816066,0.123862214,0.8824926227576543,1e-05
1,1,0.027164055908313153,0.12148621,0.16474825,0.7964339441119613,0.025282021812421993,0.11012591,0.15977907,0.8052820280384192,2e-05
1,2,0.012411914208170057,0.0841164,0.111427344,0.9122586912534065,0.02069318737765705,0.09977308,0.14463183,0.8353153183976804,2e-05
1,3,0.007276645773217581,0.06472367,0.08530942,0.9496146527647956,0.02225360869865485,0.10240187,0.15004419,0.8311591458202476,2e-05
1,4,0.004631311133235724,0.05209819,0.068072654,0.9681398753242075,0.018860654319050135,0.09464673,0.1382861,0.8504606488535504,2e-05
1,5,0.0034644287114252476,0.04468403,0.058873277,0.9762646308784091,0.02037210420476859,0.09803458,0.14370437,0.8435754985536539,2e-05
2,1,0.03421520685372335,0.13752568,0.18496563,0.735380567416391,0.03950384581090744,0.1431899,0.19953874,0.7187265667634352,5e-05
2,2,0.015930693096872398,0.09463405,0.12619577,0.8860441209436253,0.01945107614166638,0.0969519,0.1404287,0.841764738854612,5e-05
2,3,0.009488492102999235,0.07334975,0.097420394,0.9334852454252149,0.016756003881541633,0.09158823,0.13032906,0.8620269499200073,5e-05
2,4,0.005566336144162799,0.055813577,0.074610844,0.961512262658174,0.016504117516214372,0.08874754,0.12932079,0.8669310159774536,5e-05
2,5,0.0031918892473186133,0.042873457,0.056502085,0.9781030966330992,0.01641521588670811,0.089141145,0.12902002,0.8722718416709611,5e-05
3,1,0.033089728248860494,0.1362238,0.18188664,0.7457098574354323,0.02518447778165224,0.117922746,0.15980986,0.7820266915037296,0.0001
3,2,0.01615571804206207,0.09625051,0.1270746,0.8840831023090636,0.01956808162827252,0.104165,0.1403828,0.854655711551847,0.0001
3,3,0.010105740075810457,0.07628924,0.10054692,0.9290087631213342,0.015958746462948276,0.09338987,0.12717997,0.8682564625784966,0.0001
3,4,0.008827259545048555,0.0683761,0.09395914,0.9381983817453734,0.01610737812976974,0.08886067,0.12779038,0.8721958976385136,0.0001
3,5,0.004308892907727432,0.05015603,0.06565358,0.9703149476638795,0.016038606609072303,0.08971734,0.12752837,0.873249229938794,0.0001
4,1,0.024227804247568423,0.11678843,0.15563852,0.8193020098972384,0.02027926417779074,0.102985516,0.1433735,0.836767077303045,1e-05
4,2,0.0111903236612077,0.08082148,0.10579005,0.9209389510060513,0.015314442137928886,0.09038286,0.12453222,0.8741636996037974,1e-05
4,3,0.007199255739723302,0.06446624,0.08485717,0.9498789933185834,0.015729403551058903,0.0940061,0.12629518,0.8700160679619746,1e-05
4,4,0.004753872249876562,0.053053435,0.06896054,0.96719212664918,0.014986254866623009,0.09042474,0.12308495,0.8781135278811147,1e-05
4,5,0.0037425245468384505,0.046830244,0.06118242,0.9742691522977778,0.014670228960994791,0.08651467,0.121970505,0.8858961248745483,1e-05
4,6,0.0025851991435319236,0.039069857,0.050816268,0.9823255525453132,0.014135733388010758,0.084977865,0.11969124,0.8845130442657961,1e-05
4,7,0.002165510937221736,0.035880957,0.046540115,0.9851992431599979,0.01490982776771556,0.08615856,0.12295927,0.8846945972048337,1e-05
4,8,0.0017514975498186041,0.03170933,0.041852962,0.9880479872214394,0.013909152079914175,0.08449343,0.11876287,0.8883093615605416,1e-05
4,9,0.0014703970439249958,0.028778505,0.038355656,0.9899789301032819,0.014698797265916037,0.08681593,0.122089386,0.8864432546857575,1e-05
4,10,0.001258754358119727,0.026804075,0.035485413,0.9914409546005817,0.01447397544089418,0.08590167,0.12114917,0.8866627969961633,1e-05
5,1,0.026602276611233253,0.12242964,0.1628781,0.8018952406105884,0.02750846844908126,0.11469208,0.16679913,0.757590196275997,2e-05
5,2,0.013373381364383412,0.08711069,0.11563738,0.9051820206626843,0.014027710913473533,0.085806765,0.119214974,0.8847662675484109,2e-05
5,3,0.007909577697939534,0.06848883,0.08889989,0.9450493982278054,0.015157755222861414,0.0930354,0.12390791,0.8766952432771818,2e-05
5,4,0.0058982345692690456,0.059124205,0.07680866,0.9593791053272048,0.01579458063201013,0.0919138,0.12645562,0.8726234309567608,2e-05
5,5,0.0043529202162615075,0.0502663,0.06599321,0.9700977954436144,0.015476958023858364,0.08829591,0.12527913,0.876985702453086,2e-05
5,6,0.003043176751408648,0.042257454,0.05517575,0.9792162840613755,0.015139074097128792,0.08672445,0.12388831,0.8850957520888425,2e-05
5,7,0.0025962447207603305,0.038748085,0.05096762,0.9822467985139873,0.015748522864332364,0.08765972,0.12637258,0.8857283969290424,2e-05
5,8,0.0020971985320833247,0.034030695,0.045797825,0.9857014060282233,0.013661706005020986,0.08189426,0.11770214,0.8903857043605554,2e-05
5,9,0.0016394895094372175,0.03038419,0.040497378,0.9888247314764833,0.014884699778997822,0.08424796,0.122847944,0.8870165658775254,2e-05
5,10,0.0014686765281392955,0.028196966,0.038330838,0.9900065630224398,0.01447352244051419,0.083468676,0.12114768,0.8867618738446322,2e-05
6,1,0.03288327833617467,0.13428718,0.18125437,0.751273439068039,0.022579111107107665,0.11119386,0.1511684,0.8204329464690235,5e-05
6,2,0.02792927420101886,0.12375977,0.16697307,0.7891281185258157,0.05487169099419757,0.18815726,0.23465891,0.5123372357617982,5e-05
6,3,0.04901828474649957,0.17214596,0.22145933,0.579605414065288,0.03467746992747481,0.13516912,0.18751916,0.7028587463183498,5e-05
6,4,0.024134230334175725,0.11648558,0.15529007,0.8210991976791046,0.04369183408238718,0.16726373,0.21046552,0.6633015325526268,5e-05
6,5,0.057722753675972224,0.19098726,0.24027674,0.4720824157962308,0.04987255883127175,0.17335778,0.22369973,0.4959235648051046,5e-05
6,6,0.0435075811091397,0.15902676,0.20860825,0.6403814888218448,0.051571637611939676,0.18052737,0.22716036,0.5217569246772554,5e-05
6,7,0.056591660865952714,0.18684067,0.23795511,0.4828137361654599,0.057889486919588375,0.19382346,0.2411464,0.41320045989114446,5e-05
6,8,0.059455490188845043,0.19119218,0.24379538,0.4399173892099583,0.05540452423264031,0.18943517,0.23585415,0.44986084438495194,5e-05
6,9,0.06416821699721682,0.2030998,0.25330365,0.36191528351053504,0.05499601120094734,0.18684538,0.23519674,0.4347413290634194,5e-05
6,10,0.06250931859914285,0.19843757,0.24996762,0.39007574990353394,0.05548598364650927,0.18829446,0.23619749,0.434745511112398,5e-05
7,1,0.05710252746273263,0.18817802,0.23881799,0.4845256559835649,0.06444770566843173,0.20880002,0.25536624,0.08147300472687176,0.0001
7,2,0.0696014102355786,0.21418104,0.26377195,0.24740791123583547,0.0735172749221049,0.2285514,0.27220035,0.553633948241377,0.0001
7,3,0.06843289733939438,0.21265711,0.2616274,0.26957351905262966,0.04162216341097115,0.15868825,0.20538238,0.6113614808187773,0.0001
7,4,0.030785932729894373,0.13549459,0.1755064,0.7629301585355924,0.03180959865615781,0.13105555,0.17960301,0.7507236900963091,0.0001
7,5,0.01740951826262819,0.101802304,0.1318982,0.8740520241315836,0.024233183245760976,0.113855846,0.15668145,0.7933396361703782,0.0001
7,6,0.014092408728140632,0.09029279,0.11868807,0.8993359927873043,0.034029673793594596,0.140127,0.18518086,0.7584409460541891,0.0001
7,7,0.011182609347683142,0.08035057,0.10576929,0.9209743010359314,0.020670763624806382,0.102635734,0.14478217,0.8334310780602321,0.0001
7,8,0.007342328490862388,0.06415871,0.08570024,0.9488472674845395,0.01948433976051294,0.09997245,0.14050236,0.8406656389484407,0.0001
7,9,0.00594477449911244,0.05769506,0.07712121,0.958786587678789,0.020167171369259315,0.09999503,0.14299347,0.8349339223139867,0.0001
7,10,0.004707250543709553,0.050654203,0.068626724,0.9675560095374931,0.020010517801252986,0.09773193,0.14242736,0.8412203690736574,0.0001
8,1,0.026447277312943815,0.12074285,0.16257866,0.8008924877144012,0.023047141373455007,0.107994094,0.15286641,0.8127110420601573,1e-05
8,2,0.012344798290567303,0.084822305,0.111097805,0.912415225359969,0.01733003526331029,0.09371905,0.13244565,0.8606944499957517,1e-05
8,3,0.00790736870807892,0.06822573,0.088925645,0.9448158359832384,0.016229601718266536,0.091199294,0.12828462,0.8674173523466797,1e-05
8,4,0.005307266442338073,0.056226436,0.07286612,0.963294561830573,0.014835329282235491,0.08894348,0.12262505,0.8808389130572364,1e-05
8,5,0.0037995014551436205,0.047330357,0.06164336,0.9738754821866703,0.01697511991025951,0.09381618,0.13119988,0.8710992370838778,1e-05
8,6,0.0029429501757697826,0.040980283,0.0542426,0.9798313336899864,0.017060974140703265,0.094766006,0.13138054,0.8761456403240083,1e-05
8,7,0.002487282573766207,0.038085688,0.049875747,0.9829785538734098,0.014009759453916491,0.08529226,0.11918509,0.8904077089225602,1e-05
8,8,0.0018306579963834092,0.032463904,0.042783625,0.9875039157286024,0.016446007024367444,0.08949751,0.12913518,0.874218212225012,1e-05
8,9,0.0017107480721916485,0.031018326,0.04137107,0.9883199050655715,0.01499586745706404,0.08561483,0.12330039,0.8828052768563265,1e-05
8,10,0.00151006947589424,0.02917193,0.03886785,0.98969470612589,0.015116842867023984,0.08534237,0.123748325,0.8850855348527197,1e-05
8,11,0.0013216454379791141,0.026666058,0.036359675,0.9909879754030132,0.01632641171777828,0.090538286,0.12849526,0.8826638919878753,1e-05
8,12,0.0012607027111044202,0.026023444,0.035469353,0.9914268478377156,0.015919573849748337,0.08877071,0.12704475,0.8795345107568877,1e-05
8,13,0.0010975323826115128,0.024289628,0.03313548,0.9925242411088555,0.013761820021803336,0.08129305,0.118083276,0.8893854763841638,1e-05
8,14,0.0010290890869480995,0.023213712,0.032081347,0.9929912958405648,0.015556199805427308,0.087076545,0.12541912,0.8862972805085175,1e-05
8,15,0.0009088576613602331,0.021774737,0.030153615,0.9938115043367954,0.01440872981658214,0.08351813,0.12085879,0.8863528889885308,1e-05
8,16,0.0007488222142549425,0.020164263,0.027370332,0.9949035674597522,0.014504347178579471,0.083154246,0.12122538,0.8863204409939278,1e-05
8,17,0.0007528938205689534,0.019343087,0.02744156,0.9948769054286483,0.014234064270432875,0.08295649,0.12006134,0.889553042590577,1e-05
8,18,0.0006564228185801359,0.01801606,0.025404349,0.9956132172938594,0.014239215846087231,0.08267792,0.120043054,0.8891392794467382,1e-05
8,19,0.0006197004735840212,0.017535653,0.024896286,0.9957847122181684,0.014428131105146517,0.08317102,0.12085001,0.8880060549115829,1e-05
8,20,0.0005596471155470928,0.016843189,0.023655204,0.9961981303744532,0.01444388890471331,0.08316336,0.12092675,0.8881409125413349,1e-05
9,1,0.02823555300384325,0.1262056,0.16797625,0.7873299773706457,0.02398281151653026,0.11270254,0.15572615,0.8122405062455273,2e-05
9,2,0.013105717277038456,0.08663126,0.114486225,0.9069812080331259,0.0168608917107728,0.08934535,0.1307308,0.8666887638102722,2e-05
9,3,0.008459603852910919,0.07030773,0.091990024,0.9409509677586725,0.016295508463237504,0.09666733,0.12836425,0.8695898226155597,2e-05
9,4,0.006225510309836566,0.059438456,0.07888856,0.9571848456382142,0.015237082436215132,0.0927013,0.12393708,0.8790389141055183,2e-05
9,5,0.004192942920951206,0.04874778,0.06476474,0.9711959839508543,0.014025730281244049,0.085106395,0.119260706,0.8886303248588194,2e-05
9,6,0.0036725664082109476,0.044594582,0.060609978,0.9748643004083062,0.01395368474725358,0.086885005,0.118941605,0.8883678403747808,2e-05
9,7,0.0030704672643937937,0.04191796,0.05542533,0.9790274824823804,0.017374203137242823,0.09198795,0.13271959,0.872946995176545,2e-05
9,8,0.0024156676055210025,0.036499802,0.049146242,0.9835112939095908,0.014250641961418162,0.08660894,0.12007771,0.8848300273258933,2e-05
9,9,0.002410347130093231,0.03604783,0.04907096,0.9836177815875317,0.015471744299416227,0.086690485,0.12525633,0.883427348612544,2e-05
9,10,0.0021670709308560516,0.034554575,0.046564084,0.9852389967648276,0.015110750332328112,0.08704098,0.123766094,0.8805977672276788,2e-05
9,11,0.0017594662915364997,0.030879593,0.041956075,0.9880234852494798,0.014075341228615597,0.08471198,0.119428,0.8848227836195959,2e-05
9,12,0.0017369461457432595,0.030374218,0.041639194,0.9882227713880395,0.015472631497552222,0.08795495,0.1252545,0.8798666938563644,2e-05
9,13,0.0014231788341573953,0.027861578,0.03772391,0.9903195457184898,0.014755764255015593,0.08508903,0.122228116,0.8897895741664006,2e-05
9,14,0.0014461580416298891,0.0270808,0.03803041,0.9901834251331992,0.015243468931725214,0.08603869,0.124323584,0.8824124712215333,2e-05
9,15,0.0012468001870780494,0.025275527,0.03531542,0.9915212788451455,0.015629094895538636,0.08784535,0.12589072,0.8785109266160169,2e-05
9,16,0.001026599088571491,0.022969846,0.032042608,0.9930211512133391,0.014840154951714256,0.08556212,0.12263181,0.884240391386187,2e-05
9,17,0.0009798827127609757,0.022292048,0.03131126,0.9933401249389701,0.01442388378914243,0.08497192,0.120940894,0.8892421927983779,2e-05
9,18,0.0008966778280677675,0.020700965,0.029653044,0.9940321648934244,0.014380777183827444,0.08451374,0.12075529,0.8908883649956366,2e-05
9,19,0.0009059036978996859,0.021203494,0.030105308,0.9938578782068412,0.014713762658950011,0.08439326,0.12214544,0.8873738883327532,2e-05
9,20,0.0006962068009542976,0.018303996,0.026387788,0.9952779492267829,0.01458481500257794,0.08421593,0.1216123,0.8878829146186371,2e-05
10,1,0.02901329331113043,0.12759158,0.17033717,0.7815546786531723,0.022437779929195704,0.109072424,0.15082912,0.813324963330262,5e-05
10,2,0.016579111000750362,0.09704775,0.12877853,0.8814234852283764,0.018652059024639636,0.10323153,0.13747315,0.848399211553981,5e-05
10,3,0.011595717210532873,0.0817833,0.10768546,0.9186152952581017,0.019648597241569036,0.099452056,0.14110549,0.8412050457625099,5e-05
10,4,0.027846357246795447,0.11401398,0.16685127,0.7890767307431273,0.06891700770292017,0.2189133,0.26374754,0.1667435170853345,5e-05
10,5,0.07471621491365292,0.2233282,0.27339327,-0.018707371590575096,0.06749542033368791,0.21594779,0.26109144,0.28161421605826853,5e-05
10,6,0.07481814650971025,0.22356193,0.27358907,-0.005362697103475279,0.06850790779140813,0.21805024,0.26298496,0.44975471401790423,5e-05
10,7,0.0743740850185897,0.22334206,0.2727941,-0.019644816747068174,0.0671829998286234,0.21535152,0.26050565,0.4715325630083237,5e-05
10,8,0.07413369962329776,0.222495,0.2722477,-0.0066495270153125955,0.0719594372505391,0.22524466,0.26936623,0.5256053688846721,5e-05
10,9,0.07440504563861379,0.22270744,0.27267897,-0.016818031648525987,0.06536477216071,0.21140553,0.25709248,0.5411621984895418,5e-05
10,10,0.07432832955774442,0.22330406,0.27257672,0.016093550311018508,0.06549408876647551,0.21169886,0.2573344,0.5159837369131554,5e-05
10,11,0.07424255265423453,0.22311121,0.27245983,-0.005946002857062108,0.0647874378806187,0.21041054,0.2559614,0.5255244549056189,5e-05
10,12,0.07207649798789627,0.2200759,0.26847112,0.15227666707672705,0.0738206731017541,0.23218326,0.27253705,0.30035167647263133,5e-05
10,13,0.051483722673467944,0.18217994,0.2269444,0.5495162367885276,0.044605797549054305,0.17312558,0.21224782,0.6123898808209098,5e-05
10,14,0.02739134352440972,0.12806983,0.16553295,0.7927032780922939,0.031493310978273965,0.1345796,0.17849398,0.7658668813442285,5e-05
10,15,0.016127991317415057,0.097451724,0.12703207,0.883770982514727,0.029018803005951836,0.123501725,0.1715432,0.7826868599219792,5e-05
10,16,0.01141010453515451,0.082254395,0.10680517,0.9193308733363017,0.021767316114467878,0.11227061,0.14852719,0.8135709405562858,5e-05
10,17,0.009106280354797354,0.073244125,0.09540105,0.9362087568215648,0.022452969762660493,0.108267546,0.15076143,0.8252622804957499,5e-05
10,18,0.007631167171307552,0.06631159,0.08725981,0.9469627853454056,0.022485525680369593,0.105474785,0.15090193,0.82897722981516,5e-05
10,19,0.006484192046542868,0.060808316,0.08052486,0.9549958152248953,0.02152647123094303,0.10277292,0.14767195,0.8335547655489729,5e-05
10,20,0.005546516318322447,0.056111373,0.07431262,0.9618247523229007,0.02135930822825887,0.10188773,0.14712101,0.8341056977403017,5e-05
11,1,0.052088147203903645,0.18068422,0.22816147,0.5430668221479106,0.0471883123067932,0.18217602,0.21835956,0.7064286666707122,0.0001
11,2,0.04261694006919948,0.15624294,0.20636289,0.6547769326642314,0.06440796330571175,0.20773767,0.25535315,0.03381781517679104,0.0001
11,3,0.07901150794486542,0.22929639,0.28108332,-0.020302471427139052,0.07358712863384022,0.22855546,0.27233186,0.30771238583824334,0.0001
11,4,0.0752480989044628,0.22456764,0.2743474,-0.020624702986744552,0.06902640162863666,0.21919692,0.2639484,0.3796668275711572,0.0001
11,5,0.0749514440404225,0.22382972,0.27382398,-0.01499865267318371,0.06692880376552542,0.21485575,0.2600255,0.36593013455655193,0.0001
11,6,0.07454170411665897,0.22318085,0.27307132,0.02645201603148355,0.07162946416065097,0.22454117,0.26876175,-0.3621464905870229,0.0001
11,7,0.07462456815459365,0.22313169,0.27325308,-0.027430728420278303,0.06516017162896416,0.21111749,0.25664762,0.33804167035034277,0.0001
11,8,0.0729238708045499,0.2201211,0.27001047,0.14398770145216871,0.07408021105867293,0.229544,0.2732246,0.2778280657850313,0.0001
11,9,0.07549742508514254,0.22536625,0.2746742,-0.0600982566199445,0.06495372669909287,0.21031228,0.25632694,-0.3243416771946153,0.0001
11,10,0.07416860356265417,0.22253874,0.27228156,0.027380814563549703,0.06516206335207378,0.21093273,0.25670597,0.36114793864168887,0.0001
11,11,0.07421003915608869,0.22271632,0.272398,0.014490036148307352,0.0640911070405747,0.20698136,0.25473142,0.33327723922499886,0.0001
11,12,0.07428919711578899,0.22264422,0.2725409,0.04002587123959333,0.06927504114530704,0.21968016,0.2644141,-0.5270746463392576,0.0001
11,13,0.07511710515245795,0.22372946,0.27406693,-0.02198432747972631,0.06659540859982371,0.21416178,0.2594025,,0.0001
11,14,0.07492115112646074,0.22371095,0.27364996,-0.034310643411691946,0.07148826796630467,0.2242663,0.26850244,-0.022096724057185945,0.0001
11,15,0.07463714290327593,0.22418445,0.27315834,0.006094521971287691,0.067508931202745,0.21597764,0.26111677,0.04813198324726114,0.0001
11,16,0.07429829084370981,0.22291234,0.27256387,-0.0007576311424160717,0.06606476921243248,0.21302599,0.25840554,0.09280015789996136,0.0001
11,17,0.07415024118408753,0.22278257,0.2723829,0.0028390528033445024,0.06920559657737613,0.21953787,0.26428455,-0.13226988048551197,0.0001
11,18,0.07396283764696776,0.2219202,0.2718738,0.0046469298255959884,0.06808219205036208,0.21720167,0.26218984,0.0985446240484463,0.0001
11,19,0.07442505677474366,0.2229365,0.27281296,-0.061368837644263444,0.06910609055517448,0.2193246,0.26409948,0.009635105365594082,0.0001
11,20,0.07369249789142181,0.22175303,0.2713808,0.029642903083110437,0.06876979319861641,0.21858667,0.2634733,0.0027536816443504545,0.0001
12,1,0.028456643673103896,0.1273302,0.16867678,0.7834801474648501,0.022392714585832977,0.10922865,0.14957589,0.8185961102100546,1e-05
12,2,0.01347955418032568,0.08875764,0.11610306,0.9040327287774393,0.021044266513652272,0.10259459,0.14484785,0.833994533139581,1e-05
12,3,0.008317260233746302,0.069951095,0.09118607,0.9419122637478426,0.01933992255686058,0.095262766,0.13832454,0.8529771914328731,1e-05
12,4,0.006643480133857125,0.06300743,0.08150775,0.9538849238540189,0.018155095943560202,0.09123267,0.13418028,0.8547930955312744,1e-05
12,5,0.005419570381185214,0.05691351,0.073620655,0.9625604129180363,0.019571010238939413,0.09498675,0.13923824,0.854193757190872,1e-05
13,1,0.026221487171747767,0.120038435,0.16192019,0.8030137552023855,0.024880641053810163,0.10892368,0.15789764,0.8228219946905942,2e-05
13,2,0.01177833612277129,0.08200289,0.1085397,0.9165703182143726,0.016369351875726825,0.090669625,0.12796201,0.8737962126562053,2e-05
13,3,0.006785586908531471,0.06196063,0.08237958,0.952843756791105,0.016038525815087336,0.09143338,0.12675357,0.8729833876384381,2e-05
13,4,0.0043217336239998235,0.048889875,0.065748364,0.9702859193223322,0.015795392622412356,0.08842225,0.12580708,0.8743556440492328,2e-05
13,5,0.003116240937895986,0.040615518,0.055824637,0.978640305124569,0.01626531693532511,0.08920786,0.12768485,0.8761051112856875,2e-05
14,1,0.026441547187332447,0.12108578,0.16256292,0.8034838583977642,0.027347017829823825,0.11730841,0.16521288,0.8193198786255979,5e-05
14,2,0.011679159777639347,0.08160128,0.10807101,0.9174476798637381,0.017473795951378567,0.091548905,0.13143133,0.8723007727186848,5e-05
14,3,0.0059652885027168855,0.058786817,0.07725328,0.9586574432459322,0.015077653030554453,0.08462838,0.12258673,0.8834281092645592,5e-05
14,4,0.003520136067908144,0.045715936,0.059334572,0.9758317784181898,0.013862518352214937,0.08162203,0.11724928,0.8910897066905852,5e-05
14,5,0.0022704517043132563,0.036249403,0.04764613,0.9844761832694234,0.014575636712834239,0.082706764,0.12030968,0.8914220871812543,5e-05
15,1,0.03426915274445559,0.13817161,0.18509714,0.7364524062570647,0.02673965423471398,0.12323774,0.16402356,0.7859843706242251,0.0001
15,2,0.015354513870682741,0.094732665,0.12392381,0.8900398598158519,0.021579981005440157,0.09943323,0.14721157,0.8429450101585618,0.0001
15,3,0.00863225180459879,0.06934084,0.092916496,0.9396357531108686,0.017105890351727052,0.09087932,0.13111746,0.871800185388372,0.0001
15,4,0.004245003942393689,0.049360078,0.06515897,0.9707598114229332,0.01573704061512318,0.08635029,0.12580216,0.8771836408599586,0.0001
15,5,0.0021128869254009312,0.03416803,0.045971207,0.9855649587961248,0.01589034576210435,0.08621068,0.12636435,0.8792119449759048,0.0001
16,1,0.02745085510683124,0.12523127,0.16561408,0.7926532056440424,0.024876733569221363,0.11002439,0.15732707,0.8159950292240993,1e-05
16,2,0.013987531022181752,0.08977399,0.11829536,0.9001683454344408,0.020108651576770678,0.0988843,0.14152789,0.8398540540465697,1e-05
16,3,0.009567804862233749,0.07473736,0.09783688,0.9328463590252379,0.01817946527498188,0.09647701,0.13425922,0.8539065169095481,1e-05
16,4,0.006650703361314486,0.06285101,0.08156067,0.9538327071124162,0.018418155136276728,0.0962114,0.13533884,0.8571515851162226,1e-05
16,5,0.005473188966976165,0.05738815,0.07398429,0.9621503340496403,0.019979969434509123,0.100170046,0.14052054,0.8598572699344734,1e-05
16,6,0.004106267062440149,0.049534354,0.06408151,0.9717387999587129,0.01662458581160064,0.092344955,0.128424,0.8720566512448563,1e-05
16,7,0.0032055295818043594,0.043904945,0.056615617,0.9780288575110023,0.018563721018532913,0.09790089,0.1355612,0.8597216891625046,1e-05
16,8,0.002964073260207051,0.04186871,0.05444414,0.9796776560830812,0.018125607011218865,0.095823586,0.13369437,0.8649440690460722,1e-05
16,9,0.002432515330353717,0.038130485,0.049321763,0.9833677119139214,0.019186846687699908,0.0979486,0.13749786,0.859877305892893,1e-05
16,10,0.002240203416995513,0.036500532,0.04732927,0.9846840917042236,0.018459915907846555,0.09661635,0.13492586,0.8616105046547318,1e-05
17,1,0.02655657240359339,0.12192718,0.1629339,0.8001740875112712,0.02211818092123226,0.104357846,0.14843598,0.8294279969643279,2e-05
17,2,0.013294119631575646,0.08711497,0.11530967,0.9053709318842712,0.016330411192029715,0.090801224,0.12716137,0.8736742708643274,2e-05
17,3,0.00765245251420659,0.066372536,0.0874806,0.9466447233805487,0.015639778580171643,0.08770371,0.12441545,0.8740568490392627,2e-05
17,4,0.004811905175403944,0.052840795,0.06937668,0.9667838610354708,0.016957758516245695,0.09075496,0.12959032,0.8677710433983087,2e-05
17,5,0.003445142793858633,0.045161333,0.05869682,0.9763466130221148,0.01598317777151587,0.087996975,0.12593915,0.8785481418947843,2e-05
17,6,0.0023925517769078897,0.037228566,0.048911087,0.983633765485781,0.015152541950724466,0.08515499,0.12252827,0.8804623407819978,2e-05
17,7,0.0017048007431635895,0.031316802,0.041281935,0.9883721861613345,0.016224562910523405,0.085692786,0.1267328,0.8797273873014929,2e-05
17,8,0.0014005805322629503,0.028203111,0.03742679,0.9904501444697086,0.015759403265460773,0.0850716,0.12483938,0.8824549843830058,2e-05
17,9,0.0012016233084527514,0.026219554,0.034665514,0.9918124930844845,0.015875558403355104,0.086043335,0.12531362,0.8835131669157624,2e-05
17,10,0.0009678911227187812,0.023527363,0.03110633,0.9934207246497613,0.015412394259193982,0.08448025,0.12350024,0.8839993507605285,2e-05
18,1,0.028302369766572716,0.12342915,0.16818748,0.7866280538286198,0.023550842172914633,0.109722815,0.15361641,0.8046502957469972,5e-05
18,2,0.013021944772352021,0.08685311,0.11412546,0.9075396146018917,0.01650729834067601,0.09040164,0.12845296,0.8725703714484798,5e-05
18,3,0.007579671154527655,0.06429737,0.087071046,0.9471698345342078,0.01660726792006581,0.091183536,0.12891023,0.8657645673176836,5e-05
18,4,0.004778723176144429,0.05113845,0.06914145,0.9670229572230326,0.01717677721063848,0.09240304,0.13095407,0.8666335188490193,5e-05
18,5,0.002746359658673423,0.039937466,0.052415658,0.9811799610514254,0.017258250391697167,0.08995253,0.13146582,0.8647234048497555,5e-05
18,6,0.0018106366057687648,0.031588797,0.04255506,0.9876349920275045,0.01721963705495,0.0895713,0.13123399,0.8719603356664668,5e-05
18,7,0.0013044656833163767,0.026446275,0.036114987,0.9911109340069234,0.016863368675802595,0.08790542,0.12985756,0.8704536230309244,5e-05
18,8,0.001029966601576421,0.02290222,0.032078993,0.992991987713913,0.016365045582427195,0.08636877,0.12790354,0.8718247402879128,5e-05
18,9,0.0007982810416719093,0.020121317,0.028251924,0.9945693307720653,0.017193869040865038,0.08778745,0.13114245,0.8706328337931933,5e-05
18,10,0.000683574327157547,0.018029166,0.026147388,0.9953497030764238,0.016919346129590715,0.08703242,0.13012129,0.8708427888788491,5e-05
19,1,0.030502860837999,0.13089992,0.17461623,0.7696863931437806,0.030783928879019287,0.12350432,0.17574257,0.7509284647718568,0.0001
19,2,0.016939153692687243,0.09749818,0.1301584,0.8784980745146883,0.018326339682702114,0.096847445,0.13534921,0.8571886513766684,0.0001
19,3,0.011288101615701915,0.0790007,0.10625601,0.9204389756539954,0.01675533836155578,0.09565132,0.12958151,0.8737283406647618,0.0001
19,4,0.007405802897486627,0.06535528,0.08606903,0.9485587749426126,0.01604137914600196,0.08832364,0.1268404,0.8848433013211137,0.0001
19,5,0.0042981507765808115,0.04906178,0.065563984,0.9704472112572395,0.014882472723170562,0.0872509,0.12240048,0.8818359995793681,0.0001
19,6,0.002803512424630141,0.039353497,0.052959427,0.9808304641598543,0.014653557786476557,0.08379564,0.121298425,0.8838324625980505,0.0001
19,7,0.001968919613361076,0.032984696,0.044378385,0.9865604898967028,0.015043350902420503,0.08570543,0.12297001,0.8835019107934989,0.0001
19,8,0.0014943932426185456,0.028157184,0.038656466,0.9898226052627235,0.014976487736459132,0.085721225,0.12269313,0.8865107212008142,0.0001
19,9,0.0011395508878602957,0.024422651,0.033761956,0.992239295620089,0.01491307045540048,0.08432239,0.12237754,0.8878692331611706,0.0001
19,10,0.0008413443464862517,0.020295193,0.029007701,0.9942785407510355,0.0147251407098439,0.08378427,0.121587195,0.8874521460168849,0.0001
20,1,0.031957145159080554,0.13527454,0.17872761,0.7526267668466028,0.023167277858765038,0.10832471,0.15223263,0.807567856102849,1e-05
20,2,0.014703609610180954,0.092110254,0.12127087,0.8946648202411553,0.019498527929600742,0.09873559,0.13907664,0.8452657512349426,1e-05
20,3,0.00985318144715922,0.07627217,0.09926052,0.9307593775620944,0.0170737922846995,0.09505155,0.13016228,0.8659794159777503,1e-05
20,4,0.0066410752541546615,0.06268889,0.081496514,0.9538662660143683,0.015277233423182258,0.08961468,0.12337822,0.8780777009916351,1e-05
20,5,0.0052405816976690365,0.05556091,0.07239279,0.963787489491842,0.015710988651133247,0.09050095,0.12476298,0.8784274580846575,1e-05
20,6,0.004273441457788016,0.050484885,0.065368734,0.9705817368275188,0.01402684246810774,0.0850771,0.11831475,0.8885125289584028,1e-05
20,7,0.0034236932049884036,0.04532,0.05852385,0.9764800804164779,0.01519671753393831,0.08753399,0.1229634,0.8848084209487399,1e-05
20,8,0.002798096926895919,0.040478133,0.05289481,0.9808307177248314,0.014440885477664846,0.08725769,0.119800955,0.8841534116414952,1e-05
20,9,0.002438551117448467,0.038272284,0.049390998,0.9833061427503429,0.015574270454062908,0.08796655,0.12439189,0.8849876360935338,1e-05
20,10,0.0022582853937556393,0.036300685,0.047521785,0.984562911097556,0.015693816364984268,0.087504394,0.12487216,0.8840423844315656,1e-05
20,11,0.0018929052248240284,0.032984287,0.04351175,0.9870685204854437,0.015160316290954748,0.08887616,0.12251578,0.8830408820056566,1e-05
20,12,0.0018348130691596895,0.032284796,0.042834565,0.9874714965964729,0.015429028318505044,0.08796608,0.124024525,0.8838859425969383,1e-05
20,13,0.0015715068553941037,0.02991152,0.039643526,0.9892776307982641,0.015567500825488457,0.086387776,0.12438709,0.8845274509366833,1e-05
20,14,0.0013795576564109206,0.028048541,0.037149075,0.9905945854841646,0.016009549368862754,0.08815217,0.12607181,0.8838557468706311,1e-05
20,15,0.001319881562343755,0.027288396,0.036333628,0.9910041752909052,0.015009207616525667,0.08568014,0.12197714,0.8859095093434199,1e-05
20,16,0.0012781984054714129,0.027195819,0.035753626,0.9912907532963877,0.014523466566094646,0.08383355,0.120061085,0.8864908224450961,1e-05
20,17,0.0011796029712993947,0.02578146,0.034336668,0.9919671649378923,0.014900290303760104,0.084856,0.12155059,0.8861298274301322,1e-05
20,18,0.0010558067193737898,0.023938568,0.03239971,0.9928510524930287,0.015355086186900735,0.0865082,0.12335208,0.8866338731436706,1e-05
20,19,0.0009861676080278057,0.023463085,0.03138575,0.9932961614328802,0.014624081284704583,0.08410896,0.12028334,0.887493129841133,1e-05
20,20,0.0009023520643180932,0.022504747,0.030030774,0.9938619282366281,0.014822305921741106,0.08479362,0.12115033,0.8876217571903872,1e-05
21,1,0.025571454404505128,0.11956577,0.15986441,0.8088775207899342,0.024946827122389718,0.112058185,0.15754803,0.8217961662507732,2e-05
21,2,0.012175281243246466,0.084451094,0.11035891,0.9137659734770442,0.016874173035224278,0.09466711,0.12918684,0.8693267684584248,2e-05
21,3,0.008022102194394325,0.06842128,0.089563265,0.9441707007625867,0.017083936034598284,0.09498542,0.13028386,0.8615581305305663,2e-05
21,4,0.005562874558436136,0.057371013,0.07457563,0.9615737390898442,0.018011874527911895,0.093271784,0.133371,0.8594066775683884,2e-05
21,5,0.004232930255456496,0.049502958,0.065058075,0.9709161497405404,0.017326031673561643,0.09432973,0.13054031,0.8745460599547189,2e-05
21,6,0.00322296159400683,0.043143842,0.056751944,0.9779514786247109,0.015417994172484786,0.08728279,0.12346179,0.8775521290638203,2e-05
21,7,0.0031637097201603855,0.042424455,0.056237064,0.9783660155075553,0.01755981824222814,0.09298955,0.13175078,0.8755832436508588,2e-05
21,8,0.0026406961819320203,0.038697045,0.051395345,0.981948123376457,0.015432359667977801,0.087193325,0.12367,0.8790420844965142,2e-05
21,9,0.002427501308162714,0.036975384,0.049261596,0.9834213496464486,0.016076685761584452,0.08741841,0.12608044,0.875098622274955,2e-05
21,10,0.001998957082594932,0.0332875,0.04471705,0.9863570790771441,0.015776384285547666,0.08645717,0.12486318,0.8792034884876914,2e-05
21,11,0.0017174026468076752,0.03094387,0.04144863,0.9883158847620513,0.015334781561115826,0.08648576,0.123000175,0.8808263581108874,2e-05
21,12,0.0016452136073342011,0.030390937,0.040557537,0.9887886873237023,0.016658362622062366,0.08831613,0.12825309,0.876917147551373,2e-05
21,13,0.0014871926124155452,0.028153995,0.038564682,0.9898753753832072,0.01490443046377213,0.085124694,0.12142881,0.883577092332527,2e-05
21,14,0.0013912676510707885,0.027160432,0.03729839,0.9905326367099712,0.01625085125366847,0.08759908,0.12686323,0.881348804223932,2e-05
21,15,0.0011793048995918003,0.025031129,0.034340676,0.9919800948068046,0.015431050926929823,0.084536314,0.12349229,0.8828640398076644,2e-05
21,16,0.0012219100303172187,0.025133124,0.034959424,0.9916839594432245,0.01472452745117523,0.08378295,0.12061164,0.8858261933747228,2e-05
21,17,0.0010397605458641681,0.023286618,0.032248717,0.9929256954499848,0.01611434994265437,0.0863343,0.12624048,0.8837713939840225,2e-05
21,18,0.0009995296406197889,0.022355935,0.031545322,0.9932378461079179,0.015404708157465965,0.085726246,0.12336975,0.8830791198937642,2e-05
21,19,0.0009487257147301423,0.021894686,0.030785518,0.9935818028765535,0.015122308861464262,0.08430668,0.122186445,0.8853851424787789,2e-05
21,20,0.0008572846628365403,0.02096146,0.029283728,0.9941741617706379,0.015151522441387729,0.0843347,0.12231424,0.8848400159535277,2e-05
22,1,0.025767106005800105,0.12020809,0.16049992,0.8073547365141246,0.02364062436821836,0.10864043,0.15368275,0.8028391585188153,5e-05
22,2,0.013728077779632827,0.088085316,0.11719128,0.902176793841856,0.0166773299548637,0.092374414,0.12926774,0.8632470211232082,5e-05
22,3,0.007350104597666971,0.06394807,0.08572548,0.9488722640891425,0.014845462843637776,0.089516275,0.12188816,0.8813530135465573,5e-05
22,4,0.004666142766777357,0.051733796,0.06831225,0.9678271962925737,0.016126540808559017,0.08963726,0.127071,0.8713533513634819,5e-05
22,5,0.003074860697363016,0.041602746,0.05545499,0.9789075305700065,0.01467157344126867,0.08409971,0.12146245,0.8835558147902273,5e-05
22,6,0.0020964230329427154,0.03423742,0.045780465,0.9856745458667681,0.014574661596540224,0.08336595,0.12068005,0.8837843189077508,5e-05
22,7,0.0017675405011754962,0.03089737,0.042050757,0.9879274915889242,0.015858870141932532,0.08495535,0.12607518,0.8833205352179729,5e-05
22,8,0.0013444763359398294,0.02698158,0.036657322,0.9908412556903534,0.016276004370646895,0.08804184,0.12775895,0.8780652902452629,5e-05
22,9,0.001112461079207954,0.024100795,0.03335482,0.9924227704146437,0.015367669734620937,0.085819915,0.124203235,0.8780513657487498,5e-05
22,10,0.0009726657981360897,0.022716012,0.031184595,0.9933784491969107,0.014441168030585956,0.082657345,0.120317884,0.8886800358157784,5e-05
22,11,0.0009255447780518144,0.021856034,0.030430796,0.9936958890922107,0.015207127422197826,0.08421386,0.12351708,0.8818918648574882,5e-05
22,12,0.0008197676179746697,0.020177398,0.02860023,0.9944334771240083,0.015377729691358076,0.08432095,0.12421867,0.8812326972264122,5e-05
22,13,0.0006749452704497913,0.01831248,0.02597651,0.9954110395585509,0.014917115560146394,0.08223167,0.12231661,0.8865007394869059,5e-05
22,14,0.0006361742255810505,0.017529627,0.025225427,0.9956728887839941,0.015251676146699875,0.08297773,0.12369121,0.884822950104654,5e-05
22,15,0.0005724455517100357,0.016223645,0.023923285,0.9961086769793327,0.015918581927609112,0.08610402,0.12634207,0.8836978039335949,5e-05
22,16,0.0005225625433676189,0.015102683,0.022858795,0.9964475229302451,0.01515613298828679,0.0826283,0.12329821,0.883885407277465,5e-05
22,17,0.00048609202461524987,0.013828639,0.022051208,0.9966959371539581,0.015048343614951052,0.08311036,0.12286171,0.8834947907139857,5e-05
22,18,0.0004196611748696588,0.012909243,0.02037054,0.9971803873425338,0.014840055231211914,0.082114294,0.12199011,0.8845797500177786,5e-05
22,19,0.0003753030759810903,0.012188961,0.019375768,0.9974490703765916,0.015137420488624938,0.0824243,0.12321117,0.8833599249880468,5e-05
22,20,0.0003470927421973254,0.01161564,0.018628463,0.9976436954421222,0.015343149102085995,0.08304013,0.1240666,0.8830634619303396,5e-05
23,1,0.03386520130437947,0.1357551,0.18402514,0.7425388713984151,0.02433989084912119,0.11574442,0.15649348,0.7912970951378008,0.0001
23,2,0.01658198936835854,0.097107664,0.1287886,0.881176772205377,0.018572489541299916,0.09711236,0.13675542,0.8480016107212166,0.0001
23,3,0.025336596514228905,0.11438367,0.15911973,0.8121219180175662,0.06714009072769571,0.21484038,0.25994128,0.14305387605307296,0.0001
23,4,0.059108714751516266,0.19417007,0.2430913,0.4453864366605138,0.067631798899836,0.21572143,0.26087534,0.20716926278627495,0.0001
23,5,0.07476215528446102,0.22343437,0.27348742,-0.007562523530692694,0.06766139377874357,0.21577583,0.26093024,0.3341286809908651,0.0001
23,6,0.07520127271859098,0.2238171,0.27419874,-0.009794756733355194,0.0671280496581285,0.2147555,0.25993353,0.3276319860952212,0.0001
23,7,0.07434389285882499,0.22288403,0.27263942,0.002131439419811951,0.06687231120411996,0.21425644,0.25944462,0.3251285369866579,0.0001
23,8,0.0545220744674242,0.18746379,0.2335348,0.5101135948445257,0.02893879219751667,0.12869479,0.17026845,0.7531220421881756,0.0001
23,9,0.01941980119298482,0.10963146,0.13931213,0.8583041416053897,0.025395796642880195,0.11281523,0.15987433,0.7976142224793131,0.0001
23,10,0.012488685995470906,0.08735788,0.11174351,0.9113845456070508,0.022120063460466487,0.107412234,0.14906828,0.8138618673485499,0.0001
23,11,0.008432781286798766,0.07029483,0.09184342,0.9410291671585806,0.02062603236279554,0.10009614,0.14385276,0.8399780020783517,0.0001
23,12,0.006737283592560616,0.06258941,0.08208267,0.9532056160026271,0.024803451055453882,0.109485395,0.15763897,0.825472873661694,0.0001
23,13,0.00518730629935086,0.055017218,0.07203811,0.9641381076648996,0.021842633580995932,0.10132674,0.14796257,0.8373864841937376,0.0001
23,14,0.003759001418687055,0.047089525,0.061311185,0.9741613801978842,0.022408255332804942,0.09851812,0.1495416,0.8298778316943312,0.0001
23,15,0.0029706163293786486,0.041042067,0.05450836,0.9796324807593826,0.020740569935663155,0.09603137,0.14387563,0.832641389506348,0.0001
23,16,0.0022798905096878515,0.03571426,0.04775507,0.9844049536202572,0.02177625177083192,0.09806987,0.14752601,0.8343429891934674,0.0001
23,17,0.0019899760488536053,0.032635126,0.044615045,0.9864010704378215,0.020879891312991578,0.09597351,0.14443792,0.8411838625170416,0.0001
23,18,0.0016067992039318587,0.029705593,0.040012684,0.9890810693493437,0.020542593379677447,0.09460998,0.14320906,0.8403527555163317,0.0001
23,19,0.0014580030060344959,0.027955178,0.038182266,0.9900606041451117,0.021284464483701245,0.09665159,0.14575642,0.8403385622629892,0.0001
23,20,0.0012414191605275165,0.02538101,0.03523065,0.9915412854590117,0.021250452811795252,0.096775055,0.14563982,0.8400249238135571,0.0001
24,1,0.03563886162798817,0.14574064,0.18878755,0.719324595713137,0.026785711724577204,0.11926922,0.1638128,0.7715698529683157,1e-05
24,2,0.01723181581664308,0.1007499,0.13127251,0.8754414992497324,0.024006345442363193,0.10891465,0.15556048,0.802213419311515,1e-05
24,3,0.011324500436589958,0.081144944,0.10641722,0.9201883090345073,0.02447372382240636,0.107901275,0.15721045,0.8139302588220024,1e-05
24,4,0.008747982322543023,0.07196259,0.09353477,0.938834950619347,0.02324212738312781,0.10538253,0.1533487,0.8133213644232178,1e-05
24,5,0.0072360253026796,0.065928735,0.08505383,0.9497324554483586,0.02331984611893339,0.104720905,0.15335943,0.8171698569122348,1e-05
25,1,0.026720743530612684,0.122650504,0.16348267,0.7986549033774621,0.019974276889115572,0.100596525,0.13839144,0.8424899936337602,2e-05
25,2,0.012087109124409818,0.083616816,0.10992992,0.9143436840862743,0.017339055127065097,0.093713306,0.12963666,0.8630568903007776,2e-05
25,3,0.007613770173053109,0.06629034,0.087254964,0.9469565246310687,0.01661630201020411,0.08870077,0.12546536,0.8791830240911028,2e-05
25,4,0.00564170010479289,0.058040466,0.07512031,0.9609890110490059,0.01568941311312041,0.08530634,0.12191673,0.8840703724850119,2e-05
25,5,0.004301610079628772,0.05090142,0.065583706,0.9703822619045309,0.015807009684587165,0.0857817,0.12207665,0.88581394781214,2e-05
26,1,0.026393704251255666,0.12052667,0.16246717,0.8023664388960462,0.021561112387904098,0.10222387,0.14524075,0.8366279438445989,5e-05
26,2,0.010776382675133298,0.078552015,0.10378858,0.9240463049050099,0.018044502840244343,0.09338149,0.13312437,0.8571812135437649,5e-05
26,3,0.006286510008509123,0.060386047,0.079287365,0.956407799269768,0.01565861169781004,0.090120055,0.12448789,0.8751798294615899,5e-05
26,4,0.00369111376501202,0.046701156,0.06075338,0.9746307821563888,0.014581443941486734,0.083483316,0.120016925,0.8856054046803364,5e-05
26,5,0.002495753598425572,0.03797192,0.049957413,0.9829550062030952,0.015001577724303519,0.08422151,0.12160827,0.8867471813935704,5e-05
27,1,0.03269682023413131,0.13300078,0.18084244,0.7486622979220967,0.027355710111026253,0.114775516,0.16622618,0.7971237044986296,0.0001
27,2,0.01300160193197847,0.08527778,0.114016086,0.9076696382796816,0.021808149459372674,0.10945563,0.14716391,0.850479204069867,0.0001
27,3,0.0074912571896598714,0.06547487,0.086549155,0.9478339332854563,0.016376632199223553,0.09126069,0.12791684,0.8686103395328794,0.0001
27,4,0.004007457632562755,0.048472032,0.06331548,0.9724197066767643,0.016322286134319648,0.087913744,0.12745619,0.8763358256870143,0.0001
27,5,0.0025649142715966798,0.038530227,0.050638836,0.9824573914507412,0.016634125595114062,0.08858954,0.12866963,0.8758582009056464,0.0001
28,1,0.03567318788894983,0.14281307,0.18889736,0.718349572531291,0.021260677504220178,0.10645022,0.14600104,0.8211803896060766,1e-05
28,2,0.015632876208069447,0.095198095,0.12502812,0.8877387587773737,0.017983815433191403,0.09721577,0.13319331,0.8558293518131509,1e-05
28,3,0.010788474131862973,0.07848095,0.10386882,0.9239670651270172,0.017444922688550184,0.095058225,0.13056605,0.8620905286154388,1e-05
28,4,0.008526340993034226,0.07113418,0.09233127,0.9404205436737327,0.015596801182255149,0.087560594,0.123286106,0.8768318742662939,1e-05
28,5,0.006484572170737469,0.06239303,0.080535874,0.9549983018707706,0.014620371495506592,0.08631994,0.11966651,0.8839746847631529,1e-05
28,6,0.005069456305833551,0.055235825,0.07119886,0.9650123943948848,0.01594623304637415,0.08613962,0.12520087,0.8842122805044587,1e-05
28,7,0.004334240646980634,0.050978504,0.065834984,0.970180095570342,0.014963199883433325,0.08522825,0.12126062,0.8829034665165515,1e-05
28,8,0.0036025735730235682,0.046373755,0.06000449,0.9753281326989764,0.01583286195195147,0.086524434,0.12487856,0.8817063733371872,1e-05
28,9,0.0031557332639469303,0.042792454,0.056178696,0.9783988031932508,0.015710203875122324,0.08528748,0.12382314,0.8829103780132811,1e-05
28,10,0.0030074871360611555,0.042211454,0.054824173,0.9794230793964751,0.015573686022045357,0.084856026,0.12345386,0.8828782288124134,1e-05
29,1,0.027989357627197124,0.12636568,0.16731602,0.7877080292376599,0.019871221589190618,0.10641865,0.14095728,0.8341064375928322,2e-05
29,2,0.01240782665576194,0.084623285,0.11139252,0.9119615769529342,0.017589040466451218,0.09552591,0.13082175,0.8660275904538437,2e-05
29,3,0.008053683732401267,0.06886341,0.08974465,0.9437613434988936,0.015324466130031007,0.089490615,0.12123447,0.880838000614366,2e-05
29,4,0.005737199460016999,0.05906163,0.07574758,0.9602927459278225,0.015874521174867238,0.08879486,0.12294765,0.8798695646026516,2e-05
29,5,0.004367489771369113,0.051365685,0.06607517,0.9699185151806745,0.016886513380865966,0.09166326,0.12664829,0.878345214649223,2e-05
29,6,0.0034296462099093978,0.04581058,0.058562495,0.9764523156729842,0.017222286434844136,0.09027291,0.12668337,0.8827660656762795,2e-05
29,7,0.0026639980262920054,0.03991479,0.051617447,0.981770886966107,0.015766365187508718,0.087410495,0.12139365,0.8833349946646474,2e-05
29,8,0.0022627819491611253,0.037132967,0.047564827,0.9845379539356376,0.01606088851778103,0.086925685,0.12173206,0.8845377171621199,2e-05
29,9,0.0019713256689806893,0.03487752,0.04440238,0.9865460808781403,0.01630424491928092,0.08745281,0.12241596,0.8838549176192142,2e-05
29,10,0.0017920363352799387,0.03265501,0.042304397,0.9877937548333827,0.01651479340424495,0.0877682,0.12292548,0.8840547328873585,2e-05
30,1,0.03030317341125457,0.12901463,0.17410365,0.7686502204086723,0.025874301458575895,0.11165191,0.16021504,0.7985345426228099,5e-05
30,2,0.012810914566148525,0.08616641,0.11318797,0.9091770917510129,0.02160406767922853,0.10335071,0.14635575,0.8379126454843538,5e-05
30,3,0.008505542157653057,0.0702534,0.0922345,0.9407874539898227,0.01781045419297048,0.09550865,0.13310526,0.860112880829798,5e-05
30,4,0.005618362622248514,0.057567466,0.0749587,0.9612110035505815,0.01669236252616559,0.0932411,0.12965274,0.870429894091925,5e-05
30,5,0.00445631981248506,0.050641976,0.06676699,0.9693979470525355,0.016029799290533577,0.08759756,0.1259683,0.8794764318773262,5e-05
30,6,0.0033343027620010564,0.044006255,0.05774521,0.9772408187291435,0.017338122740121826,0.09239234,0.13175619,0.8815447756282876,5e-05
30,7,0.0023794936845253144,0.037387796,0.048779678,0.9837550246265275,0.015528311620333366,0.08690922,0.124213226,0.8826860247183725,5e-05
30,8,0.001994497260235459,0.03298451,0.04466454,0.9863962364783323,0.015707422347207154,0.08746026,0.1252741,0.8832004186602724,5e-05
30,9,0.0016848143232577246,0.03040496,0.041035216,0.9885387004580924,0.015541501309988754,0.08632758,0.12468434,0.8839962811231751,5e-05
30,10,0.0014813129779791337,0.028133819,0.038448874,0.9899640245826605,0.015406573324331216,0.086306594,0.12405736,0.8824980780849249,5e-05
31,1,0.03257249332268104,0.13364999,0.18047449,0.750923808861413,0.02627806338880743,0.114873804,0.162803,0.7911934372612318,0.0001
31,2,0.015107098292280859,0.09220288,0.12291054,0.8919405385703133,0.02087002739842449,0.101141326,0.14395998,0.8384087573100694,0.0001
31,3,0.00933968060362701,0.07354987,0.09664627,0.9346479609687326,0.01903531001880765,0.10035574,0.13721266,0.8527940792194961,0.0001
31,4,0.005752496573656241,0.05820494,0.07585006,0.9602101324683764,0.017453572247177362,0.09226363,0.13049477,0.871238298956772,0.0001
31,5,0.003729213285912699,0.04644812,0.0610683,0.9743748137112502,0.017266596600945507,0.09212466,0.1309697,0.8655198018484577,0.0001
31,6,0.0025970856713514044,0.03762243,0.050964575,0.9822302588622576,0.015958100723634874,0.08699401,0.12615979,0.8753810617137773,0.0001
31,7,0.0019640400110870148,0.033291776,0.044321846,0.9865786874939835,0.01744881541734295,0.091431685,0.13218816,0.8733746868432931,0.0001
31,8,0.0012685895718473105,0.026550172,0.035614695,0.9913545055312863,0.016850360669195652,0.09031616,0.12981726,0.872831800506906,0.0001
31,9,0.0010411437692242527,0.023531487,0.032271206,0.9929071965305344,0.016307526600680182,0.08897124,0.12766017,0.8751461576857205,0.0001
31,10,0.0007937009844528598,0.02057943,0.02813903,0.9946144351080144,0.016551473577107702,0.0894825,0.12865186,0.874249571594608,0.0001
32,1,0.028937423244884637,0.13077727,0.1701122,0.7792910654966704,0.022112535246248757,0.10561117,0.14832304,0.8159741799108925,1e-05
32,2,0.014130096934805407,0.09126074,0.11885612,0.8991174816602656,0.021851163024881055,0.10346587,0.14693354,0.83462813989952,1e-05
32,3,0.009477915486024918,0.07406084,0.09736668,0.9334590191805288,0.021233412636710063,0.09876712,0.14250973,0.8454548262457611,1e-05
32,4,0.006783602744010147,0.0641986,0.08236714,0.9528644863446539,0.01650116785562464,0.09027471,0.12622471,0.8705046659054478,1e-05
32,5,0.00510789164032996,0.055020843,0.07146587,0.9647243136936021,0.01696229579725436,0.090719685,0.12711911,0.8742268592308491,1e-05
32,6,0.0038909388283946524,0.04850656,0.062380653,0.9732399791051524,0.018117233778217008,0.09362876,0.13278,0.8685683900854573,1e-05
32,7,0.0030483077204063814,0.043006446,0.05521827,0.9791042011538202,0.01895886573142239,0.09483207,0.13550296,0.8680684756197928,1e-05
32,8,0.002674588029464341,0.0396674,0.051717315,0.9816957668897756,0.017199684799249684,0.08930941,0.12832654,0.8754659958806881,1e-05
32,9,0.0022923207839637577,0.036469813,0.047886714,0.9843181176424725,0.016951687866821885,0.08971586,0.12723695,0.8751177635126448,1e-05
32,10,0.0019452055458144815,0.033855576,0.04406918,0.9867398226796451,0.01615996248022254,0.08724074,0.12441573,0.8809615102114532,1e-05
32,11,0.0017712637771216927,0.031944934,0.04208827,0.9879079849004521,0.015968558810917393,0.08605901,0.123361744,0.879019924164202,1e-05
32,12,0.001575265254087694,0.03037169,0.039685834,0.9892614141806315,0.016201012235667025,0.08602798,0.12453567,0.8760674945413255,1e-05
32,13,0.0013849710350394876,0.028455889,0.037219524,0.990564014430492,0.015723413322120905,0.08479664,0.1226488,0.8825354388098062,1e-05
32,14,0.0013867730362379976,0.027986404,0.037245005,0.9905507888922715,0.01672281926896955,0.08818548,0.12698588,0.8778518625401438,1e-05
32,15,0.0012517285149187616,0.026494917,0.035379782,0.9914698032729667,0.016776210961065123,0.087714694,0.12692891,0.8767395515134824,1e-05
32,16,0.0011778153426331582,0.025867397,0.034324467,0.9919879914759278,0.01592828321736306,0.08575015,0.12380983,0.8809280856904059,1e-05
32,17,0.0010569094830936814,0.024611384,0.03251019,0.99280959156038,0.01582885139422225,0.08512142,0.123166814,0.8836665916553225,1e-05
32,18,0.0010011290922482437,0.023845777,0.03160506,0.9932067058904129,0.01594354771077633,0.08601474,0.12359538,0.8837239591466112,1e-05
32,19,0.000938943881817841,0.023150118,0.03063704,0.9936244475375732,0.015888266331915344,0.0855686,0.12339521,0.883255187824356,1e-05
32,20,0.0008705240193151686,0.022072311,0.02950003,0.9940887838542455,0.01589131511614791,0.085658625,0.12344901,0.8832419020757077,1e-05
33,1,0.030473230071539913,0.13156578,0.17456797,0.767203198826712,0.020426914960678135,0.10144463,0.14051744,0.8365153102613138,2e-05
33,2,0.01270522378715817,0.08621922,0.11272071,0.9097451284070049,0.019026270202760185,0.09627598,0.13582805,0.8530260375477713,2e-05
33,3,0.008585669729144913,0.07192177,0.092642926,0.9401135006807287,0.018688287253358533,0.10061219,0.13415426,0.85430637763459,2e-05
33,4,0.005557378689828111,0.057135694,0.07455626,0.9615949976152368,0.016568850626104643,0.09107717,0.12569654,0.872719559277532,2e-05
33,5,0.004490480508011217,0.05165672,0.067011744,0.9690736948222298,0.019702506251633167,0.098105006,0.13816449,0.8639125398696558,2e-05
33,6,0.003461396774259683,0.04570457,0.058839437,0.9762708483487031,0.016512760060972402,0.08963735,0.12558033,0.8742116356990458,2e-05
33,7,0.002851498540638833,0.040620327,0.053395037,0.9804836266702979,0.016193362218993052,0.08758785,0.124911375,0.8763857050816563,2e-05
33,8,0.002500986492165547,0.037958167,0.050011717,0.9828954489479679,0.01678270287811756,0.08907956,0.1262332,0.8726041864845063,2e-05
33,9,0.002353462174634893,0.03754594,0.0485193,0.983936094675988,0.017144808445924094,0.08998074,0.12709174,0.8768456139016259,2e-05
33,10,0.002016491310509949,0.03357593,0.04487694,0.9862920321420271,0.016461414717403904,0.08916463,0.12554175,0.8778550880859716,2e-05
33,11,0.0019020999479325157,0.03258326,0.04362057,0.9870259515483223,0.017042099498212337,0.090351894,0.12757067,0.8754361857360354,2e-05
33,12,0.0017948483290187753,0.031456146,0.042368528,0.9877786876200302,0.01617420807347766,0.087375686,0.12457748,0.878803800066566,2e-05
33,13,0.0017279537680785163,0.030811526,0.04157337,0.9882405363591106,0.016421732559267963,0.08881507,0.12557615,0.8764941592739914,2e-05
33,14,0.0014936505236432269,0.02845349,0.03864968,0.9898384401616428,0.016641372548682348,0.08827315,0.12604104,0.8769737935800903,2e-05
33,15,0.0013243561272213461,0.026776277,0.036394045,0.9909821872384467,0.016613625788262913,0.08775998,0.1252695,0.8768406763497799,2e-05
33,16,0.0013247475340292206,0.02691472,0.036403432,0.9909908247068722,0.01666378742083907,0.08804773,0.1259908,0.8779909505945095,2e-05
33,17,0.0012187882577869868,0.025286652,0.034913275,0.9917123777515086,0.016757415840402246,0.08860308,0.12647325,0.8769179934610577,2e-05
33,18,0.0011958500868684359,0.025093453,0.034550827,0.99187936954745,0.01629923709801265,0.08643402,0.12384627,0.8779582439574476,2e-05
33,19,0.001137977821761133,0.024572907,0.033729803,0.9922593268646251,0.016650140950722352,0.08734373,0.12540638,0.8760677907408169,2e-05
33,20,0.0010493541840587907,0.023378091,0.03239052,0.9928643580710869,0.016721913757334863,0.087675616,0.12563002,0.8763395139235316,2e-05
34,1,0.02742930097401003,0.12293244,0.16560896,0.7939586769010256,0.025115949966545616,0.10956357,0.15762906,0.812691908357686,5e-05
34,2,0.011062844882710515,0.07948759,0.10517831,0.9219198531270063,0.017681690398603678,0.09549283,0.13263135,0.8743648182997549,5e-05
34,3,0.007225883297761467,0.0640851,0.08501483,0.9497937613274775,0.015889009926468134,0.08840034,0.12483037,0.8753461576395363,5e-05
34,4,0.006883821388158216,0.05642062,0.08292623,0.9523615910543385,0.018738922463463887,0.09886055,0.13680927,0.8478860545369447,5e-05
34,5,0.005501785737714756,0.050146304,0.074188694,0.9622677181773546,0.016843939466135844,0.09032665,0.12839213,0.8717968749452994,5e-05
34,6,0.0028882333812974047,0.03949045,0.05374312,0.9802138063526491,0.01566609474165099,0.08783194,0.12430149,0.8903343372392654,5e-05
34,7,0.0020872620124778945,0.034185264,0.0456916,0.9857302281143817,0.015130032253052508,0.08520449,0.12238687,0.8805016789228203,5e-05
34,8,0.0017208085590146621,0.030634575,0.041478164,0.9882642039504987,0.015477926403816258,0.08458479,0.12373951,0.8841105282266077,5e-05
34,9,0.0014100808323313108,0.02816368,0.03754848,0.9903969567101188,0.014828220043065292,0.08379125,0.121259846,0.8892896791529135,5e-05
34,10,0.0014129082058125532,0.027044643,0.037544727,0.9903931220944744,0.014103793439322285,0.080641374,0.11776572,0.8917128504864875,5e-05
34,11,0.00123295222330734,0.025260543,0.03511905,0.991608226016121,0.015225244453176856,0.08466518,0.122673206,0.8876967871278697,5e-05
34,12,0.0011505498428432985,0.024286602,0.033911895,0.9921765028332196,0.014926229254342616,0.08151237,0.12121167,0.8871225815849028,5e-05
34,13,0.0010681681179389288,0.02327496,0.03268842,0.9927291864243322,0.015135571210911232,0.083146915,0.12212849,0.8865913270269155,5e-05
34,14,0.0008927599279967215,0.02178852,0.029883781,0.9939247085566915,0.015029581629538111,0.08374355,0.121712066,0.8901372968553939,5e-05
34,15,0.0008114052295334481,0.020365333,0.028487744,0.9944790513917344,0.014841106420915042,0.081958786,0.121127054,0.8870790295925153,5e-05
34,16,0.0007833063251025557,0.019669529,0.02798488,0.9946731876628946,0.014822520049554961,0.08253769,0.1208045,0.8892498370142018,5e-05
34,17,0.0007105887772038875,0.01854546,0.026657972,0.9951659652480888,0.014874906927746321,0.08228546,0.12109083,0.8888274665725175,5e-05
34,18,0.0006254366854701852,0.017605687,0.024964094,0.9957659189109068,0.015026136002104198,0.08303373,0.12172126,0.8898331400459965,5e-05
34,19,0.0005985351095643007,0.016876014,0.024459735,0.9959327470022789,0.014831890219024249,0.0821028,0.12094533,0.8889174656871355,5e-05
34,20,0.000556186767102972,0.016017538,0.023585217,0.9962248206938477,0.015038034080394677,0.08281214,0.121818036,0.8884655914979092,5e-05
35,1,0.029242537019199856,0.12807441,0.17101415,0.7793008186612628,0.030098613018968275,0.12254975,0.17435491,0.798520557015994,0.0001
35,2,0.012960177813613109,0.086338796,0.11385067,0.9079870938683696,0.02295434514858893,0.109050654,0.15186548,0.8519241778695766,0.0001
35,3,0.007049126515739432,0.063291125,0.08393827,0.9510699912347328,0.01893100149131247,0.0940157,0.13574038,0.8678440118724767,0.0001
35,4,0.004466005960026774,0.050373133,0.06682565,0.9692729929402667,0.015145746026454228,0.08312503,0.12287887,0.8819198012926576,0.0001
35,5,0.004863433098141974,0.05228497,0.06972929,0.9664627419904321,0.015970172826200724,0.09153637,0.12694289,0.8680704933764966,0.0001
35,6,0.004196096461910372,0.048784222,0.06477689,0.9711968798606949,0.01695150403039796,0.08870262,0.13006584,0.8704353557326565,0.0001
35,7,0.002696740182081812,0.039332252,0.051935136,0.9815300030813516,0.01563323911146394,0.085461475,0.12526767,0.8812221805596666,0.0001
35,8,0.0018016999140251255,0.031645153,0.042445272,0.9876997510169738,0.01641291196990226,0.087098405,0.12831028,0.8757879884329294,0.0001
35,9,0.0012622486019863912,0.026184164,0.035532363,0.9913948528970822,0.017014726397714446,0.08716336,0.13129003,0.8737933410805606,0.0001
35,10,0.0010708149810317277,0.023719497,0.032682344,0.99273252235431,0.016064256263364638,0.08582376,0.1272073,0.8786772832059283,0.0001
35,11,0.0009217101468043141,0.021705538,0.030364396,0.9937239274882063,0.01566797641238996,0.085995905,0.12556213,0.8833475018279703,0.0001
35,12,0.0008001018355809431,0.019961921,0.028284807,0.9945578808827167,0.015090366126969457,0.08369521,0.123025544,0.8848722735753402,0.0001
35,13,0.000727144447979452,0.01846036,0.026966738,0.9950539539136842,0.016071050860253826,0.085783,0.12713906,0.8804577538066045,0.0001
35,14,0.0005773251374261932,0.016435448,0.02402884,0.9960751452164804,0.015696217638573477,0.08510275,0.12584709,0.8805777898319158,0.0001
35,15,0.000607525313324208,0.016196607,0.024649292,0.9958729356399249,0.014816589187830687,0.082235605,0.1217891,0.883628440639929,0.0001
35,16,0.0005653475581371295,0.016107926,0.023781719,0.9961545400743457,0.014997116622648068,0.08243487,0.122822195,0.8857871362552856,0.0001
35,17,0.0004814282483579025,0.014360044,0.021942465,0.9967276859843441,0.015246684962351407,0.08275676,0.12377807,0.8848653327585002,0.0001
35,18,0.0004522049579650782,0.013620846,0.021207584,0.9969434528461475,0.014846166529293572,0.08176103,0.12214251,0.8857384070161067,0.0001
35,19,0.00040977627587576493,0.01281302,0.020247191,0.9972141110486664,0.015271390888041683,0.082729,0.12389919,0.8842083548579951,0.0001
35,20,0.0003956970524817496,0.01243949,0.01989509,0.9973104064897723,0.015204301769179958,0.0827032,0.12363631,0.8844146560414053,0.0001
36,1,0.01793148634254483,0.09817132,0.13392398,0.8698037787884726,0.009480172009379775,0.07396484,0.097934395,0.9240761310130392,1e-05
36,2,0.007977176946220663,0.068762675,0.08931911,0.9443372041774825,0.006983148232932392,0.06353127,0.084143505,0.9446489488682577,1e-05
36,3,0.005644524612328827,0.05698628,0.07513869,0.9609337758156931,0.006675983650859928,0.062982954,0.082256176,0.9472205385938589,1e-05
36,4,0.0042708069936409875,0.050467886,0.065340035,0.970596674475396,0.006677386714727618,0.06320405,0.082284,0.947101245128378,1e-05
36,5,0.003569098682334281,0.045841537,0.05974159,0.9754779877333315,0.006641434639243892,0.062556185,0.08203983,0.947580682885472,1e-05
37,1,0.017814513119973927,0.09802046,0.13345791,0.8716036009577061,0.010672710689336614,0.07826685,0.10284733,0.9309223467147145,2e-05
37,2,0.008357313097429856,0.06953339,0.09143106,0.9419384958871162,0.007610527379222697,0.065225594,0.087684475,0.9394095321444113,2e-05
37,3,0.00619784141995764,0.059221208,0.07874311,0.9572570620717413,0.007635076206901835,0.06690142,0.08784959,0.9417914638139072,2e-05
37,4,0.004605992252665907,0.051477313,0.067886256,0.9683916173244334,0.007464971463142084,0.06433948,0.08700054,0.9402479742121215,2e-05
37,5,0.0032123304804669807,0.04280471,0.056688778,0.9780269905248411,0.00739241987240449,0.06365913,0.0865463,0.9412589607442693,2e-05
38,1,0.01851670346677055,0.09849832,0.13610135,0.8665039036364156,0.014422009444657576,0.091249116,0.119145304,0.9139187446951064,5e-05
38,2,0.008332285495543205,0.0700906,0.0912572,0.9420390518325461,0.0072254584937817765,0.06588988,0.08558251,0.945090460808871,5e-05
38,3,0.005179113277862997,0.055064697,0.071981,0.9642749876819188,0.00756381191934418,0.0676211,0.08757835,0.9412075504805323,5e-05
38,4,0.0033440693836739705,0.04347252,0.05782384,0.9770742505458597,0.0070049675057277825,0.06238736,0.084277086,0.9440832456304804,5e-05
38,5,0.0020870981061222246,0.034891598,0.04567556,0.9857495434709643,0.006809679724769753,0.06221687,0.08308593,0.9460413220744617,5e-05
39,1,0.0645923134207151,0.20482457,0.25410062,0.3530298600477137,0.03453044356623044,0.14918862,0.18707354,0.7324691436514306,0.0001
39,2,0.03183755424528091,0.13906187,0.1784291,0.754197391170789,0.03095128092186146,0.13778952,0.17714155,0.7419053539336149,0.0001
39,3,0.026381313076479986,0.12318582,0.16241094,0.8013264614496378,0.04005674900340468,0.15456551,0.20150234,0.6699737895571215,0.0001
39,4,0.05131841903807004,0.17734997,0.22656758,0.5533672198233734,0.0485777594935994,0.17672954,0.22193089,0.5990101011971282,0.0001
39,5,0.028990186197916046,0.1297753,0.17018563,0.7797250781376264,0.03396907042877973,0.13864918,0.18559045,0.7200007700223271,0.0001
40,1,0.017584276739611274,0.09876664,0.1326009,0.8725613039228436,0.009629706888787311,0.0771028,0.09855449,0.9249045629070295,1e-05
40,2,0.007575997581327917,0.06664168,0.08704403,0.9471937158659381,0.007452466639396907,0.06586144,0.08681052,0.9409946834312457,1e-05
40,3,0.005761760118211811,0.057812106,0.075894654,0.960117745099996,0.007370733599937348,0.06713913,0.08639171,0.9425941795368583,1e-05
40,4,0.0044291638225552555,0.05064749,0.066558845,0.9694750850619185,0.007652181047079567,0.06725094,0.08808588,0.9399032822091891,1e-05
40,5,0.0033574381569136864,0.04431329,0.057942938,0.9769502755963838,0.0075747855729854634,0.0669026,0.087494016,0.940334025693295,1e-05
40,6,0.0025015376233534533,0.038127024,0.050017335,0.9828772369556626,0.007529692894658419,0.06714634,0.087257765,0.9404144192400301,1e-05
40,7,0.0018937072725357296,0.033153493,0.04352711,0.987061147891041,0.007552767558351021,0.066746525,0.087400325,0.9419730183375766,1e-05
40,8,0.0015238918327991214,0.029357083,0.039046638,0.9895990992761992,0.007231920893968048,0.06483126,0.085533395,0.9430447104577131,1e-05
40,9,0.001283273984087071,0.027212625,0.035832778,0.9912531990345173,0.0072118926225273215,0.06410835,0.08541384,0.9426865120681176,1e-05
40,10,0.0010675019746010216,0.024262775,0.032677963,0.9927303059639989,0.007316662117200731,0.064823516,0.08603025,0.9421669966849341,1e-05
41,1,0.017323447021778952,0.096321836,0.1316226,0.875556120762148,0.010043989675102272,0.07917365,0.10016061,0.9286797214192019,2e-05
41,2,0.008534070709183057,0.07006228,0.09233813,0.9406995786667819,0.00751907823440787,0.06664813,0.087318026,0.9432948505943738,2e-05
41,3,0.006243597754886837,0.060382284,0.07900431,0.9568789994335734,0.007873896198092282,0.06804947,0.08935378,0.9383953732129938,2e-05
41,4,0.004772940610513547,0.052359995,0.06909659,0.9672023910826092,0.007291241131800537,0.06437653,0.08590759,0.9417585225949561,2e-05
41,5,0.0036513798458714672,0.045315895,0.060436834,0.9750198430393012,0.007571841651143687,0.06522922,0.087621726,0.9401025304086648,2e-05
41,6,0.0027707048939021738,0.03989356,0.052621134,0.9811213114799232,0.007595281223917415,0.06502477,0.087736815,0.9419995732366011,2e-05
41,7,0.0024064784281797084,0.036846846,0.04906586,0.9836068196090042,0.006981397707784675,0.06334686,0.08414086,0.9458281720843532,2e-05
41,8,0.0017991846610482616,0.03152203,0.042422876,0.9877517085306442,0.007107221531407925,0.06371342,0.084878206,0.9431482826711005,2e-05
41,9,0.0015517730881481702,0.02934786,0.03939845,0.9894329126629596,0.007166809399239827,0.06361579,0.085250095,0.9447600532973632,2e-05
41,10,0.001314847534720293,0.026619537,0.03626491,0.9910680961880937,0.007188931022045398,0.06368623,0.085382275,0.942963684032271,2e-05
42,1,0.017990573149562865,0.09956557,0.1341562,0.8715172862082556,0.012100367914643828,0.082453266,0.109871484,0.9210034358193798,5e-05
42,2,0.00927393010345007,0.07367087,0.09628311,0.9354904674554263,0.007821601900677369,0.06633851,0.088979036,0.9387175033963557,5e-05
42,3,0.0065283618561263095,0.061565407,0.08080231,0.9549647882848803,0.008763182379038038,0.07263864,0.09420542,0.933743622136335,5e-05
42,4,0.00463123939188565,0.051289313,0.06806624,0.9682136773990307,0.008894909697119147,0.06856101,0.094946966,0.9305966340459003,5e-05
42,5,0.003422553807875918,0.044483755,0.058504224,0.9765821715610556,0.008874911807382617,0.06924879,0.0948546,0.9305759113926527,5e-05
42,6,0.0025560262066077672,0.037210766,0.050552346,0.9825671717494154,0.007586410999970717,0.06533516,0.08768878,0.9414331951320384,5e-05
42,7,0.0019577641543147817,0.033322696,0.044253588,0.9866836412062862,0.007392329535731632,0.06466427,0.08657235,0.9417309012622708,5e-05
42,8,0.001498172570451214,0.027872976,0.038684428,0.9898172742512202,0.007093444807752449,0.06273568,0.08480598,0.9449007452531922,5e-05
42,9,0.0011793328562476899,0.024361731,0.03434804,0.9919770872068248,0.007131938402233539,0.061908983,0.0850433,0.9434370234195282,5e-05
42,10,0.0009630945196137116,0.02202927,0.03103774,0.9934697711276141,0.007406117636559496,0.0637483,0.08664164,0.9421795247713937,5e-05
43,1,0.07837675539064047,0.22370106,0.27985173,0.19252604432661644,0.0644303161599156,0.20660257,0.25544208,-0.21873462996003773,0.0001
43,2,0.07866337392196303,0.22888896,0.28043616,-0.013234238262334448,0.06881088930768547,0.21867886,0.26354986,0.2229984959776648,0.0001
43,3,0.07770997598641073,0.22835585,0.27876776,0.010787961958452297,0.0927000708050198,0.26673636,0.30513123,0.33662519440882077,0.0001
43,4,0.07773081551656284,0.22797608,0.27883145,0.0058678803474938,0.07608871370622958,0.23354127,0.2768339,0.33390331107823423,0.0001
43,5,0.07754019020934737,0.2273538,0.2785296,-0.04254015924179268,0.06440612478009253,0.20770593,0.25535083,-0.3879255366554851,0.0001
43,6,0.07510328142703554,0.22471151,0.27410787,0.017478683485161323,0.06993326732750844,0.22105268,0.26563415,0.45237448452307455,0.0001
43,7,0.07387904357063099,0.22223967,0.27188507,0.022377874196664056,0.06657841734381185,0.21413943,0.2593694,0.4392605859872408,0.0001
43,8,0.07285988376672797,0.22132832,0.26988515,0.10873147201120603,0.07093186003880368,0.22324611,0.26747516,0.42648829922136217,0.0001
43,9,0.07200328804113006,0.21993624,0.2682446,0.15438224588149138,0.06524945247090524,0.21112701,0.25687706,0.4796640232124274,0.0001
43,10,0.07458883535691371,0.22349782,0.2730536,0.017225396782640588,0.06838823372015247,0.21781617,0.2627616,0.47353837989204295,0.0001
44,1,0.01760818839081885,0.0982763,0.13269946,0.8723841696892922,0.010268218806703333,0.076582186,0.10161241,0.9200898657592229,1e-05
44,2,0.007868988865662244,0.06844953,0.08870016,0.9451058394886557,0.0066654328472429405,0.06320201,0.08213086,0.9482328970075533,1e-05
44,3,0.005937725994869235,0.05904594,0.07705756,0.9588635403043227,0.007396642928749013,0.067904085,0.08658637,0.9422391628668998,1e-05
44,4,0.004543281825866633,0.05181422,0.06741244,0.9686771116947425,0.00722412632441976,0.065642014,0.0855745,0.9424700710358953,1e-05
44,5,0.0036197642645258436,0.04588426,0.060170516,0.975119554209597,0.0071791758172265775,0.06445961,0.08528135,0.9430389740557137,1e-05
44,6,0.002791313335951472,0.04038769,0.052832004,0.9808807862971933,0.007725514003713788,0.067928106,0.088382766,0.9411531310057873,1e-05
44,7,0.0021245652403532856,0.03536109,0.046103626,0.9854702897837515,0.007093753445790046,0.06442777,0.08478234,0.9443048765862364,1e-05
44,8,0.0016846181127807413,0.031122107,0.041050714,0.9884973622466189,0.00708356693466875,0.06288869,0.08475455,0.9440046383210436,1e-05
44,9,0.0015476164536674876,0.029849585,0.03935063,0.9894362419344087,0.007732221473984451,0.06505354,0.08854593,0.9390917635844042,1e-05
44,10,0.0013123505489806393,0.026721848,0.036232516,0.9910511989541715,0.006910470989101601,0.06303598,0.08368882,0.9457283454592904,1e-05
44,11,0.0010615764565904033,0.024410408,0.032561667,0.9927796124856537,0.007552469971684601,0.06598127,0.087446816,0.9420446579458536,1e-05
44,12,0.0009053420347206334,0.022454044,0.030047165,0.9938548371647409,0.007506885661752205,0.064659886,0.08721592,0.9411291251017057,1e-05
44,13,0.0008136883129949315,0.020771906,0.028524198,0.9944637769034006,0.006936220594474839,0.062316205,0.08380474,0.9446110788518376,1e-05
44,14,0.000712856385141273,0.019763835,0.026703298,0.9951497591991157,0.007069675507308502,0.063278556,0.084598854,0.9444100640304149,1e-05
44,15,0.0006515250264545391,0.018929705,0.025525821,0.9955685417073578,0.007152372563723475,0.064215764,0.08512641,0.9431703563226386,1e-05
44,16,0.0005356342439392953,0.01689606,0.023144554,0.9963586034568952,0.006922222212004407,0.06271311,0.08375715,0.9450815665658402,1e-05
44,17,0.00047660757165907277,0.01590865,0.021833295,0.9967612248912227,0.006771441865971105,0.062240183,0.08283833,0.9460253783844663,1e-05
44,18,0.00045791596850317673,0.015506405,0.021382537,0.9968927941003841,0.006772618697680257,0.062439322,0.082814194,0.9466175645913866,1e-05
44,19,0.00039737597242313984,0.014305331,0.019916527,0.9973044955456543,0.006836000253248063,0.06298557,0.08318729,0.9459185322413924,1e-05
44,20,0.0004006663458146938,0.014257803,0.020016117,0.9972796334416919,0.006869845282010458,0.062823415,0.08339354,0.9457795153102871,1e-05
45,1,0.017195257565515796,0.09741286,0.1311453,0.8764485484391115,0.011672275783321648,0.08200924,0.10750685,0.9269802105406441,2e-05
45,2,0.008756706429726067,0.07014294,0.09357874,0.9389195056695081,0.006988017525549771,0.06558072,0.084138736,0.9452987200797844,2e-05
45,3,0.005950524379118731,0.058609013,0.077152506,0.9589191607256938,0.007586509521860097,0.06874248,0.08770984,0.942560526501168,2e-05
45,4,0.004881769693706828,0.053154044,0.06988362,0.9664683060354453,0.007262913548469509,0.065152936,0.08572856,0.9424395691510382,2e-05
45,5,0.0038287787210720126,0.047096685,0.06187754,0.9737567279927088,0.007003521983683135,0.06479649,0.08427252,0.9443460135955898,2e-05
45,6,0.003266854846634343,0.043371484,0.057155635,0.9776673800581038,0.006856094969474792,0.065055944,0.08338012,0.9476314330486084,2e-05
45,7,0.002501430417838475,0.03742089,0.05002311,0.9829236732072429,0.007014756462282363,0.063552275,0.084325396,0.945146098713647,2e-05
45,8,0.002263227440541932,0.035306077,0.047570046,0.9845806220629929,0.007215510518074519,0.06612099,0.085538045,0.9423432317796651,2e-05
45,9,0.0021348626948064155,0.03413932,0.04619656,0.9854618381174818,0.006809144887719648,0.06052114,0.08290688,0.9468577866076668,2e-05
45,10,0.0017319671627196373,0.030710207,0.0416261,0.9882193934355756,0.007494677362653117,0.065710515,0.086850725,0.9419455629170834,2e-05
45,11,0.0016674073271702736,0.0302078,0.040841296,0.988665129303898,0.007042979030369746,0.06333721,0.08445506,0.9443600930850874,2e-05
45,12,0.0015669825141094833,0.029135628,0.039534677,0.989376085260866,0.007485451594995403,0.06344925,0.087094046,0.9423229889962005,2e-05
45,13,0.001257988396225309,0.02611916,0.03546199,0.9914596384713933,0.00647580031821875,0.06107753,0.08102306,0.9498668505430466,2e-05
45,14,0.0011589402285850478,0.024683552,0.03404782,0.9921221304708701,0.006409385280373196,0.05980574,0.080570936,0.9495773380859585,2e-05
45,15,0.0009891107150413467,0.022700768,0.03144924,0.9932833962607405,0.006966634641651547,0.06232571,0.08404032,0.9456695229349006,2e-05
45,16,0.0008139889880801101,0.020682234,0.028533094,0.9944713456791586,0.0067143173973481345,0.0608623,0.08248038,0.946771729836157,2e-05
45,17,0.0007714378895721791,0.020236049,0.02777731,0.9947569060562876,0.006786793906401188,0.0619131,0.08290834,0.9465924700477186,2e-05
45,18,0.0007132835957295738,0.018710975,0.026708597,0.9951617415197728,0.0067463092208426036,0.061773095,0.08265565,0.9478095413204145,2e-05
45,19,0.0006773206882975093,0.01841761,0.026029166,0.9954083275131185,0.006644367442479254,0.061436567,0.08204421,0.9480644311741578,2e-05
45,20,0.0005414169610010453,0.016162753,0.02327369,0.996325368987915,0.006547366229588752,0.060907587,0.081450805,0.9485265067594574,2e-05
46,1,0.029354573649130696,0.12937635,0.17135412,0.7758163190742026,0.013584085416773127,0.08833716,0.11605132,0.9035714675978904,5e-05
46,2,0.009732639577463335,0.07484011,0.0986218,0.9317448412772388,0.00810881374248614,0.070401885,0.09061097,0.937920230671654,5e-05
46,3,0.006950881367212838,0.062951006,0.083389856,0.9516816596910621,0.009915716179724162,0.07687084,0.09951171,0.9269716674629587,5e-05
46,4,0.004676555185108206,0.05224818,0.0683948,0.9677541996904632,0.013545593309336927,0.080398194,0.11698927,0.8964193660709162,5e-05
46,5,0.0035958246969478914,0.04467809,0.059971806,0.9752937057723129,0.008100521326047817,0.06921599,0.090569615,0.9353217626370066,5e-05
46,6,0.0028500609911627233,0.03913042,0.053394705,0.980468873398498,0.008205700260027192,0.071384214,0.091220826,0.9371597041872767,5e-05
46,7,0.0020872102449574644,0.03333054,0.045697853,0.9857294592833828,0.00730134346560118,0.06498758,0.086006194,0.9426339069678613,5e-05
46,8,0.0015946455661289174,0.029153612,0.03993267,0.9891256622114617,0.007940452968425772,0.066819906,0.089608245,0.9433203428851922,5e-05
46,9,0.0012771278994418553,0.026208596,0.035746682,0.9912927633147088,0.008023039345668318,0.06683793,0.09012479,0.9386879621682334,5e-05
46,10,0.0012358715664323792,0.025456935,0.03514954,0.9915826236692455,0.007302511063025358,0.06375317,0.08605368,0.9415136242318957,5e-05
46,11,0.001082322423775554,0.02356846,0.03289396,0.9926317693624578,0.007317091467956305,0.06177188,0.086115904,0.9424266293065995,5e-05
46,12,0.0008430572026796976,0.020325275,0.028922368,0.9943072896954727,0.007866772299166769,0.06608283,0.089293696,0.9414547412794313,5e-05
46,13,0.0006863667785513205,0.01831236,0.026200404,0.9953318744585921,0.006797346933766406,0.0603914,0.08300363,0.9459569299822425,5e-05
46,14,0.0006324637977668827,0.017606888,0.025147468,0.9956992451151525,0.007312996266355859,0.062253006,0.08610124,0.9421799063327068,5e-05
46,15,0.000559581886342708,0.01632119,0.02365895,0.996195199102578,0.007344117733602481,0.06302919,0.08616717,0.9453604973027141,5e-05
46,16,0.00042194676128606135,0.014055224,0.020539597,0.9971327901641516,0.007153615949829583,0.062361978,0.08516727,0.9440880606331491,5e-05
46,17,0.00035792036547297704,0.012316039,0.018913945,0.9975695266812816,0.00710877870760332,0.062370397,0.084859274,0.945314586058898,5e-05
46,18,0.00029521134442154454,0.010833518,0.017183606,0.9979941465699343,0.007145748954994984,0.062323395,0.08509684,0.9437850230564773,5e-05
46,19,0.0002377277430157052,0.009622853,0.015396096,0.9983900474202285,0.00709851073622337,0.062260598,0.08480768,0.9442540762360229,5e-05
46,20,0.00020945618053615702,0.008338995,0.014475959,0.998576855574662,0.007156520883115634,0.062243253,0.085151695,0.9442284598237494,5e-05
47,1,0.04564055402218647,0.16221853,0.21362337,0.6359776483845042,0.022556062266058115,0.11661181,0.15073332,0.833830339355842,0.0001
47,2,0.015041984481778905,0.09277913,0.12260545,0.8926922283690498,0.011636289188000202,0.08514293,0.1084963,0.9168751697569234,0.0001
47,3,0.012945545717025836,0.08244934,0.113508634,0.9089475271924318,0.06366906383212793,0.20671253,0.25388202,0.4442502236919447,0.0001
47,4,0.075941407623691,0.22337574,0.2756123,0.0451569578250453,0.06845802834464444,0.21795297,0.2628919,-0.03329840951793085,0.0001
47,5,0.07469010439393477,0.22353041,0.27334595,-0.05335895997419828,0.0673540588295846,0.21567339,0.26082647,-0.0008105949470204756,0.0001
47,6,0.07408544639121115,0.22253978,0.27224457,0.02183575794691591,0.06729720049986133,0.2155674,0.26071987,0.06470163324099568,0.0001
47,7,0.07443524395723862,0.22301473,0.27290583,-0.038292298958627465,0.06696919950277165,0.21493447,0.26010445,0.08341149159526805,0.0001
47,8,0.07451493366676923,0.22296873,0.27293563,-0.05218952398236498,0.07130369230139035,0.22389866,0.2681634,0.027589440268897907,0.0001
47,9,0.07436011490797206,0.22328933,0.27259877,-0.02297724259544082,0.06544687569624295,0.21159281,0.25724623,0.09113683646011767,0.0001
47,10,0.07408754598506004,0.22250861,0.2721346,0.02640852739291727,0.06551939235241325,0.21175277,0.25738204,0.09267006403127978,0.0001
47,11,0.07413931106539251,0.22283572,0.2722635,0.0002965415339301982,0.0653534759077485,0.21137847,0.25707147,0.09417101241266802,0.0001
47,12,0.07457109749051699,0.22335432,0.27306092,-0.02733543453253125,0.06934639930518137,0.21983592,0.26454625,0.08070314636789329,0.0001
47,13,0.07427113793603206,0.22260143,0.27250862,-0.02166945686954837,0.06806740751145063,0.21717136,0.26216218,0.08938592574405478,0.0001
47,14,0.07424068550071157,0.22266883,0.27240127,-0.01636942763363731,0.07134847798281246,0.22398835,0.26824573,0.08797573662451867,0.0001
47,15,0.07442625215011606,0.22340323,0.27277467,-0.011730785703849701,0.06761368928063247,0.21620929,0.26131305,0.0966868363743255,0.0001
47,16,0.07412587837359616,0.22267537,0.27224985,-0.0042222781162539495,0.06686147145444045,0.21471795,0.25990218,0.10834274402386056,0.0001
47,17,0.07398501538974016,0.22234972,0.2720783,0.002225886618412249,0.06916201892481358,0.21944481,0.26420352,0.11327974032009043,0.0001
47,18,0.07389775462226646,0.22210333,0.27176064,0.0035846910660793036,0.06779339866436741,0.216598,0.26164958,0.11126474191056922,0.0001
47,19,0.07395171772138646,0.22199018,0.27194747,-0.015982334748302823,0.06907464486236374,0.2192568,0.26404098,0.11264308524186971,0.0001
47,20,0.07365591425957838,0.22177292,0.2713155,0.03231786767482343,0.06877635681518803,0.21860139,0.26348555,0.11547533530945452,0.0001
48,1,0.01739382388714318,0.09784207,0.13190548,0.8740189875719327,0.009537619935279643,0.07540213,0.09785655,0.9237365268626282,1e-05
48,2,0.007861949700892634,0.06858918,0.08865725,0.945152511652576,0.008525003127201839,0.07109947,0.092428975,0.9385240974579191,1e-05
48,3,0.005984796006852656,0.059731353,0.07736282,0.9585324770238357,0.007433511584100348,0.06650077,0.08628605,0.9434447964105634,1e-05
48,4,0.004538844684171534,0.05204303,0.06736979,0.96872310979466,0.007232492056640762,0.06526757,0.0850992,0.9431830893783283,1e-05
48,5,0.003969052333763374,0.04903002,0.06300467,0.972718563308204,0.007426746883774521,0.06596241,0.086197115,0.9425523269754227,1e-05
49,1,0.015812177360645347,0.093434,0.12576488,0.8863398841813797,0.008471909280935372,0.07198059,0.092272155,0.9341028909656833,2e-05
49,2,0.007075061813262335,0.064480685,0.08410959,0.9507939961800248,0.00765145186300355,0.06862471,0.087702766,0.9447201113230261,2e-05
49,3,0.005137683496762624,0.054966886,0.07168502,0.9644972053548674,0.007034172549740308,0.06489753,0.08399932,0.9466323323580338,2e-05
49,4,0.0035178403989694768,0.045523647,0.059308622,0.9758394680331566,0.006871054325192408,0.062473584,0.082942754,0.9462831446690879,2e-05
49,5,0.0027400242715799814,0.040062457,0.052351177,0.9812262148579275,0.006982190120551322,0.06324262,0.08363452,0.945812714872399,2e-05
50,1,0.018022837328929106,0.09962917,0.1342732,0.8700358285885053,0.010621526705411574,0.078361616,0.10333757,0.9187744934559415,5e-05
50,2,0.008077116997011668,0.06962114,0.08987511,0.9437796348199634,0.007864225526443787,0.06788794,0.08895014,0.9387378301169313,5e-05
50,3,0.004906721925580543,0.052759264,0.07005963,0.9661360450727982,0.007791579397033072,0.06664049,0.08841964,0.9390382849845254,5e-05
50,4,0.0032531379771834484,0.04338696,0.057051167,0.9776713542024763,0.007781144914958902,0.0662584,0.088313214,0.9386311950255257,5e-05
50,5,0.0022316384580063583,0.035760254,0.047233414,0.9847444226111682,0.007553176734493011,0.06530068,0.087017946,0.9405903800926931,5e-05
51,1,0.030669909474335472,0.13189702,0.17515624,0.7640084450701907,0.012949746757469795,0.085568145,0.11439232,0.895848589510514,0.0001
51,2,0.00948541184885114,0.074546605,0.097374566,0.9334492433480422,0.008430436745079027,0.07094606,0.09210285,0.9336543814326361,0.0001
51,3,0.006019133293814087,0.05897803,0.07759549,0.958272993781725,0.00926248169357509,0.06981589,0.096305355,0.9269453340439594,0.0001
51,4,0.0033259668827294066,0.04366697,0.057678424,0.9771796728628578,0.009109247781991682,0.07113702,0.09551004,0.9290377542197678,0.0001
51,5,0.0020503805860252527,0.03300541,0.04528119,0.9859875875720234,0.008981713824646754,0.069051094,0.09484762,0.9304388370958592,0.0001
52,1,0.019882008850043553,0.1044212,0.14102997,0.8545351374122884,0.008772446144441212,0.07238632,0.093639664,0.9333251313462555,1e-05
52,2,0.008913260034859946,0.0725254,0.09441784,0.9377043472342822,0.00798458999229802,0.07034303,0.08931873,0.9437946451693331,1e-05
52,3,0.0073423931648776315,0.06540779,0.085708275,0.9490059613147026,0.007352034242271825,0.067391105,0.08557815,0.9471067090796219,1e-05
52,4,0.0057089003812082146,0.05823333,0.0755525,0.9606013773597721,0.006785871060047712,0.062668286,0.082192704,0.9474563840659289,1e-05
52,5,0.005127957705995851,0.054875698,0.07161457,0.9647217388798186,0.007000057590495864,0.06401148,0.08347803,0.9482651619769897,1e-05
52,6,0.004004390379938919,0.049315505,0.063273214,0.972524450462043,0.00669839626385106,0.06301484,0.0815223,0.9482171200472588,1e-05
52,7,0.0036822049595659303,0.04630922,0.06068293,0.9748000182886416,0.007104202622064838,0.065159015,0.08392959,0.9456782915448082,1e-05
52,8,0.0029957854823686974,0.041933782,0.054740015,0.9795275703565031,0.006570102784920622,0.061739128,0.08052975,0.9496954031004884,1e-05
52,9,0.0027169097436887915,0.040372778,0.052125663,0.9814270745651443,0.00690697872131649,0.06381876,0.08258666,0.9483543969315151,1e-05
52,10,0.002581299602480553,0.039593734,0.050818797,0.9824047697608634,0.006876875616230622,0.06294366,0.08237358,0.9472075914753812,1e-05
53,1,0.018020328667959214,0.09878304,0.13427094,0.8692535845800341,0.009403887109968949,0.07421261,0.0971389,0.9250134117155643,2e-05
53,2,0.007612448862686353,0.067118935,0.08723476,0.946981778185171,0.0072489179567330414,0.06628331,0.08531836,0.9480164386200751,2e-05
53,3,0.005463623906737063,0.055706225,0.07392731,0.9622057232717742,0.006538009202038801,0.06289636,0.08084193,0.9490291431875993,2e-05
53,4,0.003842951285720272,0.047424905,0.06198332,0.9735786853174246,0.007778251388420661,0.06676549,0.08815532,0.944125697415,2e-05
53,5,0.003106244808720059,0.04258371,0.055741638,0.9786949890280887,0.007179059329684134,0.06336873,0.08466499,0.9434457017003655,2e-05
53,6,0.0023466402909035193,0.03714689,0.048421197,0.9839613885381759,0.006712014652159134,0.06216812,0.08188797,0.9476293580068836,2e-05
53,7,0.0016087943170694024,0.030892214,0.040113993,0.9890231977720124,0.006934416331609504,0.061864935,0.083126664,0.947460548917737,2e-05
53,8,0.001238312818467395,0.02637367,0.035192754,0.9915595848832742,0.006723870829403124,0.06096868,0.08186894,0.9492910384596265,2e-05
53,9,0.001006863840200686,0.023722494,0.031735454,0.9931425286437312,0.0066471741840898714,0.060336486,0.08134463,0.949721057199308,2e-05
53,10,0.0009046521624789582,0.0227846,0.030081753,0.9938410520512523,0.0066179919112646195,0.06019586,0.081159845,0.9495859441309437,2e-05
54,1,0.02165543816974996,0.105633125,0.14718392,0.841644028972813,0.009578229829289572,0.07533694,0.09822625,0.9237604087087299,5e-05
54,2,0.00783739292751519,0.067181386,0.08852032,0.9454078320915495,0.007552202584014999,0.066564694,0.087181576,0.9418561359547937,5e-05
54,3,0.00519780501455099,0.05378076,0.072091445,0.9640913199538192,0.00800471670097775,0.06689022,0.089701496,0.9363231388645911,5e-05
54,4,0.003565002630723675,0.045201704,0.059712563,0.9755286218926095,0.00835903147580447,0.06856789,0.09136294,0.9377358075143368,5e-05
54,5,0.002367153584932099,0.037025064,0.04865818,0.9838016742457315,0.008173541204693416,0.0682053,0.09069774,0.935007737526259,5e-05
54,6,0.0015596458798537692,0.029379614,0.039475914,0.9893696288005001,0.008329249463578756,0.0686985,0.091487505,0.9372271334583313,5e-05
54,7,0.001192747858240352,0.025844337,0.034543853,0.9918693080226165,0.008385941431495465,0.06808619,0.0917203,0.9379126682519193,5e-05
54,8,0.000846306243988905,0.02137128,0.029075116,0.9942470729867702,0.0076303699450498376,0.0648183,0.08739655,0.9398724259183823,5e-05
54,9,0.0006545007013768571,0.018558878,0.025587995,0.9955466891973497,0.007546022193747814,0.06385435,0.08689653,0.9409134683817933,5e-05
54,10,0.0005188840949702813,0.016228665,0.022780418,0.996477211781692,0.007621290390724661,0.06430543,0.087334834,0.9404515958821852,5e-05
55,1,0.02480740611339162,0.11394948,0.15752038,0.8198146519045477,0.015498766399644039,0.09854885,0.12457258,0.897242194096638,0.0001
55,2,0.01059463086144163,0.07862921,0.10291798,0.9258518029230149,0.008728998920155896,0.07233687,0.09392478,0.9360087212541408,0.0001
55,3,0.006585429231886464,0.061134364,0.08114851,0.9544591867986488,0.009084200825007563,0.07219874,0.09555454,0.9337540685241835,0.0001
55,4,0.0047734170734869295,0.052660212,0.069095396,0.9671897923523582,0.006898424687312433,0.062242705,0.08328252,0.9453986253178858,0.0001
55,5,0.003076808286801407,0.04210219,0.05546476,0.9789389897935823,0.007828368471193782,0.06684611,0.08875316,0.939217371553656,0.0001
55,6,0.014480830944729664,0.06858318,0.120101996,0.8970520274447445,0.06649062744583245,0.21341874,0.25874388,-0.23976660732842894,0.0001
55,7,0.07382088055329344,0.2218835,0.27167818,0.03698236778837854,0.06720040576463496,0.21489766,0.26007003,-0.18401901772834175,0.0001
55,8,0.0741781033706094,0.22269797,0.2723491,-0.0011216023060937512,0.06986079337420287,0.22036292,0.265018,-0.14280314863223326,0.0001
55,9,0.07409140033316668,0.22279336,0.2721956,0.009053188612157922,0.06811979551006246,0.21675198,0.2617856,-0.1781626846710784,0.0001
55,10,0.0742357020640624,0.22354537,0.27243748,-0.007938150444666435,0.0686889345654183,0.21790366,0.26284498,-0.16506759589979514,0.0001
56,1,0.019271971487057196,0.103823885,0.1388435,0.8592757641353126,0.010282838967180363,0.07895535,0.10123803,0.9182365946605409,1e-05
56,2,0.008471998684739294,0.07072668,0.092035346,0.9407797740971485,0.007426528027281165,0.067685336,0.08619479,0.9454865268961212,1e-05
56,3,0.006452214318788915,0.06127062,0.080333136,0.9552046487293238,0.0075427538853276655,0.068322435,0.08680143,0.9427353210589783,1e-05
56,4,0.005242904191771435,0.056812566,0.07240365,0.9637788033125056,0.007080426198188905,0.06365495,0.08412208,0.9461318595507673,1e-05
56,5,0.003966648135688939,0.04852286,0.06298773,0.9727098223319303,0.006960022513306251,0.06427841,0.08336411,0.9470650756852613,1e-05
56,6,0.00342899446213013,0.045327935,0.05856012,0.9764636101121463,0.006817823858000338,0.064011596,0.08250139,0.9467821730946352,1e-05
56,7,0.0025859364484807816,0.039577153,0.05086185,0.9822871894564166,0.006786292854317084,0.062145624,0.082205385,0.9469087342639786,1e-05
56,8,0.002405114162106189,0.03747192,0.04904946,0.9835565643591043,0.006742290462608691,0.061711468,0.08187757,0.9474721799829171,1e-05
56,9,0.0021497296573589862,0.035449564,0.04637074,0.985299128618032,0.006911621942115879,0.06303206,0.08286727,0.9482372719492127,1e-05
56,10,0.0019373262053432822,0.03355742,0.04402069,0.9867823126997283,0.0067353389588081175,0.061828878,0.08178004,0.947450633953378,1e-05
56,11,0.001482768413144551,0.029162118,0.038503047,0.9898887500408972,0.00628643399600319,0.059532683,0.07901922,0.9509466708469837,1e-05
56,12,0.0014742765252377238,0.029367011,0.03838583,0.9899585558244642,0.006655811398997213,0.061188366,0.081206664,0.9485378458945377,1e-05
56,13,0.0012110192170252405,0.026713394,0.03479617,0.9917497201879956,0.0066449019186957566,0.06141562,0.08119342,0.9496134299268407,1e-05
56,14,0.0010839584926126968,0.024851926,0.032927107,0.992617572232931,0.0069529613548958745,0.06278034,0.083000965,0.9487381752766346,1e-05
56,15,0.0010573724571726433,0.023946216,0.03251685,0.9928024958278547,0.006756586302934146,0.062649086,0.0818552,0.9491646762757453,1e-05
56,16,0.0010124305221681901,0.024036722,0.0318189,0.9931084126044987,0.006615322648064682,0.060988598,0.08093734,0.9486544223345915,1e-05
56,17,0.0008836371036573906,0.02232381,0.029713897,0.9939899080067369,0.006323846044122345,0.059094567,0.079114415,0.9509877636239344,1e-05
56,18,0.0008158716613184182,0.021390604,0.028561607,0.9944495465876271,0.006766532267512822,0.061590534,0.08189838,0.9493696015908443,1e-05
56,19,0.0007676821656515072,0.020815182,0.027686013,0.994786272576949,0.006419010561701187,0.059883676,0.07970419,0.9504363568566194,1e-05
56,20,0.0007342554245127265,0.020365585,0.02709817,0.9950045795625225,0.0065382128986702474,0.060353927,0.0804699,0.949824136797098,1e-05
57,1,0.017813874612601525,0.097336344,0.13349992,0.8709498423179391,0.00914239842461905,0.07320712,0.09580609,0.9274814399140908,2e-05
57,2,0.00828353227899523,0.06909568,0.09101541,0.9424531489774509,0.007298203077408727,0.06733049,0.08553846,0.9439331744153756,2e-05
57,3,0.006257378534581425,0.059789248,0.07911148,0.9567300232182856,0.0075505510408051865,0.06676426,0.086811565,0.9410449609644668,2e-05
57,4,0.004640919417763024,0.051943906,0.06812288,0.9681137414542866,0.007894099099320118,0.06807657,0.08862523,0.9405712864598404,2e-05
57,5,0.0036138665385568236,0.045746394,0.06012217,0.9752196589713437,0.007542925632420789,0.06747868,0.086663425,0.9416512187583541,2e-05
57,6,0.0025192093647168905,0.038057268,0.050185595,0.9828137447244745,0.007391051678159447,0.06490983,0.08573896,0.9427608660366483,2e-05
57,7,0.00252398386489922,0.037999347,0.050240427,0.9827883449468598,0.007731045100458518,0.06652821,0.08751125,0.9409118881379077,2e-05
57,8,0.0020277643310793927,0.03375846,0.04503513,0.9861883785939748,0.00742208842119133,0.06566673,0.0857443,0.9422224693437024,2e-05
57,9,0.0018693786393252645,0.032554913,0.04323299,0.9872528390412579,0.007595567369005746,0.0650479,0.08673504,0.9413108077360733,2e-05
57,10,0.0015667051154544585,0.02931838,0.039581805,0.9893437825514867,0.007486086082213593,0.06382389,0.08616094,0.9417685087595646,2e-05
57,11,0.0014773628504584527,0.028843632,0.038441587,0.9899680387881172,0.007326507535590617,0.06514665,0.08524771,0.9434987257741678,2e-05
57,12,0.0014364192775416919,0.028105402,0.037892804,0.9902235052982183,0.007595724706469035,0.064806685,0.086912386,0.9413503615864531,2e-05
57,13,0.001238909311944545,0.025516298,0.035197813,0.9915817956334092,0.007269362367137715,0.06375259,0.08493477,0.9431694691105629,2e-05
57,14,0.001154247926432252,0.024523165,0.03397413,0.9921604416627219,0.007485722411527402,0.06491891,0.08622265,0.9424010156045047,2e-05
57,15,0.001038469518203001,0.023256538,0.032228645,0.9929511005284859,0.00744547788053751,0.06466665,0.08598412,0.9420948919780555,2e-05
57,16,0.0009193674732754703,0.021961436,0.030322623,0.9937538463670667,0.007289447351703765,0.0634173,0.08499119,0.9431868975280172,2e-05
57,17,0.0008357983446262764,0.020718435,0.02891186,0.9943196326086725,0.007415403092400757,0.06456561,0.08571087,0.9443221502174026,2e-05
57,18,0.0008085039143709501,0.019916283,0.028438356,0.9945138763323473,0.00724076329195803,0.06400324,0.084717706,0.9443558876473515,2e-05
57,19,0.0007106704306862182,0.019069433,0.02664758,0.995190897482726,0.007206277279355736,0.06331102,0.084491625,0.9445747468838659,2e-05
57,20,0.0006571916463943585,0.018125629,0.025638435,0.9955398326157548,0.007208771369833913,0.0633294,0.08449193,0.9447336277858642,2e-05
58,1,0.016798930781758523,0.096953794,0.12962689,0.8791440698692821,0.010525282377515125,0.079140514,0.1030038,0.917620591985925,5e-05
58,2,0.0077885876800843174,0.06656628,0.08824786,0.9457471721167989,0.0071681990219211135,0.06488424,0.08487126,0.9443220579037869,5e-05
58,3,0.005253543816702701,0.05447632,0.07249033,0.9636874494340163,0.007621557249135717,0.06811834,0.08735033,0.941180484423447,5e-05
58,4,0.0034845554299498083,0.044551346,0.05903725,0.9760720412874547,0.007242275141093328,0.06498142,0.085186474,0.9429859158882294,5e-05
58,5,0.0024366328944550025,0.036904912,0.049352117,0.9833319602500967,0.007117274519125068,0.06300689,0.084692806,0.944377348989837,5e-05
58,6,0.0018779281777722508,0.032258596,0.04332538,0.9871837541853251,0.00794753864304059,0.06714509,0.08937055,0.9401704321961059,5e-05
58,7,0.001592877260493615,0.029769571,0.039919376,0.9891283206439727,0.007454187505775028,0.06377023,0.08659084,0.9445838636684037,5e-05
58,8,0.0011838918510526876,0.025229516,0.034400597,0.9919365396198396,0.007386584475170821,0.062857546,0.086057566,0.9422818864355782,5e-05
58,9,0.0010742687571568851,0.023710866,0.032777943,0.9926818224762334,0.007660824451940479,0.06358838,0.08780146,0.9417841767926234,5e-05
58,10,0.0008732327137167716,0.021750297,0.029539539,0.994060651225501,0.007092501416250512,0.061459284,0.08422016,0.9443863041904474,5e-05
58,11,0.0007408029673442628,0.019971438,0.027222035,0.9949584934746332,0.008190315544467282,0.0671039,0.090720624,0.9383838271299595,5e-05
58,12,0.0006878959766169412,0.018812342,0.026191413,0.9953336421154082,0.007545650919416436,0.06260008,0.08695903,0.941183262171124,5e-05
58,13,0.0005498499413929111,0.016507588,0.023450373,0.9962624017615961,0.007212826872192737,0.062350858,0.08508753,0.9432579427113914,5e-05
58,14,0.0004837998959909587,0.015180106,0.021996051,0.9967113066146298,0.00711499351180262,0.06165515,0.08445706,0.9437847210164357,5e-05
58,15,0.0004048313018935243,0.0139798755,0.020114983,0.9972504166155866,0.00740183780780407,0.06335087,0.08616457,0.9423709215634573,5e-05
58,16,0.00035890741522639347,0.012907674,0.018947288,0.9975608274661311,0.007189338785354738,0.06256391,0.08483252,0.9435198084404025,5e-05
58,17,0.00033859931855344445,0.0120644765,0.01840097,0.9976995064183473,0.007321823455169107,0.06288732,0.08563877,0.9424306557019968,5e-05
58,18,0.0002933157689155544,0.011071625,0.017128678,0.9980069667134559,0.007140126156931122,0.06187504,0.08464977,0.9439631416306948,5e-05
58,19,0.00024962796661494844,0.010098819,0.015795108,0.9983055598770608,0.007162550759622482,0.062128264,0.08476515,0.9436894657537985,5e-05
58,20,0.00024241217623601307,0.009852611,0.01557077,0.9983536957327274,0.007267802091384375,0.062410194,0.08539999,0.9436285090275615,5e-05
59,1,0.02181860382688258,0.10970447,0.14771532,0.8431692301785982,0.01148821136707233,0.08144644,0.10776357,0.9107289165933549,0.0001
59,2,0.028970184214260848,0.11933709,0.17015113,0.7813322922529768,0.07522917318123358,0.23123646,0.27479976,0.13860051853317834,0.0001
59,3,0.07461527359419476,0.2234811,0.2729905,0.04400153353473836,0.07398069063546481,0.23018134,0.27094522,0.379233093993018,0.0001
59,4,0.07073844877881146,0.21790908,0.26594657,0.20541732106197744,0.06193537751419677,0.20870696,0.2496677,0.44026410265357924,0.0001
59,5,0.05924680948292262,0.19946799,0.24344473,0.44267014728688187,0.04163455392268521,0.16396296,0.20501094,0.6149112570946217,0.0001
59,6,0.04680106287961391,0.17315654,0.21633203,0.6043747697765693,0.03409404280871429,0.14075029,0.18544678,0.6903764466162374,0.0001
59,7,0.03853704700699059,0.15244515,0.19631378,0.6910342058800821,0.06610839531101563,0.19294402,0.25743428,0.5738430499570041,0.0001
59,8,0.047337367029634314,0.17139232,0.21755876,0.5989100700209038,0.03496675276094013,0.1530901,0.1877698,0.7005493864710165,0.0001
59,9,0.035199438585142524,0.14582022,0.18758598,0.7228519360392561,0.03323684836289397,0.1348223,0.183091,0.7441116622245638,0.0001
59,10,0.023888872600177948,0.11838179,0.15457086,0.8220552372046379,0.02647004021262681,0.11859679,0.16301711,0.7870615512034163,0.0001
59,11,0.02106521611545827,0.10938133,0.14514934,0.8450116084380365,0.024868707620987186,0.11453246,0.15760362,0.8042754906401719,0.0001
59,12,0.015832100932325333,0.09692967,0.12577741,0.8861772037970272,0.02818003070920154,0.12088185,0.16823493,0.796417428408284,0.0001
59,13,0.012102517170426827,0.08354618,0.11003165,0.9141520703879867,0.023043421260943567,0.11073752,0.15192264,0.8336704887165444,0.0001
59,14,0.01046508272892739,0.078007385,0.102310754,0.9264046075950791,0.020867725178875304,0.10351524,0.14461517,0.8353270106583204,0.0001
59,15,0.009601507027999055,0.073820755,0.09800635,0.9325476036743989,0.022889436377833288,0.10782917,0.15151066,0.8241145225558991,0.0001
59,16,0.007575812905147741,0.06722143,0.08705836,0.9471858454246718,0.02118553493723825,0.102172315,0.14558618,0.833385043750941,0.0001
59,17,0.0066488784605693765,0.06156636,0.081544116,0.9538153919918966,0.022035420768790774,0.10608961,0.14863318,0.8367246241841363,0.0001
59,18,0.00509539795547145,0.05421075,0.07136786,0.9648173421534423,0.021171320798910327,0.10408726,0.14575961,0.8393462522088299,0.0001
59,19,0.004498774879780667,0.05095939,0.06703755,0.9690341996347986,0.020852564885798428,0.10280145,0.14465171,0.8425306422528885,0.0001
59,20,0.004143184039493692,0.0487047,0.06435434,0.9715033687329486,0.020852811738020845,0.10244495,0.1446199,0.8414922991553723,0.0001
60,1,0.022207622440253323,0.112068124,0.14905418,0.8357609761253012,0.01020022142412407,0.07886693,0.101183325,0.9197150011194765,1e-05
60,2,0.009531055960073092,0.07563508,0.09762783,0.9331024894262291,0.007823176765149193,0.07053414,0.08838205,0.9412283313402426,1e-05
60,3,0.007262949742568291,0.065914035,0.08522921,0.9494285032972495,0.007759883168286511,0.06949091,0.08813082,0.9454185223945671,1e-05
60,4,0.0060187444269274165,0.060204137,0.07757996,0.9582842928775283,0.007289678639998394,0.06801708,0.08541135,0.9445222931452034,1e-05
60,5,0.0054485920346646665,0.057590555,0.07380768,0.9623332195896083,0.0071810894712273565,0.06743966,0.08462298,0.9463829907557018,1e-05
61,1,0.016616143677905898,0.09663628,0.12892841,0.8801220761840449,0.008317121105002505,0.07162093,0.09203359,0.9344716896299459,2e-05
61,2,0.007668208785651025,0.06692748,0.08755517,0.9465828628100045,0.008418762989874398,0.07096446,0.092205465,0.937275150159362,2e-05
61,3,0.005715723275685701,0.057619356,0.07560426,0.960431338329814,0.007851337465191526,0.06778172,0.0889292,0.9412194771414598,2e-05
61,4,0.004421552053487329,0.0505655,0.06649346,0.9695418403861168,0.00758372712880373,0.06579895,0.08717237,0.9415298966615523,2e-05
61,5,0.0035415010898870148,0.045728214,0.0595112,0.9756755037422751,0.007559462284137096,0.0653871,0.0869943,0.9412236978197357,2e-05
62,1,0.01881384311209076,0.09987005,0.13718823,0.8632222572598968,0.010357940353320114,0.07731213,0.102739014,0.9173872203652196,5e-05
62,2,0.007127225975653975,0.06394658,0.08440903,0.9504576160105598,0.00841335766017437,0.07198618,0.092592895,0.9397762523662235,5e-05
62,3,0.0052163487117493825,0.05516639,0.07222796,0.9639531021475322,0.0070257397767688546,0.06424024,0.08417388,0.9453352364122312,5e-05
62,4,0.0036064577332445393,0.045897145,0.060062595,0.9752336152148514,0.006900258902792952,0.06375062,0.08322773,0.9455496662794248,5e-05
62,5,0.0028879309821630192,0.040609848,0.053734884,0.9802085634381907,0.006971231628475445,0.06337953,0.08365169,0.9451538651947835,5e-05
63,1,0.06547289561898073,0.20557788,0.25588968,0.33530829346025487,0.05682549359542983,0.19242176,0.24254721,0.41371032239327266,0.0001
63,2,0.061271331125052175,0.19949217,0.24752522,0.41234622753723826,0.07240700774959155,0.22840254,0.27071944,0.4887538932324134,0.0001
63,3,0.0526103193166657,0.18339324,0.22941898,0.5394138138931891,0.036336377928299565,0.15008324,0.1935136,0.6561552303489743,0.0001
63,4,0.02814847741397881,0.12869962,0.16771133,0.7866477159530192,0.031145668056394373,0.12957117,0.17738245,0.7735196951399748,0.0001
63,5,0.019085593148413176,0.103033,0.1381235,0.8620400470984337,0.022913605573454073,0.11027242,0.1523662,0.8108982980957838,0.0001
64,1,0.026991667726434,0.12427816,0.16431744,0.7960811616304936,0.010994973692244716,0.082566544,0.1050404,0.9137512137242715,1e-05
64,2,0.009626704078846585,0.0748295,0.09810608,0.9324759396972575,0.009058906663475292,0.07570692,0.09469334,0.9372537443237685,1e-05
64,3,0.007061435431938305,0.06534337,0.0840402,0.9508716333383839,0.00796867161989212,0.070784144,0.089071184,0.9410521334158275,1e-05
64,4,0.005917037356314119,0.05921863,0.07691891,0.9590118646503347,0.007648549159057438,0.0682974,0.08743634,0.9397522402881813,1e-05
64,5,0.005333580153942039,0.056792937,0.073026665,0.9631315763193675,0.007097811330043312,0.065406255,0.08393154,0.9444770295733991,1e-05
64,6,0.004433950289613872,0.05156529,0.066581935,0.9694517824798373,0.0077737684561205765,0.06941917,0.08809166,0.9435714153180844,1e-05
64,7,0.003955909574326023,0.04859385,0.062904686,0.9727795185381324,0.007232774531335703,0.06669766,0.08486505,0.9435506171606091,1e-05
64,8,0.003533922710290579,0.046022136,0.059433255,0.9757334904392018,0.007100362413828927,0.066251874,0.083827905,0.9456123916268724,1e-05
64,9,0.0032077926944366823,0.0440801,0.056642458,0.9780032013619758,0.007044637168291956,0.06560928,0.08339212,0.9465922147823148,1e-05
64,10,0.0030204804209452646,0.042155378,0.05495757,0.9793103361289949,0.007119286173422422,0.06605018,0.0838457,0.9458320137231361,1e-05
65,1,0.018961500742028806,0.10115987,0.13773288,0.8616993128805772,0.008938310069165059,0.07275471,0.095706135,0.9295297557860923,2e-05
65,2,0.007637840447616633,0.06693484,0.08738418,0.9467742227698722,0.007766206266491541,0.06890159,0.08894593,0.9404235786216958,2e-05
65,3,0.005703421414037731,0.058310494,0.07553013,0.9605099502248228,0.006857426903609719,0.064607516,0.08347326,0.9460052466840742,2e-05
65,4,0.004425368951764132,0.051434133,0.06652684,0.9694987091891246,0.007227389990086002,0.06509337,0.08581074,0.942976044940643,2e-05
65,5,0.003709029697891429,0.046706695,0.060901817,0.97450490092049,0.006838621654813843,0.06410252,0.083314784,0.9455204864419183,2e-05
65,6,0.002824618666602525,0.040499154,0.053135917,0.9806526939185067,0.007257752320063966,0.06498793,0.08549552,0.9459036546203432,2e-05
65,7,0.002197430623590807,0.03613747,0.04688395,0.984974433746415,0.006869665629762624,0.062897965,0.083124995,0.9457310232846393,2e-05
65,8,0.001847623068965519,0.033262923,0.04298314,0.9873821837980183,0.006829765284367438,0.06298328,0.0827397,0.9465494138333502,2e-05
65,9,0.0015395975377406298,0.029799117,0.039239842,0.9895017295506273,0.0070524721522815526,0.063696936,0.08416733,0.9444935142661398,2e-05
65,10,0.0014455746032436875,0.02888365,0.038022745,0.990142294453918,0.006999361129211528,0.06351395,0.08382455,0.9450155248901517,2e-05
66,1,0.01666985645185216,0.095173955,0.12914355,0.880131846940076,0.008717480647776808,0.07110213,0.09366195,0.9309413437290747,5e-05
66,2,0.007809823981669044,0.06608678,0.0883716,0.9458534918190571,0.008589923248759337,0.07089087,0.093151845,0.9361476936148538,5e-05
66,3,0.0056794405203295225,0.056857508,0.07536547,0.9608588270886625,0.007955589963655387,0.06846194,0.089380816,0.9415735581976187,5e-05
66,4,0.004218747245287088,0.04949802,0.06495515,0.9710363687075797,0.0075918549638507625,0.06541906,0.08709942,0.9408863701832516,5e-05
66,5,0.0034378111127450644,0.044359736,0.05863927,0.9764818959774877,0.0070630146157262584,0.063807555,0.08354878,0.9453924664715986,5e-05
66,6,0.002969505878439539,0.040527396,0.054492485,0.9798067644696287,0.00693878231270771,0.0615845,0.08305193,0.9462142051188259,5e-05
66,7,0.002125126408972281,0.03469056,0.046096705,0.9855332225804168,0.007167185315795775,0.062725164,0.08403956,0.9444777467935299,5e-05
66,8,0.0018486193629856456,0.031694684,0.042989,0.9874428504322817,0.007273479896996703,0.06408284,0.08473748,0.9457190502901918,5e-05
66,9,0.001580769003033812,0.029107893,0.039754283,0.9892743659347193,0.007206288482328611,0.06339167,0.08444283,0.9453898039340969,5e-05
66,10,0.0013144303828033959,0.02630792,0.03625887,0.9910806717009034,0.007161096935825688,0.06317809,0.08414465,0.9451644167391907,5e-05
67,1,0.01940436912352376,0.10041116,0.13932548,0.8592197848830242,0.009832710643032832,0.07782011,0.09906267,0.9282030892842171,0.0001
67,2,0.00746810012801646,0.06581698,0.08639462,0.9480893540439045,0.007726459481221225,0.067403965,0.08869665,0.9382700579736164,0.0001
67,3,0.004886868211797604,0.05289403,0.069889165,0.9663073010747942,0.007372944540942886,0.066190094,0.08616748,0.9441830543082922,0.0001
67,4,0.003225863225231487,0.04264843,0.05679585,0.9778768822508727,0.007163248989464981,0.061892394,0.08377113,0.9461874598136941,0.0001
67,5,0.0024682682020607115,0.036373124,0.04968785,0.9831052076001318,0.007574010108198438,0.06530758,0.08688284,0.9404533701267036,0.0001
67,6,0.0017033493838264286,0.030583553,0.041265313,0.988383455556439,0.007923723880334623,0.06605433,0.088790566,0.9396591362108944,0.0001
67,7,0.0011466227860242198,0.024494253,0.033866867,0.9921862156387822,0.008058211666398815,0.065307364,0.08950798,0.939370217049818,0.0001
67,8,0.0008824262452512005,0.021282705,0.029698784,0.9939979639445522,0.007364189834333956,0.06226733,0.085676454,0.9437039585642653,0.0001
67,9,0.0006664838351115636,0.018429497,0.025820348,0.9954652235667751,0.007518740154669753,0.06325326,0.08628812,0.9424700563216896,0.0001
67,10,0.0005383573178877558,0.016091175,0.023205562,0.9963392640230737,0.007591522548214665,0.063518204,0.08675662,0.9418718154868554,0.0001
68,1,0.021647154536341952,0.110358946,0.14716282,0.8402753592338953,0.009889309128214206,0.07919992,0.10016939,0.9222317224787413,1e-05
68,2,0.008608987021790904,0.07177885,0.09277288,0.9397886441496358,0.008569461193733982,0.07245296,0.09241728,0.9413803936257682,1e-05
68,3,0.0065581570640554495,0.061970025,0.08099166,0.9544534708132119,0.007818816129916481,0.06923682,0.08861649,0.9449308665824389,1e-05
68,4,0.00532694275939193,0.05635663,0.07298967,0.9631686514752058,0.007531221523614866,0.06715157,0.08722006,0.9401168373682829,1e-05
68,5,0.0048845351747646235,0.054524362,0.06988456,0.9662948138109311,0.007337790631156947,0.066794135,0.085636474,0.9445148811044903,1e-05
68,6,0.0038471379682909106,0.048268177,0.062019095,0.9735517595314669,0.007206963125749358,0.06519592,0.08478393,0.9458702620149387,1e-05
68,7,0.003034043193263846,0.04295107,0.055086844,0.9792016670623579,0.007555519862632666,0.066537306,0.08678223,0.9438357992694735,1e-05
68,8,0.0024808827416631873,0.03835439,0.04980567,0.9830215038262791,0.007262184184842876,0.06467717,0.08438628,0.9458916734805632,1e-05
68,9,0.002176140335488577,0.035980456,0.046651315,0.9851285455932883,0.0073538988861920574,0.06504245,0.08480837,0.9444807916404215,1e-05
68,10,0.0017896963062556896,0.032990064,0.04230073,0.987785977129377,0.007132536848075688,0.06441031,0.08406525,0.9443482625477034,1e-05
68,11,0.001626364407771502,0.030944243,0.040325012,0.9889037930265172,0.006982092238363943,0.06398612,0.08289217,0.9459875576280957,1e-05
68,12,0.0014475867264821395,0.029240377,0.038028285,0.9901373646575569,0.00746540170595316,0.06629284,0.08582702,0.9418351534966841,1e-05
68,13,0.0012172984789456372,0.026769532,0.034894805,0.9917032959854017,0.007392266914913697,0.06539659,0.08531024,0.9435462839238052,1e-05
68,14,0.0011953249746154576,0.026079861,0.03457197,0.9918590928777077,0.007314148708246648,0.065032855,0.08437127,0.9452703529205713,1e-05
68,15,0.0011117596252142477,0.025185835,0.033342607,0.9924294555117223,0.0073388758464716375,0.06479408,0.08457645,0.9435637385808542,1e-05
68,16,0.0009668713649593415,0.023546372,0.031097919,0.9934196385164477,0.007228549187337714,0.064589165,0.08385003,0.9445475923210214,1e-05
68,17,0.0009182101865212006,0.023179738,0.03030529,0.9937520728841572,0.007159677400652852,0.06417723,0.08366229,0.9454553320393834,1e-05
68,18,0.000881136698043409,0.022253877,0.029678036,0.9940083942494916,0.007281514350324869,0.06447427,0.08428206,0.9449442893625001,1e-05
68,19,0.0007905078060146003,0.021074161,0.028102377,0.9946294266764523,0.007191585144028068,0.06395828,0.08362584,0.945397472239364,1e-05
68,20,0.0007581212104974907,0.020749686,0.027531825,0.9948446155645256,0.007200911142198103,0.06388694,0.08370295,0.9454112694644977,1e-05
69,1,0.016960431634509398,0.09760829,0.1302543,0.8777372955265617,0.009720738578055586,0.074727915,0.09946691,0.9220531931796874,2e-05
69,2,0.008126893814078698,0.06919103,0.09012851,0.9434206003365887,0.00830176000350288,0.06989817,0.09166351,0.9392416523794044,2e-05
69,3,0.006959586070249919,0.06292644,0.08342167,0.951771074291449,0.009637315391695924,0.07522704,0.0988101,0.9344718449100822,2e-05
69,4,0.004908613897598932,0.053704195,0.07006696,0.9661754212744254,0.008636466817863817,0.070371434,0.093151435,0.9329580450503643,2e-05
69,5,0.004348117618812857,0.05021036,0.06593384,0.9701023150110439,0.008058249451486128,0.068841055,0.08958597,0.9367450738131702,2e-05
69,6,0.003669655888350071,0.046038453,0.060578912,0.9749030722060601,0.007649439120931285,0.06551968,0.087292746,0.9398643534788694,2e-05
69,7,0.002794341485573101,0.040328614,0.0528594,0.9809013076118638,0.008142457376899464,0.068026006,0.08970881,0.9389624538383126,2e-05
69,8,0.002470856328999676,0.037295304,0.049704872,0.9831422157571492,0.007544025845293488,0.06626993,0.08678606,0.9409228259835373,2e-05
69,9,0.0021522728123519325,0.03465957,0.04640129,0.9853128531414023,0.008275679811569197,0.0672579,0.09078964,0.9355231338980446,2e-05
69,10,0.0018987606897532382,0.03243036,0.04357478,0.9870864201526228,0.008101095861223127,0.06672939,0.08968821,0.9389535275876343,2e-05
69,11,0.0016212554601734836,0.030394126,0.040269036,0.9889557868670689,0.008007548857546811,0.06678964,0.08922833,0.9377955314293656,2e-05
69,12,0.0015503140732158567,0.028917555,0.03936386,0.9894586868981613,0.007588512089569122,0.064675,0.086520106,0.9408692843261101,2e-05
69,13,0.0015063732533354452,0.028522154,0.038816992,0.989769772607773,0.007751046995898443,0.06509371,0.08779797,0.9399612833868533,2e-05
69,14,0.0012898918909834542,0.02646746,0.035917766,0.991224683787789,0.00787276416251968,0.06681077,0.088362426,0.9402289477402446,2e-05
69,15,0.0011417056956365443,0.02520121,0.03379042,0.9922425382535792,0.0075765795606587616,0.0647797,0.08645919,0.9409795598946817,2e-05
69,16,0.0011341159990020358,0.024779264,0.033682134,0.9923006948502024,0.007852694177667477,0.0646172,0.08819999,0.939225686248051,2e-05
69,17,0.0010975082271632295,0.02411944,0.03313437,0.9925487997221919,0.007894929964095354,0.06594181,0.088467546,0.9405690396509866,2e-05
69,18,0.0009843439602773968,0.022532541,0.031373367,0.993313472517828,0.007608573867141136,0.064155266,0.08656495,0.9413359120945077,2e-05
69,19,0.0009333338936906152,0.022062086,0.030531462,0.9936739149206846,0.00781255987073694,0.06501909,0.08777974,0.9399964954655752,2e-05
69,20,0.0008744330858870488,0.02136381,0.02956611,0.994056486363965,0.007784637356443065,0.06489357,0.087629065,0.9401183297701178,2e-05
70,1,0.019173458973642126,0.10238646,0.13850112,0.8612451729701236,0.009342238822552775,0.07488416,0.09731468,0.9246561244982004,5e-05
70,2,0.0073770009520872735,0.06517311,0.085874185,0.9487933799222216,0.009093712715964233,0.074829675,0.0960392,0.932398986523713,5e-05
70,3,0.005774044324034633,0.058071647,0.07598433,0.9600798407657002,0.008493768600081759,0.07205798,0.09186724,0.942248626994503,5e-05
70,4,0.004159896863541766,0.049054995,0.06450807,0.9713943248441754,0.007578979005172316,0.06609366,0.08680023,0.9411892631028632,5e-05
70,5,0.002891859716396326,0.041115616,0.053777087,0.9801996052588124,0.007838976885458189,0.065037265,0.08843172,0.9381999533755624,5e-05
70,6,0.0023486727171916967,0.036639087,0.048460476,0.9839506237290706,0.008768124805231179,0.07125461,0.09434281,0.9388026989993391,5e-05
70,7,0.001837266590576793,0.032222345,0.04286697,0.9874605074986172,0.00764135062594765,0.06402659,0.08764107,0.939583543642139,5e-05
70,8,0.0016604470383924231,0.030112293,0.04074747,0.98868108480715,0.007975670309471232,0.06468249,0.08942179,0.9375677791474256,5e-05
70,9,0.0014439093389126219,0.028255511,0.037999276,0.9901600164614484,0.007698566877349679,0.06404865,0.08817891,0.939519791071715,5e-05
70,10,0.0013554087762773107,0.027537981,0.03681754,0.9907873805156614,0.007548440796589213,0.06393008,0.08681471,0.9411987536454847,5e-05
70,11,0.0011277546862436233,0.024857258,0.03358515,0.9923222569757755,0.008205274810149734,0.06726397,0.09053301,0.9389354554509531,5e-05
70,12,0.0009989674775926483,0.023153946,0.03158329,0.9932113845856363,0.007508898070747299,0.06353674,0.086378634,0.9410886830086518,5e-05
70,13,0.000973873836462708,0.022840852,0.031210162,0.9933711599144618,0.007644485033649419,0.06461659,0.08736935,0.9416381396997291,5e-05
70,14,0.0007609158523694099,0.020348536,0.027589045,0.9948265033082277,0.00750594272644126,0.06376314,0.08664596,0.9427626460316803,5e-05
70,15,0.0007063139693226195,0.019168105,0.026576009,0.9952005223266649,0.007318053610755929,0.062283423,0.08542799,0.942803448230432,5e-05
70,16,0.000627726361331765,0.018116888,0.025051571,0.9957348593880252,0.007573580302830253,0.06342028,0.0870006,0.9413982728683419,5e-05
70,17,0.0005917928467050987,0.017479349,0.024326509,0.995977161761747,0.007290805872928884,0.0625468,0.08530454,0.9441070659110536,5e-05
70,18,0.0005093489065831614,0.016195096,0.022568446,0.9965410293614844,0.007464727054217032,0.06336761,0.086469926,0.9435179496545305,5e-05
70,19,0.0004965098046808651,0.015723372,0.02227541,0.9966334353831694,0.007334668039610344,0.062397763,0.08560382,0.9430379569365605,5e-05
70,20,0.0004384382872022993,0.0146232415,0.020942207,0.997020228429059,0.007425478318639632,0.06283513,0.086204745,0.9426833119992876,5e-05
71,1,0.0209605272676552,0.10562553,0.14480911,0.8481850498437313,0.011290045421836632,0.08093657,0.105891965,0.9185016970890343,0.0001
71,2,0.007841397022445486,0.066677004,0.08853506,0.9454550562430358,0.009442796963932258,0.077031985,0.09876602,0.9329873946248078,0.0001
71,3,0.005219046486689596,0.054797146,0.072235584,0.963975045102897,0.00864382557171796,0.07046758,0.09299282,0.9382518379347439,0.0001
71,4,0.003979538351941471,0.04800704,0.06308467,0.9726420284713625,0.007778751364509974,0.065765664,0.08791194,0.942331384580753,0.0001
71,5,0.0026230320810975735,0.038385086,0.05122423,0.9820432408946295,0.007672392305851515,0.06583857,0.08702232,0.940922053699541,0.0001
71,6,0.001940753625892973,0.03289362,0.04404475,0.9867517458895978,0.007806743919250688,0.06646871,0.08770123,0.9401503189283886,0.0001
71,7,0.0014524203760518963,0.027976481,0.038115453,0.990092482698929,0.007753841894944864,0.063308366,0.087232284,0.9403052616489396,0.0001
71,8,0.0012422813590568117,0.025594568,0.035243914,0.9915359101490532,0.007790765475614795,0.06463569,0.087204956,0.9405960439937685,0.0001
71,9,0.0011686911389218626,0.024509927,0.03418929,0.9920368777910462,0.008080884764370109,0.06572195,0.08926569,0.9411136392832395,0.0001
71,10,0.0009325300566373376,0.022133948,0.03053832,0.993655366458807,0.007517689656067107,0.063644886,0.08583925,0.9431112386352783,0.0001
71,11,0.0007547121926125957,0.019310208,0.027473181,0.994865835291557,0.007454404782038182,0.06380693,0.085505635,0.9428575786289626,0.0001
71,12,0.0006683087614245243,0.01825866,0.025837427,0.9954604749859824,0.008082277889895653,0.06637014,0.08898938,0.937950259779082,0.0001
71,13,0.0005533775954156958,0.016684202,0.023524707,0.99623845796261,0.007696537708397955,0.06433484,0.086988814,0.9411654816543128,0.0001
71,14,0.0004758458651458653,0.015172498,0.021817189,0.9967654009544722,0.0076052748149127835,0.06421293,0.08665867,0.9418817416162145,0.0001
71,15,0.00043221291557996684,0.014305427,0.020790022,0.9970628942824286,0.007623867397861821,0.06358632,0.086443484,0.9414253931367659,0.0001
71,16,0.0004018468530843182,0.013816828,0.020047694,0.9972687579431845,0.0075305748365021175,0.063341215,0.08576186,0.9428239104223927,0.0001
71,17,0.00037428893786191364,0.013198384,0.019349357,0.9974561515616737,0.007586065255704203,0.0636964,0.08604752,0.9427914814861016,0.0001
71,18,0.0003164814169454458,0.011877076,0.017790282,0.99785020822038,0.007447817271375763,0.06293064,0.08530365,0.9429371526962398,0.0001
71,19,0.00028104907095924056,0.01114298,0.016764635,0.9980907929055032,0.007457646200366851,0.06286492,0.08531241,0.9433877499116194,0.0001
71,20,0.00026833316257928504,0.010986709,0.016383141,0.9981772033915095,0.007491042787608292,0.06303449,0.085560165,0.9431296076983137,0.0001
