config_id,epoch,train_mse,train_qwk,train_pearson,valid_mse,valid_qwk,valid_pearson
0,1,4651.254510062082,-0.0008574019560774193,-0.02121098460532693,4081.666804996788,7.659122644421146e-05,0.18619085829136092
1,1,0.049995103437860094,0.6483329457026291,0.743238011354201,0.031315438340398224,0.8311914619142791,0.8519546717631211
2,1,0.04957828577874707,0.6533206129802221,0.7457460500216051,0.03172593927644573,0.8402928093965119,0.8506710755404987
3,1,0.04957828577874707,0.750923684910699,0.745746051058399,0.03172593927644573,0.8402928093965119,0.8506710755404987
4,1,0.05419816879959189,0.6148545111286076,0.7147754036627847,0.03686575019426218,0.8000596499440733,0.8207856637856751
5,1,0.3605894799699693,0.15437722398090514,0.09474917017248356,0.06978240985991367,0.5896826882661506,0.6377032737497847
