config_id,epoch,train_mse,train_mae,train_rmse,train_pearson,valid_mse,valid_mae,valid_rmse,valid_pearson,learning_rate
0,1,0.050565146527630625,0.16456023,0.22485252,0.6637658411218542,0.022822933945766028,0.11597767,0.15211092,0.819142861693558,0.0005
0,2,0.02277408877554106,0.11862905,0.15094048,0.8424455106638876,0.018629114288059,0.10425754,0.137446,0.8611676456079715,0.0005
0,3,0.0194317653109363,0.110211626,0.1394264,0.8662786020101619,0.052779914552552834,0.20317647,0.23101138,0.8553145141277595,0.0005
0,4,0.01831739885168407,0.10657866,0.13536929,0.8738864073537537,0.017344168042419134,0.10265882,0.13206808,0.8573173476143329,0.0005
0,5,0.01651454231920478,0.10099171,0.12851435,0.8854877921135256,0.019376557264304546,0.10735832,0.13946985,0.8845966459657604,0.0005
0,6,0.016303032816501407,0.10124651,0.12766907,0.8878689831357839,0.026387467570775362,0.13048565,0.16195096,0.8927477520858033,0.0005
0,7,0.014683497920316844,0.09581681,0.12117453,0.8987587091286062,0.017074551521714224,0.10312908,0.13117452,0.8582523664845525,0.0005
0,8,0.014236426219374671,0.09382515,0.119347245,0.9018713767182033,0.019567531805175047,0.1101936,0.14023052,0.8493323714068151,0.0005
0,9,0.013849906934189684,0.092421174,0.117674164,0.9037143222824172,0.04682707023824117,0.1871244,0.21583208,0.8832911397890035,0.0005
0,10,0.014714194120549287,0.095649436,0.12125045,0.9006140678564017,0.013526068977727037,0.091172785,0.11696317,0.8939010528312213,0.0005
0,11,0.012869975346726176,0.08873969,0.113460355,0.9112876712330793,0.013736380496993661,0.08869245,0.11800444,0.8924704037037454,0.0005
0,12,0.01385714567385268,0.09356267,0.11772468,0.904912866458768,0.012899235633624441,0.08595827,0.11359438,0.9013238228874053,0.0005
0,13,0.01289003966640024,0.08899239,0.113539554,0.9119990688339831,0.016419613308109413,0.103865825,0.12903108,0.8906826001379763,0.0005
0,14,0.013631993693435047,0.09130598,0.1166527,0.906254790301827,0.04746409753958384,0.18614553,0.21766025,0.8651079085284816,0.0005
0,15,0.01252178437235356,0.08764608,0.11190703,0.9140006350109671,0.014082002016409577,0.090658,0.11917213,0.9005825467608961,0.0005
0,16,0.012976994953813492,0.08952367,0.11388973,0.9109176963503185,0.01483348521287553,0.09389034,0.12184356,0.906176732729689,0.0005
0,17,0.01190577823193809,0.08553861,0.10914059,0.9179639505654438,0.016497670269691973,0.101902686,0.12928674,0.8883981719213127,0.0005
0,18,0.012405316278958045,0.08804104,0.11139064,0.9149379087999697,0.013993536378688144,0.09725295,0.11889971,0.8995693798821699,0.0005
0,19,0.013165702924716327,0.09051598,0.11471979,0.9101635791636815,0.017001476537660456,0.10288235,0.13112369,0.8746371867562106,0.0005
0,20,0.010808232168231277,0.08144885,0.103979275,0.9252096768395601,0.013952753005368222,0.096437335,0.1187898,0.8895073494030288,0.0005
0,21,0.011986243540054474,0.08626241,0.10942833,0.917989346474627,0.029407878128242575,0.13857867,0.17060639,0.8757963151896156,0.0005
0,22,0.011494044686914324,0.083719105,0.10722881,0.921154321762145,0.01476937350570619,0.09249254,0.12238178,0.8925151147470388,0.0005
0,23,0.011922255866096255,0.086627685,0.10920169,0.9183278712058588,0.018129222948725026,0.104308255,0.13448249,0.8767131812174528,0.0005
0,24,0.011378690829553867,0.084851235,0.10669751,0.9219058134079419,0.011948526459659829,0.08470441,0.110020556,0.9038725403495463,0.0005
0,25,0.012396659426120215,0.088759474,0.111367576,0.915792795946047,0.01796718685417781,0.100409046,0.13449638,0.8710569042767584,0.0005
0,26,0.010968242506453089,0.082486264,0.10474047,0.9245667218410607,0.014436787996264347,0.094326824,0.12077742,0.8941067593403799,0.0005
0,27,0.011938747294382062,0.086179875,0.10929133,0.9186443834823799,0.013428534350909845,0.09311782,0.11645272,0.8976302205297862,0.0005
0,28,0.01033619285617448,0.07971011,0.101683885,0.9288262332479185,0.0123203394264069,0.08798014,0.11144698,0.9003494324645571,0.0005
0,29,0.011789787178713595,0.08631301,0.1086065,0.9193127317110849,0.014818990118294972,0.09738985,0.12257855,0.8959025123136568,0.0005
0,30,0.00993099050660548,0.07944171,0.09963582,0.9315510258150809,0.018321345724803838,0.107071064,0.13630505,0.8803923607198769,0.0005
0,31,0.01145784638767815,0.08426777,0.10701986,0.9218129305916984,0.013224513468298095,0.08833741,0.11499629,0.8977648184726721,0.0005
0,32,0.01197977069992176,0.08676264,0.10945582,0.9180880813799461,0.014540477907522236,0.09654749,0.121421516,0.8958309672407139,0.0005
0,33,0.010341861691226896,0.080040336,0.10167861,0.9287705059452898,0.016566843495066104,0.10062749,0.12913516,0.8635161870147883,0.0005
0,34,0.0112251724836722,0.08323143,0.10593232,0.9231716944804486,0.027528068739532802,0.13374692,0.16706681,0.8717350290883462,0.0005
0,35,0.010128288013934296,0.079415895,0.100553475,0.9305183889997718,0.01637463919555389,0.101719074,0.12884845,0.8924158318448775,0.0005
0,36,0.010976655305924643,0.08214932,0.10475949,0.9251088731179435,0.024797895431725517,0.1276323,0.1584513,0.8906575777906751,0.0005
0,37,0.010803899264004447,0.082380734,0.10393541,0.9258179638793702,0.015248241728706355,0.09714415,0.12315345,0.8959730097262018,0.0005
0,38,0.009973747670709235,0.078416504,0.09988462,0.9312717498963459,0.020325983150137797,0.11427289,0.14315301,0.8946831034266166,0.0005
0,39,0.01024250128041522,0.079715475,0.1012198,0.9298015926548032,0.013599770734328087,0.09079998,0.11718078,0.8952220052142228,0.0005
0,40,0.010654335074823988,0.08135002,0.10324991,0.9271650309911378,0.015261224173526797,0.09828356,0.1243396,0.8794366465369621,0.0005
0,41,0.009902948754889647,0.078382604,0.099424034,0.9316560499218812,0.01602164013591526,0.09826316,0.12719929,0.8790468136385399,0.0005
0,42,0.010815260513243918,0.08180004,0.10398428,0.926120034256218,0.015353403691228272,0.09992175,0.12474522,0.8812012335327513,0.0005
0,43,0.011515203684373383,0.084316894,0.107271396,0.9216726162549426,0.017652475652101676,0.10706022,0.13339904,0.8715344165947311,0.0005
1,1,0.048210752045378856,0.16971023,0.21960716,0.6968549670606589,0.0224155028769962,0.11614619,0.15047522,0.8102606551512496,0.001
1,2,0.02437167471559244,0.123960845,0.15614997,0.8358999199875197,0.021286016648648202,0.117263936,0.14674462,0.8428481424055785,0.001
1,3,0.026398292718121726,0.12814148,0.16234149,0.8302188028495463,0.05653792323924049,0.19488765,0.23897715,0.8158195910073618,0.001
1,4,0.023671173250749293,0.12232196,0.1538174,0.8451377220445371,0.04274998992008881,0.16770668,0.20582941,0.7457766341718722,0.001
1,5,0.02606328607403029,0.12826167,0.16147771,0.8333216830219552,0.02449029060382465,0.12368583,0.15673861,0.8644885444462836,0.001
1,6,0.02748475118937889,0.13012831,0.16576423,0.8294845136043922,0.020667580969597178,0.11247082,0.14473201,0.8366597254672413,0.001
1,7,0.018490066799029457,0.10707082,0.13599987,0.8766545286931533,0.02397422613662288,0.12369711,0.15585674,0.801568173240065,0.001
1,8,0.019036170227192537,0.1088963,0.1380085,0.8750873318085859,0.024435301565703144,0.12392793,0.1563827,0.7973108995333468,0.001
1,9,0.018648887328394453,0.107111186,0.13656121,0.8757374210653703,0.021842973604550394,0.12034653,0.148826,0.8734011879653493,0.001
1,10,0.01967097833773984,0.11021544,0.14022702,0.8731490295359676,0.018187143273044732,0.108391844,0.13579997,0.8765773710885603,0.001
1,11,0.01899441283345266,0.10745646,0.1378351,0.8759107503145883,0.020072910039743874,0.1124917,0.14169788,0.8789989269495012,0.001
1,12,0.020123591687623846,0.11269938,0.14184806,0.8703449613678396,0.015297860019927612,0.096109465,0.12455125,0.8754752748498092,0.001
1,13,0.023238341160152307,0.11690839,0.15247351,0.8533848563562134,0.01617489403751851,0.09836877,0.12799118,0.8838217925070473,0.001
1,14,0.02034718951453614,0.11168587,0.14263768,0.8664977264189769,0.026661298815505923,0.12840979,0.16428095,0.841782079732953,0.001
1,15,0.020873601755636493,0.11387361,0.14449126,0.866882144791041,0.028330131929747208,0.13826275,0.16897084,0.8655929911988665,0.001
1,16,0.020673084418206675,0.114767924,0.14377938,0.8677643101648255,0.013937641538817573,0.09054698,0.11876517,0.9011103734684321,0.001
1,17,0.018729961211885603,0.10875744,0.13681573,0.8776692419382551,0.03487491795439618,0.15447965,0.18792424,0.8543851326537516,0.001
1,18,0.018705776472092893,0.10801917,0.13661732,0.8788280915367478,0.07065727330606293,0.24369217,0.26687133,0.8906798323976559,0.001
1,19,0.025786190288425336,0.1250971,0.16055858,0.8415029786457272,0.02130681551622089,0.11592629,0.14694962,0.8538203662361724,0.001
1,20,0.01672783232271991,0.1034695,0.12936199,0.8894485710549743,0.02079997338134692,0.11517565,0.14509188,0.8723756080740074,0.001
1,21,0.017644240497366664,0.10589337,0.13277742,0.8849493765608641,0.02871013137606766,0.14046577,0.17062846,0.8139503134416535,0.001
1,22,0.018010473615385453,0.10597023,0.1341644,0.8831604479333265,0.05589261351377462,0.19461751,0.23653698,0.7744617259192461,0.001
1,23,0.020465309898125304,0.11445268,0.1430744,0.8700564564237508,0.023684801405545807,0.12255528,0.15420504,0.8457476446655955,0.001
1,24,0.016644096289757014,0.10152797,0.12904605,0.889733712148149,0.014466486628171642,0.096152075,0.12111833,0.8866503377796622,0.001
1,25,0.021045419773485112,0.11379054,0.14510553,0.867782777802862,0.0266471796332755,0.13011557,0.16336972,0.7896752134911618,0.001
1,26,0.017498573942069686,0.105076894,0.13229066,0.8852841736106766,0.01827277065496202,0.108324416,0.13501257,0.866186347164851,0.001
1,27,0.019538436622114606,0.10890877,0.13980836,0.8752725152563001,0.014913171115848754,0.09636045,0.12296488,0.886919133414201,0.001
1,28,0.017975085493689622,0.10586625,0.13406715,0.8830850242154896,0.028620374302759214,0.13765015,0.16962504,0.8783871553610365,0.001
1,29,0.01842918456532061,0.10840252,0.1357569,0.8813194059757541,0.01719674216454021,0.106080316,0.13196425,0.8835675487733876,0.001
1,30,0.017420007269116876,0.10555786,0.13196094,0.8857045449023414,0.04444631589231668,0.16955441,0.21172191,0.7796967027339369,0.001
1,31,0.01679793767773581,0.10218093,0.12953211,0.8895837642827465,0.017585187541516025,0.107372195,0.13353947,0.8944529110809054,0.001
1,32,0.017564514786193787,0.10445058,0.13254057,0.8863401423212527,0.01959512451948184,0.10886205,0.14055756,0.8566716622221477,0.001
1,33,0.015417596900554931,0.098673075,0.12408194,0.8981502732858783,0.03178974356571281,0.14790685,0.17926583,0.8753796232323536,0.001
1,34,0.019838173577788276,0.1103776,0.14077567,0.8729596028114118,0.03993553486738906,0.16481176,0.20104818,0.8103369080608945,0.001
1,35,0.02129927811647491,0.11463275,0.14593814,0.8659601393573633,0.02340932422817719,0.12632976,0.15349385,0.8751589743774276,0.001
2,1,0.0561825863970226,0.18299809,0.23706634,0.6800403646553379,0.04059190592616452,0.16336805,0.20282434,0.7977850328100375,0.002
2,2,0.054015591656288706,0.18425457,0.23243745,0.7148770672391717,0.04772424153310971,0.16896486,0.21882659,0.6910349035027603,0.002
2,3,0.0485360221556501,0.172909,0.22022174,0.7398717565734698,0.04266763497920086,0.16751179,0.2079036,0.7683071725771111,0.002
2,4,0.05328439068235239,0.18143398,0.23083667,0.7209755432325816,0.05935766501352191,0.19418424,0.24297862,0.6263193026310242,0.002
2,5,0.045544623933263584,0.16933993,0.2134599,0.7544863633992059,0.03144154012530904,0.14233479,0.17848404,0.8513872748839769,0.002
2,6,0.04895222913808402,0.17555873,0.22119394,0.744573369227041,0.03802815212057559,0.15700486,0.19581975,0.838017364978202,0.002
2,7,0.03680201593452464,0.15100731,0.19181812,0.7922242727060269,0.058428323465502925,0.1801981,0.24295405,0.5161103681364108,0.002
2,8,0.056578598388853686,0.18782884,0.23792623,0.7203146079728604,0.04133487972258418,0.16354533,0.20172644,0.7485319773941612,0.002
2,9,0.04370825087502555,0.16590801,0.20901743,0.7638623238672125,0.06060237935916693,0.20617634,0.24683101,0.8261177982433967,0.002
2,10,0.04974103451404007,0.17137969,0.22297914,0.7467696135712442,0.042431058711372316,0.17414881,0.20718187,0.8525045144570719,0.002
2,11,0.07852348260246664,0.21476467,0.2802764,0.6586102772640626,0.02127673565323844,0.11140956,0.14678945,0.8611645202014591,0.002
2,12,0.03888458131976256,0.15449661,0.19719586,0.7836397582709396,0.028088956452578445,0.13704017,0.16834264,0.7731705803518911,0.002
2,13,0.050106433313775144,0.17298025,0.2239038,0.742598669716793,0.020410249703908683,0.11336968,0.14363751,0.874248951883833,0.002
2,14,0.035914717554647875,0.1430855,0.1894182,0.7932356638882678,0.17320474056113097,0.35527468,0.41797468,0.629353722914681,0.002
2,15,0.045768521622568045,0.16678157,0.21396916,0.760935767355641,0.025877122926801718,0.12511882,0.15975352,0.8676428783797935,0.002
2,16,0.0402605591717755,0.15325618,0.20064986,0.7797905144384746,0.01714624886086245,0.10232562,0.13158266,0.8668018024349281,0.002
2,17,0.05167146265739575,0.1768979,0.22737624,0.7379729677219116,0.03346095625224903,0.1460133,0.17987709,0.7767686205788207,0.002
2,18,0.033729317128303606,0.1438002,0.18351945,0.805732815077269,0.08438930955405037,0.255054,0.29234177,0.8271568094874534,0.002
2,19,0.04589226562774601,0.16699454,0.21415709,0.7624048806773824,0.023305026934260106,0.1199226,0.15372266,0.8258694850518341,0.002
2,20,0.045578051182206404,0.16916226,0.21353436,0.7607842752051351,0.035852845318408474,0.1518686,0.18937467,0.7209424444884635,0.002
2,21,0.047366386636869685,0.16712627,0.21767485,0.7526189669702484,0.02656617946922779,0.13201487,0.16381906,0.8171330574924291,0.002
2,22,0.04461761931608601,0.16587439,0.21124956,0.7665587309022126,0.08537905400239483,0.2500731,0.29205945,0.7657362768492689,0.002
2,23,0.03226827363517336,0.14214405,0.17967705,0.8156556469836552,0.02599024013357444,0.124914534,0.16169928,0.8331392195312924,0.002
2,24,0.039760504455673376,0.1554884,0.19939765,0.7822269854788382,0.049500756646954906,0.179628,0.22402845,0.7374739794238797,0.002
2,25,0.040667167465990216,0.15931827,0.20171389,0.7817486458398738,0.047558877035044134,0.17537381,0.21955456,0.7495626964780007,0.002
2,26,0.05595483479691696,0.18337415,0.23655076,0.7240896026906883,0.03819049940513516,0.15469961,0.195135,0.7564735701508963,0.002
2,27,0.03151123759377025,0.13823104,0.17753515,0.8195230114522029,0.023283639155259286,0.12479124,0.15335986,0.8245885522016838,0.002
2,28,0.04296615127382678,0.16033319,0.20724787,0.7720853465548501,0.02905968615905968,0.13532092,0.16982202,0.8465656082173062,0.002
2,29,0.04234741663937805,0.15996012,0.20583288,0.7736811056788516,0.036835990324443964,0.15718584,0.19290406,0.7017408454656263,0.002
2,30,0.04274714822939676,0.1612043,0.2067862,0.7689536141332878,0.035507530944111444,0.15164629,0.18964435,0.7511249572060346,0.002
2,31,0.04036358917658609,0.16043037,0.20080943,0.7789802399916371,0.028279337846605038,0.13492778,0.16836362,0.8287309047163262,0.002
2,32,0.03322548304181807,0.14488512,0.1823044,0.8101522543743108,0.024488360974592744,0.121839955,0.15750593,0.824224249303323,0.002
2,33,0.03091353827719707,0.14005855,0.17583047,0.8198604194621973,0.03870762133091274,0.15817738,0.1969669,0.7788291615870848,0.002
2,34,0.07967302759714363,0.21535054,0.2821871,0.6646469244335288,0.06513158364342181,0.2165877,0.25563267,0.7063960564884639,0.002
2,35,0.04265381520936074,0.16183291,0.20655154,0.7712410353935806,0.0316998760767833,0.13825269,0.17917126,0.8115651217226781,0.002
3,1,0.2562443736976526,0.39493117,0.50630593,0.40177087858678207,0.09558516942801092,0.23172298,0.31117618,0.6848911584709733,0.005
3,2,0.43694834559002593,0.49404332,0.6611059,0.3433464606195804,0.2955479312826086,0.43919352,0.54190123,0.3601445507281318,0.005
3,3,0.08828222972534544,0.22545147,0.29709107,0.6354281664585304,0.07700619775008548,0.22166099,0.27925345,0.6400706134129017,0.005
3,4,0.24840757928605878,0.36524436,0.49837765,0.41529031891254875,0.11486797001971691,0.27314588,0.34089985,0.5476248909524206,0.005
3,5,0.15211258247760168,0.29876298,0.3900689,0.5469626618402673,0.051162519992363674,0.18283027,0.22712721,0.7272324747842984,0.005
3,6,0.31219830858155595,0.37746418,0.55885494,0.3874470832327587,0.20329329469758603,0.38522267,0.453892,0.5573013036404133,0.005
3,7,0.21517219451456288,0.35327923,0.46396565,0.48317927414919276,0.09350491698865813,0.22426559,0.30716872,0.350858909572276,0.005
3,8,0.1786159410578782,0.32699597,0.4225087,0.5031771553914999,0.20003309735976574,0.35511854,0.4503352,0.35274128042520475,0.005
3,9,0.3994745124135793,0.47587937,0.63205034,0.3554169310560606,0.22426412408067672,0.37734097,0.4767298,0.6995948576789499,0.005
3,10,0.1866711905148864,0.33379325,0.43217713,0.49961554071796543,0.2222990686142886,0.41137043,0.47408524,0.5766621984016387,0.005
3,11,0.09312429480476601,0.23876989,0.30521446,0.6379106060240243,0.06422754891078782,0.20641603,0.25248283,0.6900518566515501,0.005
3,12,0.2301817794861359,0.36984867,0.4798607,0.45027555572934413,0.4010771220480954,0.5596565,0.6312841,0.5060955438703609,0.005
3,13,0.1977515801184628,0.34509084,0.44481653,0.48524215235841706,0.06932712008279783,0.21273878,0.26488346,0.6284935867723684,0.005
3,14,0.18151492218320503,0.3244629,0.4260615,0.500662114418934,0.3806583495741641,0.5190772,0.620046,0.2877785559353305,0.005
3,15,0.2336491162673283,0.37560186,0.4833944,0.45559978739947377,0.3529489699544178,0.47769615,0.5899892,0.5708973835196147,0.005
3,16,0.0933599294621332,0.23736705,0.30553395,0.6348103978114934,0.13143662941055717,0.28752995,0.36477152,0.4762105868995444,0.005
3,17,0.3510264190888711,0.4596418,0.5926326,0.3834213730346119,0.12466780786161069,0.27197623,0.34983206,0.5540962876736283,0.005
3,18,0.2116719779034067,0.3584578,0.4599041,0.4711495006714671,0.40169589435336767,0.55785817,0.6364477,0.7295141041034364,0.005
3,19,0.1640426004969158,0.31356066,0.40510318,0.5292705498999649,0.1488683296677967,0.2990308,0.3880631,0.5113782502408505,0.005
3,20,0.19580823671460046,0.3488278,0.4419817,0.48168441734603135,0.37737969729911397,0.510646,0.6071691,0.25608959383142227,0.005
3,21,0.17015141673999726,0.31741476,0.41229755,0.5196470060190465,0.08075650161373671,0.23344776,0.2859173,0.7309952576143691,0.005
3,22,0.5883709299650095,0.56979895,0.7671708,0.31945790164395216,0.20476046901334216,0.36815256,0.45304218,0.18180584540105574,0.005
3,23,0.09437839757943761,0.23748876,0.30729264,0.6251394538108692,0.046982806313920905,0.17237611,0.21812737,0.7421070756331238,0.005
3,24,0.07033208837239267,0.20822984,0.26527473,0.6869581873885868,0.07638677372597158,0.2117131,0.2782139,0.45500335753045756,0.005
3,25,0.20395499436760312,0.35388044,0.45152515,0.47676975904846786,0.39979400134783377,0.51269966,0.6347607,0.2261277711951993,0.005
3,26,0.31123245813966527,0.4147951,0.5578411,0.40629580113631014,0.19468828578721042,0.3703619,0.4436575,0.5588768598321868,0.005
3,27,0.226074337366333,0.37058875,0.47549236,0.45925264624564116,0.19565382827487257,0.33217135,0.43997288,0.4903483674036756,0.005
3,28,0.2416039813624338,0.37815088,0.49167272,0.4509409941575078,0.08804934195898197,0.24776289,0.2960004,0.6715641311915975,0.005
3,29,0.11720589124575849,0.2637319,0.3423498,0.5878771068402623,0.19182136134003047,0.35727194,0.4403526,0.11086035133560208,0.005
3,30,0.3145073652517695,0.41250202,0.5609047,0.40264310660214614,0.06373332056682557,0.20094422,0.25383574,0.6740176410079597,0.005
3,31,0.12072908746692783,0.272605,0.3474751,0.5799634869828333,0.05975853486624719,0.19057046,0.24482395,0.5977931270091149,0.005
3,32,0.10413276771272241,0.24955583,0.32252908,0.614449278162221,0.1548310348643335,0.3158198,0.39573553,0.5374620754038226,0.005
3,33,0.20598710952304897,0.34416667,0.45366815,0.48924982279260026,0.3615730306676899,0.47434318,0.5979324,0.44891884456423903,0.005
3,34,0.18546498068415224,0.33733544,0.4307515,0.5002165663783092,0.2903750888589356,0.43801206,0.54182386,0.48702957567075256,0.005
3,35,0.30364957721370806,0.41019204,0.5511833,0.41647190729762806,0.11106442976139348,0.25264743,0.335555,0.6902250743734071,0.005
3,36,0.12162808673869749,0.27326086,0.34880093,0.5843305342995548,0.07873087096447341,0.23283975,0.28255567,0.6864975538609676,0.005
3,37,0.11002670714216063,0.264783,0.3316281,0.5896489045141642,0.15538978742228615,0.3529255,0.39354268,0.7389713517035864,0.005
3,38,0.29319636104574043,0.37209588,0.54161376,0.4251427092720672,0.18933575878920103,0.33823863,0.43396798,0.6503961713809467,0.005
3,39,0.19828893598218048,0.33500615,0.44541687,0.4882543465485187,0.0712259534177267,0.2138137,0.2643274,0.752514652381006,0.005
3,40,0.1521662632082306,0.30652875,0.38986838,0.5411487214123538,0.11376036122803473,0.26568243,0.33959025,0.5725554336779735,0.005
3,41,0.4234950996458826,0.46531227,0.6508585,0.3394183126006826,0.7387326559207091,0.7398199,0.8651864,0.5237316502547362,0.005
3,42,0.1442317920354811,0.27699476,0.37983787,0.5612421713488649,0.04856890396008061,0.17840129,0.22050008,0.693773755721234,0.005
4,1,0.044474073027469495,0.1578375,0.21090524,0.68951698414408,0.02276679131857775,0.11659897,0.15098321,0.8077498692568533,0.0005
4,2,0.02090095426499948,0.11438174,0.14458296,0.8520236412365446,0.01717325986397487,0.10238438,0.13160276,0.8658034375588886,0.0005
4,3,0.0179002715544514,0.10565418,0.13381329,0.8743903448134549,0.01694152585265261,0.10481042,0.13035277,0.8702292355058114,0.0005
4,4,0.015348232073261116,0.09744073,0.12383467,0.8927982423902837,0.01875414795897625,0.10938421,0.13760675,0.8753160478702651,0.0005
4,5,0.015241182694281234,0.09810397,0.123458624,0.8938240951011301,0.014044498835034945,0.093033165,0.119036995,0.8870430273207123,0.0005
4,6,0.012869094149209559,0.08937268,0.11342897,0.9099097861399373,0.013483854390128894,0.09516842,0.11640943,0.893368291480629,0.0005
4,7,0.01366465051754195,0.09228769,0.116910435,0.9043206900545282,0.014194197305995557,0.0947767,0.1197916,0.8907730841007454,0.0005
4,8,0.012935046189808435,0.089333676,0.11373793,0.9099772817158616,0.014163151504126963,0.09340371,0.11920562,0.8911183137981851,0.0005
4,9,0.012418971816948223,0.087376125,0.11142403,0.9132937545391444,0.015230633525384797,0.09668769,0.123211674,0.8949298838373261,0.0005
4,10,0.012234713103748405,0.08804185,0.110582165,0.9150198817648704,0.012143035677986013,0.08720038,0.110168025,0.9058540577711733,0.0005
4,11,0.011566519603420432,0.08438933,0.10755611,0.9193954639459349,0.015945507161733177,0.10137584,0.12682939,0.8995448527268843,0.0005
4,12,0.011305853911070588,0.08442732,0.106318966,0.921367165804368,0.01469346874014095,0.09673071,0.12170385,0.9108466735240986,0.0005
4,13,0.010787960512359043,0.081462234,0.10385514,0.9250117406635543,0.013171099040105386,0.09101942,0.11507127,0.8931921327415141,0.0005
4,14,0.010674525832400491,0.0810427,0.1033305,0.9255941444585769,0.013849652143781659,0.09210588,0.118096985,0.9012117415546909,0.0005
4,15,0.01144627995449597,0.083792105,0.106980346,0.9204505726548797,0.012920102328751926,0.09108886,0.114016995,0.8994568484432574,0.0005
4,16,0.009815079075171151,0.07829692,0.09908354,0.9314948015907258,0.017145159171411285,0.10258673,0.13154781,0.8925358335295854,0.0005
4,17,0.010451067010567429,0.08152353,0.102220766,0.9273405597688187,0.012179317289135523,0.08782186,0.11043636,0.9020802035888378,0.0005
4,18,0.011169822342045362,0.08225381,0.10569092,0.922676037534795,0.012054058723151684,0.08595558,0.10996895,0.9062482811979833,0.0005
4,19,0.01059961641614247,0.08098438,0.102951445,0.9264217764612377,0.017376775870582572,0.106044635,0.13229874,0.8949457322449623,0.0005
4,20,0.010500810027751358,0.080547,0.10246572,0.9269578099903591,0.01261152645262579,0.089710236,0.11229059,0.8997565624790298,0.0005
4,21,0.009572439827568934,0.07606541,0.09783335,0.9336008207929839,0.012151350629412465,0.08849938,0.1102424,0.91021432280133,0.0005
4,22,0.010368134914005227,0.079097524,0.10183449,0.9280291102781589,0.013788254741855242,0.09226505,0.117872566,0.8923641742992385,0.0005
4,23,0.00921643655268458,0.07589214,0.09600864,0.9358529648023336,0.012742547671896991,0.08835548,0.112950474,0.9024706237981139,0.0005
4,24,0.009426871901617393,0.07617503,0.09709017,0.9345476016954813,0.02634094284709405,0.13493888,0.1628257,0.9055602005694556,0.0005
4,25,0.009579234579186365,0.07675713,0.09789564,0.9337004903508203,0.012983284528470702,0.0905819,0.11413294,0.8979669831417986,0.0005
4,26,0.009661707470615647,0.07808933,0.09831983,0.933114070012903,0.013582969325836058,0.09261034,0.11670367,0.891824021176092,0.0005
4,27,0.009366630539015179,0.07690646,0.09676449,0.9349474701685864,0.015705065267091547,0.10015767,0.12568118,0.9072489861124228,0.0005
4,28,0.009382106953465912,0.07661882,0.09686344,0.9349422858665638,0.01151839071125896,0.08678111,0.10772737,0.9103458341088525,0.0005
4,29,0.009922898605696544,0.078149326,0.09963355,0.9311172823142143,0.01147249015910482,0.08632339,0.107443914,0.9111898752495997,0.0005
4,30,0.009266819607435995,0.075908735,0.096259326,0.9357938575974288,0.018042861277030572,0.109148905,0.13463254,0.910327041064541,0.0005
4,31,0.00895565165050119,0.07434223,0.09462614,0.9380257851387529,0.01148746536044335,0.08569714,0.10748681,0.9126026290043323,0.0005
4,32,0.00842545757714276,0.07105906,0.09176748,0.9414810294562344,0.012963536281690554,0.09068592,0.11393898,0.8978337281832725,0.0005
4,33,0.00905124883104342,0.074497886,0.09514182,0.9372535925537808,0.012706585314676718,0.089735664,0.112966344,0.8999179203988088,0.0005
4,34,0.009536624529233602,0.07672069,0.097661406,0.9340932336508156,0.012788753197700889,0.09095829,0.113224216,0.9050801916449228,0.0005
4,35,0.009046017712365104,0.0739589,0.09512568,0.9372145998131269,0.012240066339641257,0.08600193,0.11078769,0.9078591410980079,0.0005
4,36,0.008481524218848653,0.072560884,0.09208281,0.9414078733065212,0.01562392428793289,0.099085115,0.12546374,0.9073847103077155,0.0005
4,37,0.00851861651547288,0.07246498,0.09230959,0.9408951567967102,0.015364406906344273,0.09796996,0.12434734,0.9018780136371298,0.0005
4,38,0.008286190165367814,0.07100892,0.0910166,0.9424654451916403,0.012235706814357804,0.08569571,0.11092887,0.9078925743447874,0.0005
4,39,0.008739854000774256,0.07324874,0.09346868,0.9395014135918514,0.013373508463027301,0.090449706,0.11585716,0.8994801970111301,0.0005
4,40,0.008719194813187574,0.07328537,0.09337262,0.9395912870259028,0.020538575291909552,0.11789762,0.14331192,0.8976824998876067,0.0005
4,41,0.008973116218874005,0.075239204,0.09469049,0.9379228466926497,0.011587568351791965,0.08445824,0.107800394,0.9074337542279839,0.0005
4,42,0.008427550959635838,0.071807526,0.091782495,0.9415423177161981,0.019040211000376277,0.110942915,0.1385351,0.9064691410747936,0.0005
4,43,0.008863971756322954,0.07384538,0.09413624,0.9388048460392969,0.013573937738935152,0.09159986,0.11611059,0.8908939699642537,0.0005
4,44,0.009860344239016647,0.078468405,0.09931181,0.9318665829525301,0.014792582002916822,0.09539823,0.12176498,0.8845218278201645,0.0005
4,45,0.008579907013499396,0.07193941,0.09263828,0.9406327465155313,0.014414391480386257,0.09502868,0.12043871,0.893004199664084,0.0005
4,46,0.00870538662730664,0.0738967,0.09331625,0.9400210857227755,0.016968034725222323,0.10342018,0.13050568,0.891115978247472,0.0005
4,47,0.00830287057101274,0.07189054,0.09113248,0.9423915989884947,0.012295268976164085,0.08869968,0.11118185,0.9107290593471237,0.0005
4,48,0.008549718307026567,0.07271618,0.09237498,0.9409499778127226,0.012842097906050858,0.08866288,0.11305829,0.901233972155507,0.0005
5,1,0.045049463139812104,0.1647992,0.21227916,0.7104028398299057,0.027038827021088865,0.12711616,0.1646764,0.83543996433112,0.001
5,2,0.022794695745143936,0.11775648,0.15100773,0.8434886395342522,0.016104541977660522,0.09762971,0.12718041,0.876610068473634,0.001
5,3,0.02068645764625344,0.113421105,0.14382456,0.860509463913456,0.038501360798599546,0.15828723,0.19733906,0.8139076876888589,0.001
5,4,0.017364979455047332,0.10469825,0.13177845,0.8808670161097241,0.02023001694706855,0.11083313,0.1426608,0.8516174102715706,0.001
5,5,0.016945849212482746,0.103861414,0.13017367,0.8832436881222603,0.015687213417280604,0.09895479,0.1257184,0.8845680830611622,0.001
5,6,0.017528626120161858,0.10517611,0.13237074,0.8811509687554899,0.022721184986746974,0.12229752,0.15124208,0.8711466486861036,0.001
5,7,0.015588380383310195,0.098535344,0.12487232,0.8941382400572728,0.017756204379515514,0.10380153,0.13379595,0.8720301885342604,0.001
5,8,0.015932631015747125,0.099130586,0.12619233,0.8919403591694341,0.017420753103646415,0.09912181,0.13208851,0.8679400879101798,0.001
5,9,0.015432070305344657,0.0986762,0.1242247,0.8942225196211558,0.02186942821437562,0.11651322,0.14808369,0.8883457596095163,0.001
5,10,0.013068953641063629,0.09113214,0.11432808,0.9107771295072877,0.017555501484484586,0.1025989,0.13292399,0.8568969219463415,0.001
5,11,0.013376810053737712,0.09054289,0.115680076,0.9083736351782395,0.016184170187140506,0.09673972,0.12778188,0.8688975563067125,0.001
5,12,0.016075176863591667,0.10188765,0.12681349,0.8915954309595339,0.018029925585896882,0.108304374,0.13475408,0.8752257538692011,0.001
5,13,0.012690826325142042,0.088319466,0.112656616,0.9132069365331035,0.019559408365576354,0.11300486,0.14034049,0.8885604928219623,0.001
5,14,0.013350379947033301,0.091000564,0.11555553,0.9083010003463002,0.021123859923574382,0.11523745,0.14549604,0.8579560789547901,0.001
5,15,0.013955780251656667,0.0934502,0.118109055,0.9056388188957644,0.01436418286283259,0.094187126,0.12013042,0.8894902223986009,0.001
5,16,0.013395146173033341,0.091446094,0.11575125,0.9086636607054677,0.014738130590154065,0.092680395,0.121897064,0.8869203001092195,0.001
5,17,0.013357654699150508,0.092508286,0.11555651,0.9087059772036897,0.01327562067416255,0.090510316,0.115330234,0.8929475730694021,0.001
5,18,0.01853030714125886,0.10768282,0.13611442,0.8786536793956706,0.039196313876244754,0.16683625,0.19670115,0.877511940600598,0.001
5,19,0.013812117648221744,0.09312376,0.1175058,0.906067478631016,0.026581245698724634,0.1278299,0.16245462,0.8266076085319741,0.001
5,20,0.012542126296636449,0.08892015,0.11194002,0.9144996786987128,0.016977344294665037,0.10533076,0.13057424,0.8794597516169108,0.001
5,21,0.012297636814628702,0.087754555,0.11089957,0.9160617856251857,0.013137194086556081,0.091266856,0.11492087,0.8932508298583395,0.001
5,22,0.011744954546578402,0.08428086,0.108327754,0.9199182732943862,0.014507842224298252,0.09227093,0.1203864,0.8912504420884588,0.001
5,23,0.012821887893967819,0.089356616,0.113202885,0.9127424816093119,0.017284796073066967,0.10254358,0.13191935,0.8704849862248444,0.001
5,24,0.013646101127008725,0.092144854,0.116839275,0.9079229097377658,0.015219825397556027,0.09529201,0.12365088,0.8813093114478284,0.001
5,25,0.01309013846613223,0.090319976,0.114441596,0.9119486989973848,0.017044837534841564,0.10121894,0.13102151,0.8626924241693855,0.001
5,26,0.014140788435274474,0.09405648,0.118929036,0.9050467532971479,0.026335873511723347,0.12758474,0.16306883,0.8363560595545992,0.001
5,27,0.011070896013096958,0.08333872,0.10524191,0.9238557819521144,0.014192527858540416,0.09326507,0.11930084,0.8958247959685847,0.001
5,28,0.014530182601209451,0.09634224,0.1205381,0.9024780792839252,0.017841593793558853,0.108263165,0.1340948,0.85519115149599,0.001
5,29,0.011650188859208339,0.08522411,0.107955195,0.920561945340721,0.013758730350269211,0.0904359,0.117592014,0.8890704535801619,0.001
5,30,0.011491210660657837,0.08371989,0.10717822,0.9218187396041938,0.014874126770775075,0.09125313,0.12220441,0.8793310300043885,0.001
5,31,0.012406780001507184,0.088682085,0.11140053,0.9158608874945386,0.015716392693489237,0.09646288,0.12547196,0.8766778905298386,0.001
5,32,0.01281054686237057,0.08939392,0.11318731,0.9130454741765015,0.015448884874651278,0.09365456,0.12435181,0.8864151517703026,0.001
5,33,0.011345979001995386,0.08336874,0.10652803,0.9227777752235247,0.025104072246769513,0.120683365,0.15846837,0.8235888780553927,0.001
5,34,0.011562436056392981,0.08549188,0.107535705,0.92152692013456,0.018306027839167252,0.10622005,0.1355719,0.8860028295800858,0.001
5,35,0.012678331365834957,0.089398876,0.11262112,0.9141777201705443,0.014787624607345572,0.09433117,0.12150672,0.8939931202491261,0.001
5,36,0.011602198848692334,0.085547745,0.10770716,0.9216205259292395,0.015976071262870123,0.09947224,0.12684533,0.875004234862077,0.001
5,37,0.01096099937469568,0.0820653,0.104695566,0.9248568856149258,0.019149002964021982,0.10699137,0.13842805,0.8729882401882121,0.001
5,38,0.01058401175063086,0.08006089,0.10289681,0.9276242366325362,0.017735742765513283,0.10309008,0.13324307,0.8824650066446168,0.001
5,39,0.011199639729337296,0.082751915,0.105838224,0.9238588941964457,0.01774792795724891,0.10283577,0.13347465,0.8707158880723814,0.001
5,40,0.014533928038974546,0.0956489,0.120548286,0.9034950790005218,0.021584743840826884,0.119587004,0.14735505,0.8563258029836892,0.001
6,1,0.044653005208210826,0.16259578,0.21133213,0.7271847776877569,0.04328383784741163,0.16775896,0.20830472,0.7480954535753586,0.002
6,2,0.028830856509141137,0.13431442,0.16980453,0.8168980153903274,0.0245503110949088,0.122686915,0.15687002,0.8252548795394745,0.002
6,3,0.04334286267642872,0.16614917,0.20822607,0.759816884362509,0.03972783791660159,0.1615481,0.19953553,0.7921358532347685,0.002
6,4,0.023987561156407485,0.12373176,0.15486917,0.8446931660210247,0.02465370787238633,0.12625276,0.15744041,0.7969506423877885,0.002
6,5,0.023697102068113946,0.12126723,0.1539624,0.8463300597726306,0.019888622203358897,0.10721375,0.14112142,0.8454902556189976,0.002
6,6,0.026468852719849098,0.12937424,0.16268235,0.8342939100313204,0.06602085657693722,0.2203348,0.25652862,0.8544280653730792,0.002
6,7,0.02230229295211383,0.1181746,0.14937432,0.8567779784368199,0.019195499709220947,0.106883645,0.1390042,0.8424476407183572,0.002
6,8,0.020071113198151306,0.111962125,0.14167811,0.8686493803200995,0.04008007235825062,0.16194044,0.20011912,0.7768218060724573,0.002
6,9,0.01967691878622798,0.11091825,0.14018619,0.8710928425869604,0.08313541459264578,0.25424922,0.2879193,0.843796327140091,0.002
6,10,0.04431103715002885,0.16295451,0.21053794,0.7665126222374361,0.01965221923051609,0.109314054,0.1398914,0.8410408310176674,0.002
6,11,0.02103942303557088,0.110633105,0.14506626,0.8651996512825212,0.01810080639983493,0.10418676,0.13520166,0.8658998996129452,0.002
6,12,0.018306022333677546,0.10709198,0.13526347,0.8801466160992579,0.024599348815778892,0.12488729,0.1572497,0.853854228796386,0.002
6,13,0.027180216853968174,0.12831606,0.1648733,0.8379745461851463,0.01857825902428616,0.10719867,0.13707979,0.8782832541102926,0.002
6,14,0.020971230652279037,0.11431807,0.14470588,0.8635836678635935,0.07993943547760998,0.24480157,0.28177616,0.8248683333355411,0.002
6,15,0.02081142320236731,0.11349693,0.14426991,0.8672441742002419,0.01905432133935392,0.108885825,0.13851756,0.8494127919441867,0.002
6,16,0.02123452312199869,0.11472342,0.14573179,0.8644192441057474,0.018885672178671317,0.11060235,0.13796513,0.8809239551431647,0.002
6,17,0.026965840769687964,0.12978347,0.1642477,0.8343616623314103,0.022395502301622874,0.115476005,0.15026303,0.8217185695899605,0.002
6,18,0.03449288742055368,0.14791045,0.18574695,0.8018142884751094,0.02367109683756199,0.119673826,0.15453641,0.8296105537780137,0.002
6,19,0.01634005021312596,0.10132516,0.12779866,0.8916497200966541,0.022609640188791132,0.11875067,0.15062918,0.8436919640307455,0.002
6,20,0.01834108585396033,0.1066637,0.1354326,0.8814971091710054,0.01708822516310546,0.10231855,0.13106927,0.8662648361313295,0.002
6,21,0.026404755529468863,0.1262315,0.16239162,0.8388082093722368,0.043474182279573545,0.17077965,0.20848016,0.7776208460382005,0.002
6,22,0.031085518245350257,0.14010347,0.17632556,0.8188669625641948,0.02934767517985569,0.14004168,0.17154184,0.8651984980411493,0.002
6,23,0.018359207070571867,0.10726101,0.13550238,0.8816279384987753,0.040843686192399926,0.16628623,0.20124015,0.7738442684446228,0.002
6,24,0.022145752931039816,0.11716028,0.148855,0.8606978421158628,0.017204964477396396,0.10293412,0.13106634,0.8917680572607204,0.002
6,25,0.03435447762250274,0.14487039,0.18538544,0.8052130524919795,0.019707928290935577,0.109059975,0.14054647,0.85585554013206,0.002
6,26,0.022415963720713056,0.118879326,0.14968845,0.8597224038530397,0.05027282117279591,0.1868486,0.22522676,0.8257304071430306,0.002
6,27,0.021795545443544322,0.11297491,0.14766337,0.8617079236494327,0.017197585388742113,0.10331067,0.13113882,0.8699376680835569,0.002
6,28,0.02062110039383765,0.11391546,0.14360136,0.8697620355529033,0.02225630342339476,0.11962211,0.14899576,0.8671673525619321,0.002
6,29,0.01873660524306105,0.10906048,0.13690491,0.8798012252896312,0.01929642032417986,0.10809325,0.13945638,0.8711693794251971,0.002
6,30,0.01927049015322265,0.11026686,0.13873905,0.8771496236384367,0.021745686212347612,0.117043935,0.14797075,0.8240781642520506,0.002
6,31,0.03503053805085821,0.146937,0.18719631,0.8011450062064304,0.016707577337338415,0.09792411,0.12908958,0.8669590043670435,0.002
6,32,0.021336626911004918,0.11538602,0.1460493,0.8653036697240226,0.019291126307238032,0.10696429,0.13873771,0.847587145193292,0.002
6,33,0.019838485740033787,0.10898514,0.14079459,0.8734254121049619,0.031959330654461625,0.13947213,0.17928945,0.7700941121309071,0.002
6,34,0.01678227551475115,0.10203534,0.12952293,0.8915264348549718,0.04777638027789416,0.16974974,0.21975867,0.7926159272069282,0.002
6,35,0.017100513966049058,0.10239149,0.13076301,0.889626889215895,0.018840119173681294,0.110885054,0.13766603,0.8521185250207377,0.002
6,36,0.02485835070615182,0.12073011,0.157664,0.8466165598835876,0.02659294033354079,0.13134457,0.16371728,0.8542885787594386,0.002
6,37,0.019079868797056167,0.108299285,0.13814524,0.8779659499809808,0.028560063405031408,0.13863038,0.16891783,0.8025605509119178,0.002
6,38,0.01475871214262323,0.0955726,0.1215069,0.902087130462729,0.017945771122834197,0.10542828,0.13418727,0.8947439850346373,0.002
6,39,0.02826247051375631,0.13406117,0.16809887,0.8348540964610554,0.03088189073389879,0.1408413,0.17633952,0.7760502380220196,0.002
6,40,0.01969050532032814,0.11099809,0.14032112,0.8750789331622446,0.02915577467151538,0.13166218,0.171499,0.8118468680606641,0.002
6,41,0.021639007697465056,0.11601574,0.14705041,0.8633983816583148,0.027716829639825004,0.12891996,0.16711184,0.8279488932229861,0.002
6,42,0.02057339375181489,0.11373661,0.14342834,0.8692251966146901,0.02823181981565776,0.13346235,0.16842937,0.8396358975630562,0.002
6,43,0.016810573268111657,0.10230823,0.12960328,0.8917551129414694,0.031051057968633593,0.13873388,0.1766178,0.8129589156766984,0.002
6,44,0.018436608325785774,0.106552295,0.1357142,0.8816745098022478,0.0293641635734174,0.1313573,0.17132641,0.8200469055247176,0.002
6,45,0.024153326057054312,0.121322535,0.15543224,0.851623779198655,0.024238517214716586,0.12564342,0.15605454,0.8139320775435284,0.002
6,46,0.02438603303499659,0.12312544,0.15618953,0.8519644310133953,0.01903138109655292,0.11243315,0.13828039,0.8422881075117447,0.002
6,47,0.020403532733461845,0.11358771,0.14284496,0.8717864966205269,0.02244415920641687,0.122465104,0.15053378,0.8464298837862253,0.002
6,48,0.017391957984540924,0.10478599,0.13185418,0.888080092055103,0.020234456303081027,0.11084295,0.14279942,0.8457711177986067,0.002
6,49,0.026027872730873387,0.1258344,0.1612181,0.8459016416068054,0.14152489906107937,0.31097823,0.37701052,0.4732345111036475,0.002
6,50,0.023368726189631237,0.120343775,0.15289217,0.8537212560729586,0.025623465663994902,0.12901805,0.16044705,0.868696554330243,0.002
7,1,0.13285754349248083,0.2582459,0.3645542,0.4944069421708623,0.07599223908726815,0.20990516,0.27231634,0.5001430052832416,0.005
7,2,0.06066176785312802,0.1944332,0.24629618,0.6946954749239851,0.04744674965601276,0.17415151,0.21841027,0.6447836619652122,0.005
7,3,0.14106950904112134,0.27217376,0.37565973,0.5398725179943716,0.057276659507166455,0.19322586,0.23943056,0.7216700919684563,0.005
7,4,0.04222272203747775,0.16444348,0.20543562,0.7599921227127918,0.03748758426970906,0.15719518,0.19335923,0.7114829390211707,0.005
7,5,0.10315475612443602,0.24927525,0.32098618,0.6015222335001212,0.20205653362252093,0.36964208,0.45012417,0.5817318250823417,0.005
7,6,0.1513205028757035,0.298613,0.3890371,0.5303932304365887,0.2753633052386619,0.46515632,0.52274877,0.7950745517834694,0.005
7,7,0.07261460435916191,0.21019512,0.26953337,0.6683254878753657,0.10311313573684958,0.2902775,0.32159594,0.7215497443926938,0.005
7,8,0.061642379338948804,0.19768177,0.24817032,0.7069428198184058,0.07816640777444397,0.22516431,0.28101966,0.6478519230803237,0.005
7,9,0.05549755388714164,0.18174443,0.23547032,0.7238855733478889,0.06496637742276545,0.20313485,0.25552407,0.6837618177222842,0.005
7,10,0.2906122285824826,0.4103687,0.5391271,0.4228742052721404,0.07267170137277355,0.2252223,0.27002594,0.647911874135374,0.005
7,11,0.045821424671579326,0.16540925,0.2141067,0.7551796586252943,0.022861235249028715,0.11829186,0.15111536,0.8357413512752336,0.005
7,12,0.03901189655091648,0.15625988,0.19754429,0.781402305620425,0.046012609334731544,0.16827813,0.21416211,0.7967110923754797,0.005
7,13,0.047659876184085403,0.17289022,0.21827377,0.7522621898229278,0.15221602807718296,0.32812542,0.39130086,0.7500885812018838,0.005
7,14,0.05864275108901001,0.19182551,0.24219222,0.7126670322830153,0.09136446317036946,0.24332902,0.3015044,0.7573392192053999,0.005
7,15,0.11966261410842015,0.27023223,0.34586173,0.5845978528719231,0.12226650850088508,0.29090005,0.35017708,0.7458395770864018,0.005
7,16,0.10031740121525999,0.24183945,0.31678823,0.6146559596791745,0.04940135790793984,0.17858504,0.22249308,0.7559804244397009,0.005
7,17,0.0592445365852833,0.19287524,0.24345696,0.7168132190843354,0.06413315869522868,0.19733,0.25420505,0.7117673517798327,0.005
7,18,0.07685092594213436,0.21059038,0.27702504,0.6708950379791316,0.16216419009422814,0.31204194,0.4034763,0.5498829600222858,0.005
7,19,0.16883132936624445,0.31734025,0.4109744,0.5163068271492882,0.08598043438461092,0.23146583,0.2926132,0.7601039552680539,0.005
7,20,0.11819116317527804,0.26282108,0.3435738,0.5911916015191762,0.30520234615714464,0.46576387,0.5469247,0.6664596165129822,0.005
7,21,0.09621005537528023,0.24215074,0.31001776,0.6172194871871332,0.23184786143678207,0.42064363,0.48258084,0.5651492398161585,0.005
7,22,0.10114151145827686,0.25095537,0.31806752,0.6238124979498718,0.16005760514073902,0.35180163,0.39903742,0.7803486470896785,0.005
7,23,0.043402788773283504,0.16163664,0.20835014,0.7682072597991592,0.045889300673648166,0.17757745,0.21435978,0.6821262916693596,0.005
7,24,0.06117024586240056,0.19359872,0.2473166,0.7084039264790668,0.06604896803145055,0.20214869,0.25767347,0.7098268025561212,0.005
7,25,0.04712328903820957,0.1716477,0.21706098,0.7591086547988116,0.06296447968041455,0.19724241,0.249371,0.610293583348833,0.005
7,26,0.06437473333980366,0.19355586,0.2536559,0.7029640183898301,0.1606877173676535,0.33363727,0.40136328,0.47457009629752256,0.005
7,27,0.24834615986132733,0.3988721,0.49842164,0.44988204981620467,0.08675800539829114,0.23757394,0.291779,0.5455985352481453,0.005
7,28,0.051673724211613155,0.17939213,0.22730698,0.746889512476093,0.20807058529721367,0.41796523,0.45464274,0.6953851711210968,0.005
7,29,0.1253603926520342,0.27626583,0.35410017,0.5702543798928619,0.3767221382370702,0.54254156,0.6150235,0.7638549484842202,0.005
7,30,0.0685975507084524,0.19554842,0.26184162,0.6914826191847782,0.046387374539066245,0.17831858,0.21559682,0.8376712689361361,0.005
8,1,0.11810584240984694,0.24342085,0.34373325,0.4041629197115002,0.031876049669725556,0.14027327,0.17599839,0.7485943271468408,0.0005
8,2,0.028682428803817134,0.13218462,0.16937463,0.7953472653342303,0.025890872414622988,0.12356657,0.15716697,0.8059104741896953,0.0005
8,3,0.02179606024732935,0.11482329,0.1476245,0.844919245060621,0.019796016426490887,0.10783001,0.1392061,0.840859259376668,0.0005
8,4,0.017987766268306248,0.10500525,0.13411619,0.8720847708484789,0.01982006916244115,0.10893854,0.13931604,0.8440912529658824,0.0005
8,5,0.016711243215043133,0.10083568,0.12925234,0.8816913967375216,0.016603733146829263,0.101104215,0.12813327,0.8675369299192135,0.0005
8,6,0.015536436036438029,0.0975296,0.124640435,0.8904193510610928,0.016610165060098683,0.10228364,0.12855545,0.8698946475880289,0.0005
8,7,0.014728677839858928,0.095417246,0.121368654,0.8962786032526769,0.016872694117150137,0.10231683,0.12994947,0.8736251319067675,0.0005
8,8,0.013772879674961077,0.09115688,0.117360644,0.9033887469120803,0.014464875284050192,0.09558981,0.12068812,0.8818238395240825,0.0005
8,9,0.012522489916115442,0.08793174,0.11189167,0.911567768516754,0.014385950418987445,0.093865,0.12026959,0.8897212457285788,0.0005
8,10,0.013865416582290815,0.09225573,0.11775604,0.9029172893988616,0.01652744399117572,0.10355973,0.12899257,0.886083153135081,0.0005
8,11,0.011809985847517012,0.08476963,0.10868558,0.9170399990788074,0.013697311681296145,0.09215271,0.11822078,0.887482712501712,0.0005
8,12,0.011890492552160242,0.084967054,0.10905786,0.9164445892074368,0.01294966900189008,0.08984047,0.11431496,0.9002544179657408,0.0005
8,13,0.011679199693950816,0.08514481,0.108077705,0.918290134414316,0.0162865085793393,0.101846576,0.1285385,0.8839546669292755,0.0005
8,14,0.011212998822714402,0.0830214,0.10589757,0.9212417370531849,0.014434573506670339,0.09533482,0.12083973,0.8966979651905647,0.0005
8,15,0.011227203084800009,0.08302057,0.105961986,0.9212190229009084,0.013566981402358838,0.09208582,0.11674647,0.9011049576189879,0.0005
8,16,0.011241073419870896,0.08301601,0.10602932,0.9211164403157742,0.012539365727986609,0.08813216,0.11292962,0.8971667545233025,0.0005
8,17,0.01230831042793797,0.087873265,0.11096404,0.913993685871245,0.011857681009652359,0.08508675,0.10972245,0.9030649291732447,0.0005
8,18,0.01024430652941081,0.07914462,0.10121616,0.9283740062870961,0.013829965576795595,0.092601866,0.11868018,0.8978618164926216,0.0005
8,19,0.01052267647731318,0.08021382,0.10258546,0.9264408920915335,0.01247038968306567,0.08703564,0.112065904,0.9003087318977571,0.0005
8,20,0.00968885884150236,0.07764103,0.09842766,0.9322053127177491,0.012427696658830558,0.08759913,0.11248526,0.9018376545230194,0.0005
8,21,0.010575355024068294,0.07970997,0.10283851,0.9260733704781752,0.012445151938923768,0.0897584,0.112522006,0.8983033566844592,0.0005
8,22,0.00942425456150461,0.075298265,0.09704302,0.9340942570107863,0.01444201437490327,0.0942714,0.12089465,0.8950212192336279,0.0005
8,23,0.00987581547053757,0.077759564,0.099380985,0.9311443940198708,0.012653056199529342,0.08653513,0.11297131,0.8984605744727677,0.0005
8,24,0.010274931816732355,0.07898397,0.10137574,0.9281950375834325,0.01906858670658299,0.11261312,0.1381619,0.9003631559586597,0.0005
8,25,0.010154403030228253,0.07873733,0.100768834,0.9291768579632865,0.016989697036998614,0.10278149,0.13017376,0.8898539511303243,0.0005
8,26,0.01002190181894106,0.078733675,0.100108966,0.9300459701615992,0.013372717308811843,0.092063986,0.116225354,0.8918778264255142,0.0005
8,27,0.009046373999825566,0.07431827,0.09512967,0.9368309486958086,0.014844326635024377,0.09671547,0.12269374,0.9049559422943189,0.0005
8,28,0.009356355540471796,0.075654306,0.096732296,0.9346773396526283,0.015218195971101522,0.0984732,0.123978995,0.9000378405401025,0.0005
8,29,0.01044496589244526,0.08019693,0.10219859,0.9270847254083372,0.012956371314690582,0.08742477,0.11477006,0.8979644302549029,0.0005
8,30,0.009310781020044444,0.07486835,0.096489124,0.9351516190682319,0.012412855002496923,0.08851828,0.11232825,0.9045365909592149,0.0005
8,31,0.009066794113316965,0.07495981,0.09523218,0.9369035033417642,0.01134633060012545,0.08428057,0.107380934,0.9084583138153643,0.0005
8,32,0.008812266615193302,0.07344592,0.09387737,0.938416915612515,0.011308197231431092,0.084219724,0.107099004,0.9087699447998514,0.0005
8,33,0.008659604825862796,0.07289284,0.09305705,0.9396685620666619,0.012172016481469785,0.08762797,0.11130676,0.9008357469098709,0.0005
8,34,0.009220184666914082,0.07481696,0.09601817,0.9356770824346435,0.012166775995865464,0.08660898,0.111026056,0.9027251621586342,0.0005
8,35,0.008265428873927934,0.070366636,0.09091312,0.9424059098827554,0.012099455875743712,0.089560546,0.11115057,0.9034478861260727,0.0005
8,36,0.00909384719975223,0.07492476,0.09535655,0.936781635893548,0.01169096096418798,0.08277015,0.10888634,0.9065690070356907,0.0005
8,37,0.008990260630967879,0.075105615,0.09482424,0.9374750480232783,0.011729312062795674,0.0855811,0.10873781,0.9048686753771413,0.0005
8,38,0.008507468472191386,0.072255395,0.092238024,0.9407739091117531,0.011752520122432284,0.08389208,0.10901766,0.9044934909431894,0.0005
8,39,0.007972460017086956,0.06900121,0.0892837,0.9444271927420768,0.01275329228623637,0.08917128,0.113928325,0.90105034443644,0.0005
8,40,0.008244049519944553,0.069460295,0.09077955,0.9425572803636358,0.01421189630803253,0.09462385,0.119942434,0.9044738272171577,0.0005
8,41,0.008940921557814788,0.074810356,0.09455687,0.937678025992204,0.01267337113884943,0.08743007,0.11343466,0.9066147772143467,0.0005
8,42,0.008026442575381598,0.07018563,0.08959382,0.9440392504391114,0.013240679300257139,0.0919241,0.116152614,0.8990519918596158,0.0005
8,43,0.007941793291350809,0.06976172,0.08910738,0.9448094844657212,0.011762659863701888,0.084808655,0.109400496,0.9054583301260944,0.0005
8,44,0.008591981320728975,0.07188388,0.09270436,0.9402067070695549,0.013407677012894834,0.09076899,0.116139695,0.8952974628228679,0.0005
8,45,0.008140572009468886,0.0705812,0.09023998,0.9433013046864862,0.012246750494731324,0.08709801,0.111298345,0.900007909315289,0.0005
8,46,0.008403678476880087,0.07197659,0.09168495,0.9415821606777782,0.012022292640592371,0.08375586,0.10982961,0.9051488513237917,0.0005
8,47,0.00794675167884991,0.06893781,0.0891584,0.9447251146946196,0.01199060508848301,0.08781017,0.110345125,0.9052184006378428,0.0005
8,48,0.008193943518971172,0.07046454,0.09051325,0.9429041733765389,0.014322388651115554,0.095267765,0.12009894,0.9081915854020066,0.0005
8,49,0.008892016326486368,0.07400437,0.09428515,0.9384575751784581,0.014057207486725279,0.09478893,0.119480014,0.9042129550974664,0.0005
8,50,0.009607298269206397,0.07700705,0.09803929,0.9334001434908081,0.012132685764559678,0.08579157,0.11040045,0.9043535711360664,0.0005
8,51,0.008812941369278548,0.07332268,0.09386318,0.9387775794960116,0.01556301852022963,0.10108525,0.1260078,0.9049106946841199,0.0005
8,52,0.008855780547432532,0.07385255,0.09411267,0.9384082795481917,0.010927867011300154,0.08191042,0.10538231,0.910882240911429,0.0005
8,53,0.007949596085959923,0.06878835,0.089173265,0.9448131981313964,0.017030170187354088,0.10495296,0.13086446,0.9072379466264471,0.0005
8,54,0.007398833296583774,0.06712894,0.086011484,0.9485389874695846,0.012703503182690059,0.087198526,0.11358255,0.903987558667036,0.0005
8,55,0.007610489805794765,0.06832577,0.08724974,0.9471119824550228,0.011589423986151814,0.083746344,0.10816805,0.9096011896928256,0.0005
8,56,0.007568593095622469,0.067830406,0.087000236,0.9473087772207914,0.013149830296502582,0.09210564,0.11582285,0.8965363740925165,0.0005
8,57,0.008647316496679994,0.07306425,0.09298062,0.939930847547863,0.01173128526923912,0.08533417,0.10916024,0.9069173115754003,0.0005
8,58,0.007859373217117842,0.07029315,0.08865543,0.9454992842615899,0.012688207639647382,0.08793689,0.11296288,0.9057870278194279,0.0005
8,59,0.008097571566718344,0.07046383,0.089974456,0.9437721798985281,0.014740852772125177,0.09657739,0.121272266,0.8971219207839346,0.0005
8,60,0.007567310272759506,0.06779276,0.086995825,0.9473611456884652,0.014064540820462363,0.09521494,0.118823335,0.9071224825299024,0.0005
8,61,0.0070461793802678585,0.06538648,0.08395212,0.95101864368863,0.011282510024362378,0.084260054,0.10706819,0.9122802503916069,0.0005
8,62,0.00782947307539599,0.06954525,0.08848028,0.9455106603642393,0.011277538258582354,0.0815882,0.106777824,0.9098821765997573,0.0005
8,63,0.007728635989538629,0.06820198,0.08791716,0.9463416145813685,0.011182209310520972,0.081367835,0.106393635,0.9096517908274755,0.0005
8,64,0.007501363184163782,0.067756176,0.08661867,0.9478802378226902,0.01249132097499179,0.087548286,0.11213726,0.9095578144998064,0.0005
8,65,0.00755417210955138,0.068462364,0.08691538,0.9476110808111126,0.011284920353708523,0.08499643,0.10708292,0.9103355348572193,0.0005
8,66,0.0071639166753216885,0.06574785,0.08464396,0.9502489245469705,0.012082517047279648,0.086845055,0.110871606,0.9066985033549413,0.0005
8,67,0.006938519128206595,0.06446728,0.08326771,0.9519000893552859,0.018938131497374604,0.111707605,0.1377322,0.9051536849753573,0.0005
8,68,0.007832870750130963,0.06867334,0.08849894,0.9455779980372653,0.01357094946849559,0.093146905,0.11713786,0.9099165423475163,0.0005
8,69,0.007343650865150947,0.0671237,0.085696794,0.9489992183851816,0.011572369341073292,0.086398974,0.108365126,0.9064096186144889,0.0005
8,70,0.007294321537157086,0.06696783,0.08540134,0.9493514314018482,0.01261571339065475,0.08833153,0.113016605,0.9072844073392743,0.0005
8,71,0.007432533397609107,0.067401975,0.086215906,0.9483630388369939,0.012345684725525123,0.08825817,0.11203505,0.9075548636576268,0.0005
9,1,0.04893403838466957,0.1660698,0.22124515,0.678426261845619,0.026808302649962052,0.12899755,0.16412641,0.7713362933628946,0.001
9,2,0.02276470057805565,0.118374325,0.15090694,0.8400197109857291,0.026569690089672804,0.1337218,0.16493332,0.8540131391304433,0.001
9,3,0.022223204609319987,0.1172541,0.14908053,0.8478315114705517,0.017659650849444524,0.10623296,0.13394924,0.862220950424768,0.001
9,4,0.016702476066371826,0.10131921,0.12925126,0.8833170223707255,0.01595831323148949,0.10117614,0.12735152,0.8682065060995933,0.001
9,5,0.013812545569456904,0.09146882,0.11751967,0.9033636383862594,0.02461892506107688,0.1288736,0.15626837,0.8757578348104815,0.001
9,6,0.012654030042761397,0.0876496,0.11247458,0.9117215779203802,0.01588324597105384,0.10284828,0.12649795,0.8758506929044474,0.001
9,7,0.014570933662215683,0.09580374,0.120711766,0.8986774316911589,0.015628336496385082,0.10098589,0.12668544,0.8776979419054591,0.001
9,8,0.012930684509713238,0.08969423,0.11370732,0.9099198655547377,0.014393180508964829,0.09881765,0.121461086,0.8885673276699859,0.001
9,9,0.013643928246450759,0.09103408,0.116797194,0.9054287373657774,0.02517455510262932,0.13031022,0.16079496,0.8796255286476048,0.001
9,10,0.012111123655618073,0.08728162,0.11004912,0.9163466415771255,0.014970329191003526,0.09845234,0.122928284,0.884861540887124,0.001
9,11,0.01108565659775773,0.08229699,0.10529423,0.9228756302454781,0.01449544308707118,0.09881631,0.121386856,0.8869975675846965,0.001
9,12,0.011635719402475613,0.08520221,0.10788022,0.919427914087484,0.012569260284570711,0.08922219,0.113121726,0.89775247513215,0.001
9,13,0.013469489054127691,0.09168591,0.11607614,0.9077771832951242,0.01479399240841823,0.09648093,0.12277147,0.877365811998518,0.001
9,14,0.011002996431611409,0.08262896,0.10489806,0.9233425949008821,0.01370152851034488,0.09029899,0.11794802,0.8925997550707562,0.001
9,15,0.011154629929844185,0.082860574,0.10561279,0.9229190016781886,0.014387799826051508,0.09732246,0.121152826,0.8857933884542651,0.001
9,16,0.015776138291389585,0.0982972,0.12560776,0.8928456250568091,0.015383089526689478,0.09681694,0.12552704,0.8922687854960506,0.001
9,17,0.011777137802200062,0.08664469,0.108530894,0.9189603688282618,0.01313119228663189,0.09086351,0.115531005,0.8928571103707322,0.001
9,18,0.010419201373479495,0.07958892,0.10207035,0.9276583940799233,0.013476270650114332,0.09158583,0.11690723,0.8897640703278996,0.001
9,19,0.01042423626216494,0.0805039,0.10210254,0.9274283294734834,0.013362067485494273,0.091438666,0.11589349,0.8998334400559722,0.001
9,20,0.010041288724691372,0.07801684,0.100203216,0.9303583349021843,0.013103840772860817,0.09141872,0.116140164,0.8945005132593652,0.001
9,21,0.012094122675360641,0.08592473,0.10997681,0.9170437443233298,0.015936826788155094,0.10129324,0.12744083,0.8877693980498099,0.001
9,22,0.010814794639525848,0.08153186,0.10393064,0.9254294379198315,0.015678328262375935,0.097094394,0.12595747,0.8847181236396727,0.001
9,23,0.010171193627327263,0.07873512,0.100864805,0.9295191834744315,0.012728349106120211,0.08726138,0.113853045,0.896830545636525,0.001
9,24,0.01137317666592442,0.08342599,0.10664456,0.9217144586110861,0.01447149459272623,0.0955128,0.121358566,0.8934108480037004,0.001
9,25,0.009349754045360556,0.07606288,0.09670817,0.9353844881348842,0.019373964426839457,0.10825638,0.14021114,0.868629388749506,0.001
9,26,0.010149996560153978,0.07916065,0.10074489,0.9297045928635217,0.014171443929496621,0.09373709,0.120052524,0.8944441327213146,0.001
9,27,0.009839310495739925,0.07820855,0.099196844,0.9318551324567493,0.014436288603714533,0.09802076,0.121867366,0.8918280493195345,0.001
9,28,0.011784795702165254,0.08598899,0.10856912,0.9195639562325748,0.016622419602104595,0.10194859,0.13017426,0.8753095984877651,0.001
9,29,0.010072395869173875,0.07862542,0.10036359,0.9302358164360952,0.019698012586949126,0.11365364,0.14233801,0.8938410211802428,0.001
9,30,0.00987029246002366,0.07888222,0.09932364,0.9321720182434796,0.0147346006706357,0.096065044,0.122869074,0.8891036423331217,0.001
9,31,0.009443899877717562,0.07666581,0.09718448,0.9348711548535649,0.011650017462670803,0.084288254,0.10865743,0.9051200407226407,0.001
9,32,0.008967322662960147,0.07493767,0.09470075,0.9376917845616095,0.011618585092946887,0.084519275,0.108621635,0.9051152885471874,0.001
9,33,0.009696214823226365,0.07739012,0.09847241,0.932760558419117,0.026658610507313694,0.13528162,0.16503644,0.8942896976376833,0.001
9,34,0.010284871039215788,0.080094695,0.1014066,0.929672965345337,0.022469902810241495,0.12439298,0.1521589,0.8913218588973472,0.001
9,35,0.008862236754046144,0.07379938,0.09414205,0.9384322315854322,0.011918110340567572,0.08606858,0.11047705,0.9043526460167834,0.001
9,36,0.009188382729679067,0.07629698,0.09584554,0.9367325050139211,0.012404300305726272,0.08566204,0.11196494,0.908125446734936,0.001
9,37,0.009786695505222567,0.077940434,0.09894304,0.9326274469222953,0.01618752335863454,0.10163836,0.12858851,0.9028113512123812,0.001
9,38,0.010142450518993157,0.0797072,0.100712754,0.9302146358610645,0.02936706811721836,0.13901745,0.17038862,0.878381220837959,0.001
9,39,0.011670844705566485,0.08440281,0.10801473,0.9204725467138223,0.015319062496668525,0.097295366,0.1249899,0.8793870065490197,0.001
9,40,0.009437693776910968,0.076264106,0.09712815,0.9348361356274459,0.012472288716318352,0.090664275,0.112702236,0.897608878180731,0.001
9,41,0.009422595582240931,0.07683248,0.09706639,0.9349787711305788,0.012378074029194457,0.08427984,0.11161497,0.9018679359720825,0.001
9,42,0.010022104643807511,0.0788493,0.10011234,0.9306154388823963,0.021035287329660996,0.118437484,0.14657435,0.8962849585119687,0.001
9,43,0.008819642278722653,0.07344168,0.093918666,0.93940749999444,0.01266284439978855,0.08613543,0.11346175,0.9005216546435576,0.001
9,44,0.010262452501142137,0.08045411,0.10131184,0.9291398310048982,0.01703402217078422,0.10361601,0.1305438,0.8738899268161834,0.001
9,45,0.009164652710989396,0.07449424,0.09574504,0.9367677249129125,0.013036557140627078,0.089631826,0.11483953,0.895347421728212,0.001
9,46,0.009736799552305558,0.078444,0.098689355,0.9332153733264401,0.014215411718136497,0.09228994,0.11924967,0.8895967839409644,0.001
9,47,0.008847248120337863,0.07398065,0.094071396,0.9387345758597,0.01262428192421794,0.091559805,0.11358159,0.8960217707367999,0.001
9,48,0.010886095797155644,0.08220747,0.10432427,0.9252810857067865,0.01376896963587829,0.09204669,0.11812321,0.8929350843205163,0.001
9,49,0.009694053253994505,0.07776023,0.0984396,0.9336349184671522,0.02123439305328897,0.11856157,0.14750808,0.8983742694088057,0.001
9,50,0.010332068087855162,0.07966875,0.10167092,0.9289240446365925,0.010919064017278808,0.081054814,0.10511447,0.9122513079372337,0.001
9,51,0.007868801271891065,0.06935225,0.08871051,0.9456105575898481,0.013177640403487853,0.09236933,0.11548637,0.8951331799899089,0.001
9,52,0.008114936630998817,0.070755124,0.090077534,0.9438171513746697,0.015411997347005777,0.09944076,0.1256678,0.9042932510288015,0.001
9,53,0.01152963404517586,0.08549861,0.10738732,0.9221560715792732,0.018115977024925605,0.10625323,0.13527212,0.8734009302009066,0.001
9,54,0.007947123857545797,0.069129705,0.089150175,0.9449837089770322,0.012841842137277126,0.087272085,0.11355232,0.8972491245477139,0.001
9,55,0.008219442624059096,0.070216745,0.09067744,0.9431752120366106,0.01253238639661244,0.086684704,0.11266887,0.9018857258067773,0.001
9,56,0.008725899173747574,0.074400045,0.093414284,0.9396426910832457,0.01491201831959188,0.09405615,0.12171616,0.8870563181863778,0.001
9,57,0.009363676010082676,0.07617772,0.096712224,0.9355418179824485,0.014043631231678384,0.09297326,0.11899886,0.8999320975577102,0.001
9,58,0.008294255833933565,0.071676254,0.09107556,0.9425984038821692,0.011297105146305901,0.081887975,0.106773764,0.9103378939387908,0.001
9,59,0.009631267696549402,0.07773149,0.0981339,0.9339428991129963,0.014259692813668932,0.09466442,0.11958793,0.8837893849528704,0.001
9,60,0.0075766137413785,0.068018444,0.08705056,0.9474635010399157,0.01170690533971148,0.08527859,0.10912662,0.9061283052368105,0.001
9,61,0.00884683360128063,0.07417926,0.09406439,0.9390540284482436,0.012638413946011237,0.09060892,0.113703676,0.9131422210905162,0.001
9,62,0.008320739077160431,0.072401896,0.09121351,0.9423672584544318,0.013722836838236876,0.09529762,0.117757335,0.896859054060436,0.001
9,63,0.008195468261576841,0.07035767,0.090522416,0.9435799585193523,0.011825435628582324,0.08524494,0.10964773,0.910919580205399,0.001
9,64,0.008201366510224815,0.07212073,0.09057016,0.9433022557132804,0.016572552999215468,0.1029931,0.12946616,0.9036953547438991,0.001
9,65,0.008241814720035295,0.07128323,0.090766475,0.9432901930013059,0.012334056165335434,0.08793865,0.11218564,0.9104778054290606,0.001
9,66,0.008211912241303057,0.07097579,0.090610676,0.9435266567000976,0.01349043530145926,0.09223299,0.11707617,0.8924006383331661,0.001
9,67,0.007617262620739987,0.0679558,0.08726045,0.9473627759780415,0.011910929244809918,0.08626485,0.11010436,0.9041004536061086,0.001
9,68,0.008015615626229582,0.070537426,0.08951593,0.944686977322381,0.013164476125634142,0.09221561,0.11521932,0.8949298187823539,0.001
9,69,0.0075732694120607645,0.068815775,0.087023266,0.9474842952867666,0.012402153457514942,0.089718215,0.111923434,0.9005102554419474,0.001
10,1,0.04021553996358519,0.1537545,0.20055544,0.7396386190680295,0.02470450502421175,0.121034704,0.15764727,0.8299835153027825,0.002
10,2,0.024037932359099946,0.123051874,0.15506594,0.8385929993322954,0.016317937889003327,0.099363476,0.12647188,0.8798155937034403,0.002
10,3,0.022911324796797795,0.119601294,0.15128848,0.8476784755924797,0.029603460604058846,0.13757369,0.17352577,0.7893132645597609,0.002
10,4,0.023593525820037473,0.12179362,0.15361446,0.8467989132639633,0.020521573988454684,0.11197745,0.14168067,0.8366968940554711,0.002
10,5,0.023052577421103962,0.12121726,0.15184169,0.848956109171565,0.025150850947414125,0.12555712,0.15880778,0.836002040794359,0.002
10,6,0.014739892258369755,0.09651178,0.12141181,0.8985069932769283,0.021291562489100864,0.11431608,0.14340754,0.884189207437613,0.002
10,7,0.0160716191656609,0.10036534,0.12677433,0.8901026302831648,0.026904581846403226,0.13375878,0.1664037,0.7590234573096507,0.002
10,8,0.01914719503512171,0.11051127,0.13838716,0.8733465362372513,0.01723666675388813,0.10307448,0.13154392,0.8679109700754685,0.002
10,9,0.020080917869546563,0.11223069,0.14164193,0.8676654788047176,0.02224169977541481,0.12054472,0.15002304,0.8376820511796005,0.002
10,10,0.01732474773965567,0.10440817,0.1315473,0.8846776699956908,0.026405209875000373,0.13051859,0.15984808,0.8715362667871841,0.002
10,11,0.014000017739936848,0.09289047,0.11830993,0.9049523829368346,0.030998344998806715,0.14325076,0.17835623,0.8317020214200769,0.002
10,12,0.01391228606541441,0.09392966,0.11795567,0.9053544583882857,0.01742329714553697,0.107359365,0.13219175,0.8883224634243464,0.002
10,13,0.013770799052457665,0.093213595,0.11734308,0.9066110937821709,0.022000170445867946,0.1181469,0.14767133,0.8377510550941105,0.002
10,14,0.013919010714880217,0.094134204,0.117984444,0.9054075503141522,0.01747089295115854,0.10350098,0.13194801,0.8864133906257727,0.002
10,15,0.01594637602863607,0.100324355,0.12627596,0.8935403476221755,0.017480912086154734,0.10583319,0.13313164,0.8553394992560853,0.002
10,16,0.015448684199217045,0.09816728,0.12421179,0.8964990525400721,0.05625406087243131,0.20062567,0.24090698,0.8410653253939947,0.002
10,17,0.017724523364313852,0.106244035,0.13315219,0.8826161885593167,0.014234425865912012,0.093872696,0.119874515,0.8893246241113751,0.002
10,18,0.015755040177239853,0.097542115,0.12550282,0.8944728542770723,0.03058236331811973,0.14283969,0.17819397,0.8319941450252722,0.002
10,19,0.01669446089757589,0.101600386,0.12920716,0.8900597000136148,0.02319066223156239,0.12251001,0.15392682,0.8740473452187412,0.002
10,20,0.016485884879219617,0.1001364,0.12837645,0.8899474586153931,0.01959749956482223,0.11180837,0.1418145,0.8503891195513745,0.002
10,21,0.01570310798325689,0.09846895,0.1253223,0.8960649973353939,0.034848191908427646,0.15571648,0.18635343,0.8609234445818009,0.002
10,22,0.020869370014624338,0.1129081,0.14447321,0.8665485840785404,0.021969740811203207,0.117392845,0.14968434,0.8625836108985492,0.002
10,23,0.01583285602331858,0.09916995,0.1258423,0.8944948478640103,0.021573373715260198,0.11503655,0.14650245,0.853262267814465,0.002
10,24,0.011988098358857297,0.08595969,0.10947971,0.9181021259894242,0.03234306975666966,0.15129648,0.18081045,0.895190524799482,0.002
10,25,0.011496387909505969,0.08489119,0.10723763,0.9216919988533231,0.01938359545809882,0.10890205,0.13949008,0.88246405665836,0.002
10,26,0.014993723764771892,0.09689491,0.12243473,0.9000798941083082,0.02556486926706774,0.12656446,0.16206592,0.8662747356874784,0.002
10,27,0.012326561212626713,0.08754055,0.11103679,0.9159935620123099,0.0168447625889842,0.10048401,0.1300677,0.8868280689279032,0.002
10,28,0.017214606224480913,0.10401399,0.13121532,0.8868755096139271,0.02388380321541003,0.12337329,0.15368834,0.8803256979656376,0.002
10,29,0.018742560409009457,0.10879506,0.13692905,0.8791669702185112,0.01382829069292971,0.0943434,0.118808284,0.892520660689008,0.002
10,30,0.019497213963523646,0.11133813,0.13965048,0.8755644957301919,0.03213938458689621,0.14608966,0.17799625,0.881747365863808,0.002
10,31,0.014334015922499038,0.0951972,0.11974324,0.9041541185404419,0.013305058370211295,0.08804691,0.11592616,0.8913043237169426,0.002
10,32,0.010784133159007146,0.081518486,0.103832334,0.9261861072304238,0.01851750647516123,0.104688734,0.13579218,0.8655515944434443,0.002
10,33,0.015735178237136837,0.09898535,0.12543073,0.8952478702990154,0.02359141788578459,0.12690963,0.1559745,0.8749633678446842,0.002
10,34,0.01525558589165595,0.09818759,0.1235235,0.8991912087552522,0.015582149183111531,0.09726516,0.12464805,0.8892267951029688,0.002
10,35,0.013939133671190694,0.09448953,0.11806631,0.9067120314976492,0.013559586335239666,0.09162779,0.117733054,0.8884303970038776,0.002
10,36,0.013648243312001507,0.092743814,0.11683406,0.9091066359396116,0.035494978207030466,0.15900889,0.18962538,0.8930613013034269,0.002
10,37,0.013331001015188538,0.091554485,0.11548023,0.9103352958465419,0.018492193360413824,0.107512645,0.1377924,0.883893754692703,0.002
10,38,0.0123770587694631,0.087850675,0.11124297,0.9164722895782215,0.014791227012340511,0.09547043,0.12236909,0.8935744725678693,0.002
10,39,0.014616438666375998,0.095764786,0.12089048,0.9028532026907732,0.01702439066554819,0.104040086,0.12942375,0.8677806009518206,0.002
10,40,0.017605141701751224,0.10630575,0.132675,0.8857724167772648,0.03607272170484066,0.1571949,0.19098167,0.8340309224139016,0.002
10,41,0.014500644110212816,0.095350325,0.12043318,0.9037388344649849,0.013748877482222659,0.09408539,0.11699454,0.8889085770273484,0.002
10,42,0.011014395217176214,0.08374398,0.10495136,0.9246916746434404,0.017333995451086333,0.10365052,0.13263841,0.882646139920104,0.002
10,43,0.013204506637580762,0.08977139,0.114920735,0.9122752269771421,0.02355236074488078,0.12052536,0.15408151,0.8590957571169576,0.002
10,44,0.020458378411272418,0.1141974,0.14304614,0.8678565827979046,0.025466845437352146,0.12343725,0.16105178,0.8233755440473403,0.002
10,45,0.016412706192687292,0.102793716,0.12811047,0.8932718383368918,0.021765131503343582,0.1209018,0.14927487,0.8150667760649033,0.002
10,46,0.012492196997801694,0.088881955,0.111761324,0.9162287127710111,0.01985407607363803,0.11065835,0.14177094,0.8524749805705873,0.002
10,47,0.014285828722379754,0.09497531,0.119534105,0.9046116691798478,0.01619395094790629,0.102027334,0.12868248,0.8733088509651322,0.002
10,48,0.01440952604453767,0.09478252,0.11998454,0.9044447033709685,0.021122350756611143,0.11386393,0.14197813,0.8790083111295515,0.002
10,49,0.013408557418298639,0.09148513,0.11579555,0.9103478794389889,0.0150469705861594,0.096642375,0.12395829,0.8955966779129786,0.002
10,50,0.012634447695269623,0.08905777,0.11241895,0.9150673791364446,0.014077381929382682,0.090024136,0.11955872,0.8896806305055266,0.002
11,1,0.09763798433590994,0.21561584,0.3125312,0.5763663727514242,0.03351041228909578,0.14448225,0.18584701,0.81294949737271,0.005
11,2,0.04771408212379875,0.17531474,0.2184532,0.7361881144338809,0.08627724980137177,0.24143639,0.28485975,0.7911571409201796,0.005
11,3,0.03804170949576057,0.1537593,0.19507012,0.7790129532472376,0.02564304894102471,0.12537289,0.16234481,0.7987200059958293,0.005
11,4,0.05722944377529844,0.18515812,0.23917551,0.7118460612317684,0.16001724930746214,0.34482607,0.40159658,0.6777045951668296,0.005
11,5,0.07828665341067816,0.22512862,0.2798358,0.6452592214660187,0.08004191597657544,0.22858444,0.27763444,0.8001660409606037,0.005
11,6,0.02587349239789019,0.12631285,0.16085926,0.8384296284606589,0.04815749192078199,0.18952,0.22041579,0.8354583036687293,0.005
11,7,0.03874494655005564,0.15638813,0.19686067,0.7769132983013661,0.08386584956731115,0.23018005,0.29206523,0.5025261974216053,0.005
11,8,0.04826093959909315,0.17107558,0.21969634,0.7466087388784064,0.03679753853274243,0.15623306,0.1951576,0.7380300504726106,0.005
11,9,0.04555826417875485,0.16653205,0.21347924,0.7541982256418581,0.04607308190315962,0.1773283,0.21234058,0.8476327593027561,0.005
11,10,0.02497251552886495,0.12632932,0.15804407,0.8447427787942859,0.03328098316809961,0.14907049,0.18000045,0.8314258415152465,0.005
11,11,0.022858043862767866,0.118625484,0.15118721,0.8555741149486181,0.04612962515758617,0.17892191,0.21410677,0.8058842512873992,0.005
11,12,0.02979706539380773,0.13723963,0.17263134,0.8211499551948352,0.035091136981334,0.14937788,0.19079405,0.8001324888370316,0.005
11,13,0.02813371921515214,0.13361605,0.16775556,0.8316455975268945,0.042667712550610304,0.17998795,0.21073036,0.8723345911741819,0.005
11,14,0.030973751193660998,0.14041646,0.1759598,0.81863402392764,0.0672491727662938,0.2186842,0.2613397,0.699793438345751,0.005
11,15,0.06287004021388069,0.19828224,0.25074142,0.7068546523863928,0.03470021765679121,0.14467835,0.18950783,0.7714426531635878,0.005
11,16,0.02924159854197892,0.13596605,0.17096542,0.8218062079724472,0.04890479766098516,0.17726599,0.21825387,0.7654301416053764,0.005
11,17,0.03588921514940317,0.14622864,0.18945178,0.7968573888875249,0.027850441501608918,0.13520761,0.16671722,0.7830497356759913,0.005
11,18,0.048710173587793504,0.17457892,0.22069643,0.7500775360382207,0.025832599361560175,0.12231929,0.16217725,0.8107891984614772,0.005
11,19,0.08832669033555784,0.23395099,0.2972245,0.6376107336602983,0.04124480179910149,0.16886066,0.20352352,0.7592352484438474,0.005
11,20,0.038884286281313296,0.1571169,0.19712813,0.7808302186756284,0.05796245791550193,0.19945727,0.2398788,0.6446032372070019,0.005
11,21,0.026328482412707025,0.12870423,0.1622315,0.84327508995741,0.03498522963907037,0.15335144,0.18913136,0.7742766860288843,0.005
11,22,0.04570023855629647,0.17125235,0.2137586,0.7606823932842212,0.07771043133522783,0.22462288,0.2843195,0.6925763982600434,0.005
12,1,0.12315418188803977,0.27563465,0.35100797,0.4761186991781061,0.03248814502903433,0.14778927,0.18016914,0.7890268157953033,0.0005
12,2,0.058589494075880724,0.19368328,0.24208134,0.6684157793444676,0.02426674154466363,0.12210892,0.1559503,0.8435724034019451,0.0005
12,3,0.04105245454629087,0.16191685,0.20260312,0.7390214739674659,0.03346023608550981,0.15300274,0.18347694,0.8673470901445514,0.0005
12,4,0.028372677683636598,0.13427915,0.16843003,0.8069870996778046,0.017426630253558634,0.10023633,0.13273059,0.8635194789499938,0.0005
12,5,0.027556610736363812,0.13173597,0.16602965,0.8100938293769387,0.015834958540465408,0.09926423,0.12667869,0.8766040598624223,0.0005
12,6,0.024343607089211336,0.123201,0.15606709,0.8303972729416753,0.018520638943839544,0.110854805,0.1369955,0.8830758358131002,0.0005
12,7,0.026426462355400568,0.12908143,0.16257267,0.81774268800717,0.023587848447884124,0.12859346,0.15356097,0.8756069367883317,0.0005
12,8,0.02316801897554754,0.12039428,0.15221757,0.8392489170531886,0.014761064876910058,0.093212254,0.122332454,0.8843281603792507,0.0005
12,9,0.025535352809307608,0.12619387,0.15981038,0.8220307214613349,0.015776686820943183,0.098776765,0.12638973,0.8824145220997468,0.0005
12,10,0.026280472889568692,0.12919697,0.1620932,0.8207047557647111,0.0217917969847029,0.1225826,0.14794715,0.871966566205587,0.0005
12,11,0.02279149562938609,0.11896673,0.15098365,0.841575061762576,0.01679491703624889,0.09906535,0.1304931,0.8614038476189949,0.0005
12,12,0.025471598476330067,0.12682992,0.1596257,0.8245212755968635,0.022617767409731943,0.12517288,0.15112634,0.8632291186646858,0.0005
12,13,0.025359671685785363,0.12686227,0.15925838,0.824985512357943,0.02344332987235652,0.12374318,0.15402435,0.8679635596856439,0.0005
12,14,0.0255047544149794,0.12669326,0.15970792,0.8245373785237302,0.020898449043872662,0.1138952,0.14554864,0.8438232576904333,0.0005
12,15,0.02582955150375421,0.1272184,0.1607488,0.8229053630777589,0.017314347828721145,0.10375408,0.13214763,0.8768464269220148,0.0005
12,16,0.030410753638934012,0.13807741,0.17442614,0.7957058192655216,0.01742141528800992,0.10168017,0.13286592,0.8696223146518891,0.0005
12,17,0.02545327991130218,0.12790275,0.1595666,0.8248222959248654,0.016614673723611136,0.10166952,0.1293582,0.8641111946213794,0.0005
12,18,0.02601155548459289,0.12779292,0.16129948,0.8208180546501294,0.015010346212538597,0.09588811,0.123366244,0.8789014433002095,0.0005
12,19,0.02533538939342094,0.12684858,0.15919071,0.8249416196369957,0.017250898426330725,0.10059127,0.13226223,0.8573214742483167,0.0005
12,20,0.02666267703687685,0.13027272,0.16325094,0.8177369795479668,0.02126773546829268,0.11500031,0.14643927,0.880123247895085,0.0005
12,21,0.025614272955931272,0.12655033,0.16003102,0.8224177535349525,0.01581779039862694,0.097039096,0.1266512,0.8798990477709956,0.0005
12,22,0.025986225153977773,0.1267082,0.16119477,0.8228151779145463,0.015738067726353486,0.097337276,0.12633176,0.8710212200634017,0.0005
12,23,0.025827696625247736,0.12861255,0.16074117,0.8217784469203666,0.018543725258765603,0.10538863,0.13708805,0.8468748560670767,0.0005
12,24,0.027296122497956217,0.1299913,0.16524874,0.8107234894579294,0.014734014972216554,0.094086654,0.12201488,0.8872452596227132,0.0005
12,25,0.025223702884270487,0.1270174,0.15883319,0.8275842314428071,0.015972325957759662,0.097848415,0.12709707,0.8789573277679636,0.0005
12,26,0.027311550803095205,0.13165969,0.16528149,0.8130196136719783,0.018686744464233657,0.10922902,0.1374799,0.8707564061388222,0.0005
12,27,0.026427254802690193,0.1295833,0.1625867,0.8182588545691527,0.017553281646946237,0.105482414,0.13334894,0.8763076780157661,0.0005
12,28,0.027391981940050655,0.13141854,0.16553782,0.8126725650130769,0.03157646097329066,0.14393036,0.17850955,0.8548640681001503,0.0005
12,29,0.025113920263661,0.12701616,0.15849993,0.8264302525300323,0.02221632894145808,0.11886604,0.14959668,0.8682344188199175,0.0005
12,30,0.02405367520551859,0.12337913,0.1550887,0.8339926900181798,0.01425785102226116,0.091273636,0.1201927,0.8846835479994687,0.0005
12,31,0.026688592976000524,0.12914467,0.16336559,0.8164912451197133,0.01607003168707403,0.10280049,0.12745251,0.894533548323656,0.0005
12,32,0.026976282525971906,0.13106903,0.16422483,0.8136948371274395,0.01469180023909926,0.090642564,0.121976726,0.8831197386361985,0.0005
12,33,0.02432106962775247,0.12277429,0.15597327,0.8306671304241338,0.021841393115378364,0.11271621,0.14852476,0.8242344666832929,0.0005
12,34,0.02415738640968888,0.12357343,0.1554667,0.8321708182050224,0.020767267276015546,0.11546986,0.14503545,0.8662804549216843,0.0005
12,35,0.02527552463526883,0.12456724,0.15901512,0.8258711707729309,0.015464364516514319,0.09686505,0.12449005,0.8826303806624949,0.0005
12,36,0.02448860369037911,0.12397058,0.15642028,0.8313794132618199,0.017437502018529578,0.10206627,0.13284133,0.8680912027448747,0.0005
12,37,0.024641216527202785,0.12544788,0.15698965,0.8282659296427157,0.016106454636125516,0.102171116,0.12777297,0.8766265022290541,0.0005
12,38,0.023414448362324446,0.121794015,0.15303713,0.8369090851100613,0.028287152324251278,0.13140708,0.16831589,0.852123235627078,0.0005
12,39,0.024193632644497805,0.12327531,0.15557921,0.8314640441263593,0.014621129601976092,0.09415219,0.12175523,0.8862194316008334,0.0005
12,40,0.027010654812737445,0.12957585,0.16439614,0.8153091398446072,0.01698310483361301,0.1023673,0.13120863,0.8829828410637641,0.0005
12,41,0.026601245025962714,0.12989336,0.16283499,0.815347039316037,0.01883170548050354,0.10803818,0.13817367,0.8819003686779385,0.0005
12,42,0.025090966810171478,0.12528266,0.15836346,0.8264780522031435,0.02089039930030965,0.11362307,0.14554882,0.858066115918713,0.0005
12,43,0.0246819781822753,0.12523633,0.15708716,0.8285378816923219,0.020952828755576372,0.11415611,0.14509612,0.8764464704439537,0.0005
12,44,0.027099808609487366,0.12912178,0.16457632,0.8156556796985334,0.021477487416564987,0.11834712,0.14667529,0.8293340993549407,0.0005
12,45,0.02501429127256993,0.124489084,0.15805976,0.8261162740080674,0.019110980355267034,0.107102014,0.13901477,0.8736252272411756,0.0005
12,46,0.0268600253670076,0.12922166,0.16391122,0.8163388878073499,0.014548213292073342,0.092918076,0.1214593,0.880541480820118,0.0005
12,47,0.02613054433125985,0.12812969,0.16165826,0.8205429820466457,0.01816816903926708,0.110073745,0.1345379,0.8881056260425202,0.0005
12,48,0.022917741728064205,0.12118358,0.15135619,0.8389529959987286,0.016072036071111344,0.10105561,0.12754302,0.8796518418603401,0.0005
12,49,0.02537746392078937,0.12688367,0.159284,0.8238542011477891,0.02602473316990115,0.12900391,0.16157393,0.8541003661404063,0.0005
13,1,0.10602095332236038,0.25619495,0.3256613,0.5158742093940898,0.022022020847847063,0.11502492,0.14928749,0.8538932306845832,0.001
13,2,0.04974160129345832,0.17532285,0.22303498,0.7129236277227727,0.01588247562176548,0.09786029,0.12687013,0.87981409931009,0.001
13,3,0.03913864963641717,0.15809415,0.19785148,0.7533144322351828,0.024779004514803766,0.12104058,0.15849116,0.8241383526810893,0.001
13,4,0.03614130209468819,0.15028,0.19007586,0.7713727500437288,0.030677438286753993,0.13832454,0.17496906,0.7565782050822719,0.001
13,5,0.04309283062939698,0.16589706,0.20757721,0.7335849053965398,0.07384520954521442,0.23583716,0.2707891,0.8603009783679783,0.001
13,6,0.040567741094202796,0.16099428,0.20134503,0.7477768585058799,0.0792286745337252,0.24711,0.2809819,0.8464548394626101,0.001
13,7,0.04324988635946674,0.16474074,0.20793587,0.7386387514199386,0.036574082496507024,0.14994544,0.19247484,0.7061398621394748,0.001
13,8,0.041239565131733213,0.16161713,0.20305693,0.7422826464877985,0.022323525834104255,0.11781689,0.1503373,0.8173606887976768,0.001
13,9,0.04242131654303695,0.16542074,0.20596541,0.7424246161538723,0.05560418556409853,0.19867119,0.2366521,0.7985742341397221,0.001
13,10,0.0423046233574207,0.16418025,0.20573814,0.7497932675646286,0.01962123730616575,0.11103156,0.14094354,0.8369205058843803,0.001
13,11,0.04205351721231008,0.16268909,0.20505638,0.7414098992027538,0.03381025832991495,0.14987491,0.18454051,0.8140913574438731,0.001
13,12,0.04182190136430746,0.1623955,0.20452821,0.739635928007836,0.042028769902471036,0.16901441,0.20418216,0.8516910380133238,0.001
13,13,0.044600326208034356,0.16618857,0.21122992,0.7368348813271802,0.019432813830698486,0.11056566,0.14037414,0.8416214819923439,0.001
13,14,0.04127570021914962,0.16048454,0.20308806,0.743459436823387,0.06549374093474061,0.21922585,0.2569567,0.775168755999833,0.001
13,15,0.046158737400992744,0.17041829,0.21490745,0.72656761925258,0.0318515042858457,0.14902805,0.17971164,0.8526641958479254,0.001
13,16,0.042466634119481116,0.16448583,0.20602673,0.7427051341488262,0.019256943052486923,0.10756691,0.13973765,0.8460094147918787,0.001
13,17,0.04386142775156344,0.16870296,0.2094668,0.7303790381489967,0.03536329766804421,0.15367156,0.18883337,0.8033113618474111,0.001
13,18,0.048723272535358075,0.17736284,0.22075969,0.7145084502894116,0.0235263280919753,0.12381659,0.15402314,0.8253035954696303,0.001
13,19,0.03881843610874499,0.15780938,0.1970129,0.7567406520193171,0.037200728506798404,0.16162618,0.19411843,0.8037873850408833,0.001
13,20,0.04215238032542674,0.16243075,0.20534244,0.7432575457766808,0.02377406364151587,0.121600874,0.15501864,0.7977111557805933,0.001
13,21,0.036280054649774414,0.15126044,0.19044416,0.769176514813154,0.028616562214059133,0.13206644,0.17013323,0.8280987534645478,0.001
14,1,0.13698435418969282,0.28616816,0.37013426,0.47581095691963343,0.0747087175992352,0.2329699,0.273863,0.8039705031317378,0.002
14,2,0.09666907586588168,0.24736136,0.31079355,0.5800037342407574,0.0796961793417318,0.23596893,0.28254077,0.6884472311755482,0.002
14,3,0.0958248490563411,0.24861303,0.30958387,0.5791879890809677,0.03396996404949783,0.14622535,0.18560082,0.7595634003088251,0.002
14,4,0.08543250227246921,0.23116483,0.29201126,0.5971431644571523,0.1460472225142574,0.3200066,0.3823998,0.43351295963760417,0.002
14,5,0.0884913141887078,0.23460987,0.29745618,0.5979454848034518,0.08222956156047682,0.2397985,0.28806004,0.8038036729218975,0.002
14,6,0.11766255955771047,0.26769042,0.3430013,0.544799269233206,0.12032365355709637,0.2967227,0.34644467,0.7606026796100811,0.002
14,7,0.11437138040702645,0.26891342,0.3382154,0.5468826655069384,0.06013209114489318,0.2003249,0.24672353,0.6857452359127386,0.002
14,8,0.09695492428047452,0.24794409,0.3113697,0.5720279743098994,0.07540727344652016,0.22117615,0.2763138,0.6694659162682143,0.002
14,9,0.07834548970181757,0.22262019,0.27994803,0.6263368001429239,0.10886855204417198,0.30037,0.33051738,0.8238131110335601,0.002
14,10,0.09221851322190644,0.24197105,0.3036634,0.5925754650479065,0.047187651072076904,0.17657787,0.21826927,0.5719625377713422,0.002
14,11,0.09031533609605699,0.23822956,0.3005299,0.6031947586742137,0.1340924118622853,0.32416087,0.36699656,0.6978463117151447,0.002
14,12,0.10607317883997859,0.26226342,0.3257347,0.5621331550098029,0.04233200429222995,0.164675,0.20603563,0.7890736019540406,0.002
14,13,0.10611184526160881,0.26026535,0.3257013,0.5677998758355328,0.03950773530609526,0.16312143,0.2001456,0.6967380046097662,0.002
14,14,0.0807327467659336,0.22638522,0.2841716,0.6151937926598818,0.06439659365073398,0.2011881,0.2548901,0.7777974105738054,0.002
14,15,0.09113062645834175,0.23953709,0.3019372,0.5945083204602397,0.07172115509294802,0.21486299,0.26867294,0.7344657557423768,0.002
14,16,0.10469969386282751,0.25767037,0.3236295,0.5671648106830834,0.0434713704916821,0.17422912,0.20964493,0.7766420660759416,0.002
14,17,0.1098755684286295,0.2633618,0.33154118,0.562156897311702,0.07591266355464338,0.22613905,0.277443,0.5112349673551181,0.002
14,18,0.09760043917497986,0.24734102,0.31243703,0.5668402028063237,0.03748898000965171,0.15253635,0.19495179,0.7681065995076319,0.002
14,19,0.10257946489222139,0.25591314,0.32016405,0.5730606479134849,0.054345464372696974,0.18404894,0.23464014,0.6673178154045022,0.002
14,20,0.09587143924278772,0.2449704,0.3096184,0.5832516851222026,0.03983892356390478,0.15982066,0.19979821,0.8295805460496243,0.002
14,21,0.0783687464231364,0.22542086,0.27984965,0.6262874840682754,0.06675873730435139,0.21086457,0.25858298,0.7559130654863976,0.002
14,22,0.12353205639530608,0.27949587,0.35141382,0.5334615360269717,0.044621998763263775,0.17294784,0.20935947,0.7462369020323436,0.002
15,1,0.3609379047667172,0.47605142,0.60080785,0.3079344509572767,0.4687550446466991,0.59965366,0.6885662,0.24229129731084775,0.005
15,2,0.5884210491143863,0.6085321,0.76724434,0.2672409700576965,0.23925085755547992,0.3983809,0.49084336,-0.035613575488264396,0.005
15,3,0.5103061420137985,0.5606977,0.7145459,0.29623538377772984,0.13999565225094557,0.3000859,0.36777705,0.3125732029236913,0.005
15,4,0.5011616377334032,0.54521596,0.7075242,0.30479320002188814,0.21666893814862878,0.3622609,0.46732926,0.33187696271881223,0.005
15,5,0.5221478187187496,0.5690258,0.722802,0.28365261446397094,0.35358064788980065,0.47411808,0.59866995,0.33884351014579006,0.005
15,6,0.3510867712832117,0.46571878,0.5919984,0.3474285940807671,0.15207108130885494,0.31668946,0.39140856,0.5858663313299116,0.005
15,7,0.4559310470429188,0.5314725,0.6753122,0.30511942793671687,0.3234903495413838,0.46429974,0.57261336,0.1446475554244114,0.005
15,8,0.4109191255443773,0.50506085,0.6410856,0.3437624180249499,0.4348780629052608,0.53141665,0.6622898,0.32784771087551,0.005
15,9,0.6581249641380752,0.6244261,0.8114746,0.23929169387535634,0.2045547073982932,0.37493077,0.45111394,0.5556819323424743,0.005
15,10,0.45417404690513685,0.5402408,0.6740972,0.298764031641398,0.18798171639166497,0.3616186,0.43623528,0.6994274288718519,0.005
15,11,0.3576361620428789,0.47237194,0.59817344,0.3533699464245483,0.13525644311232976,0.27762055,0.35890052,0.646870068435069,0.005
15,12,0.516393146242633,0.5643462,0.7188002,0.27800996945572737,1.00150547604318,0.87897754,1.0057408,-0.28142340682268147,0.005
15,13,0.5839763766102423,0.59989995,0.764093,0.264784024337421,0.15414386559105306,0.31433412,0.395268,0.6353120382038915,0.005
15,14,0.3795211448717131,0.48925677,0.6162119,0.33486952175955065,0.203757560501496,0.34774622,0.4529841,0.24521664687851252,0.005
15,15,0.3549754158582834,0.47569546,0.5959235,0.36190366175678895,0.12706473702564836,0.27810755,0.35724434,0.5338313562474337,0.005
15,16,0.32815257876798093,0.4552616,0.57294476,0.33722036262617766,0.2708548341912252,0.44557664,0.5208699,0.7427430627021478,0.005
15,17,0.3588438127450993,0.47312298,0.5990982,0.360036988249572,0.3117138454000707,0.45506808,0.5610753,0.2658525222113306,0.005
15,18,0.6286763418117695,0.62625754,0.7928136,0.2532286086538996,0.2068752619886288,0.36402732,0.4572312,0.4843036299160588,0.005
15,19,0.40221775700033546,0.50691885,0.63412,0.3424173134393437,0.13848388104492593,0.29654476,0.36716896,0.5700199479350984,0.005
15,20,0.32179434621645675,0.45124537,0.5673379,0.3726180166980529,0.13491182700144472,0.30143166,0.36917692,0.6145294228182293,0.005
15,21,0.30932273992955267,0.44342053,0.5558866,0.36329247428456546,0.6391765777435567,0.6947241,0.80165493,0.22428217446164633,0.005
15,22,0.342851075465643,0.46437952,0.5852647,0.35454273623994836,0.5126721342956578,0.6063357,0.7130285,0.3853930015489657,0.005
15,23,0.5060397243893174,0.56455576,0.71125406,0.3125075978572941,0.4543198623728973,0.5815413,0.66972697,0.5883282326379329,0.005
15,24,0.5016250398932635,0.5621183,0.7083341,0.2953918592177627,0.38591957100908514,0.46867928,0.6255144,0.5872494550993171,0.005
15,25,0.41179597652169103,0.51190466,0.64100045,0.3173010450363642,0.508610803288994,0.586038,0.7116723,0.2914484234329775,0.005
15,26,0.5432385370379018,0.5865422,0.7371706,0.27547370504115953,0.14092962078198237,0.31211644,0.37770134,0.5862453392807901,0.005
15,27,0.4517995093483478,0.53676844,0.67212695,0.3210492287963378,0.40005367147494797,0.507665,0.63673174,-0.2703479544815608,0.005
15,28,0.5570939486654841,0.5874823,0.7464646,0.2735906453867825,0.3098045400585289,0.4227477,0.55906504,0.6118453466410383,0.005
15,29,0.38720337949284117,0.49466172,0.6223955,0.35056199088812545,0.09209355750742058,0.24567522,0.3053838,0.6053330108542619,0.005
15,30,0.3503291948424287,0.4689297,0.5918912,0.3438992540968533,0.5203377728660902,0.6604288,0.72333044,0.6172033420328602,0.005
15,31,0.348227434889544,0.4675689,0.5896609,0.3484673211233897,0.46362969027487216,0.57967424,0.6825255,0.26818762997588097,0.005
15,32,0.464610642316168,0.5448142,0.68135154,0.2911785796191318,0.15255362778488132,0.3202339,0.39257178,0.4007553486151517,0.005
15,33,0.37606093830159193,0.48599368,0.6133538,0.3492676383499553,0.1483218032883963,0.31131577,0.38466176,0.23977792734317335,0.005
15,34,0.6404637509378144,0.6347545,0.80009305,0.2618794401314147,0.3921811451005784,0.53871,0.630596,0.24409103711851696,0.005
15,35,0.5055757876437714,0.5664543,0.71118456,0.31157624119486543,0.2755230271981822,0.42225686,0.5282885,0.5096972583276863,0.005
15,36,0.3052050208359539,0.4383487,0.55241936,0.3495904559647555,0.11786427748005802,0.27018407,0.34571722,0.6472085572874884,0.005
15,37,0.3399506009719117,0.4615739,0.58305615,0.3422591439907841,0.25013879379602494,0.43203196,0.4996541,0.4124916987570836,0.005
15,38,0.3144845862113479,0.44766843,0.56082505,0.3672050665897446,0.33790290300492887,0.46552607,0.5853176,0.5559313634195544,0.005
15,39,0.5219543332965156,0.5789345,0.7225946,0.28545074769714107,0.5295182599867176,0.6209583,0.732755,0.32030616520463645,0.005
15,40,0.4907801475301907,0.55838215,0.7007331,0.30072949813113525,0.2227350015848599,0.36823604,0.47509906,0.5379319770759198,0.005
15,41,0.2837171471964951,0.42042848,0.5322731,0.38106685868087825,0.11646303343069223,0.2705116,0.34169015,0.5067834840667625,0.005
15,42,0.3038880601416507,0.4373681,0.5512163,0.37315506495083406,0.07166967746215286,0.2104633,0.2690891,0.5544383572446848,0.005
15,43,0.375694588825507,0.484116,0.6129583,0.34715890201342026,0.2619616328221228,0.4008417,0.5136151,0.4975313824993286,0.005
15,44,0.7189316761997642,0.6714786,0.8479941,0.22700926049408673,1.271656846213672,0.9077093,1.1352286,0.3772164297983728,0.005
15,45,0.5550478194637886,0.59458685,0.7452213,0.28284809507787934,0.12332020593048246,0.27472866,0.35186374,0.5760446901662868,0.005
15,46,0.2988159120774819,0.4311066,0.54676354,0.38235403349106734,0.3939623731981825,0.554509,0.62790805,0.5148544249976034,0.005
15,47,0.3175286937779181,0.4451131,0.56292427,0.3818165278459288,0.2409962777186323,0.40484604,0.49363524,0.3668938708386249,0.005
15,48,0.31258821108369766,0.446328,0.5592196,0.37024995160438995,0.16169227454035232,0.33579367,0.4030191,0.5637483984147822,0.005
15,49,0.37224612887034836,0.48273885,0.61023057,0.3536438707225015,0.18730853038357087,0.35124558,0.43579683,0.34322797694580764,0.005
15,50,0.40669215542360027,0.50732285,0.63781077,0.3267669209125421,0.164473542270975,0.32717854,0.40677974,0.6983846743444578,0.005
15,51,0.48914384870424377,0.5628674,0.6994504,0.2962261027839942,0.5049886827667555,0.55406,0.71074706,0.3154617340090722,0.005
15,52,0.41425528629926667,0.49848148,0.64380383,0.3104050033195861,0.10173289555866548,0.25462908,0.32102972,0.5241710832984698,0.005
15,53,0.4498423376614576,0.5234026,0.6708711,0.3088693612263539,0.2037270434235257,0.37231123,0.45330238,0.50996692386482,0.005
15,54,0.2649106263448528,0.40696263,0.5148369,0.402825274935578,0.11053048800332127,0.26210356,0.33415824,0.6795543378241158,0.005
15,55,0.2616539764953516,0.39972737,0.5115879,0.39922751361678926,0.102586341564785,0.2557877,0.32242176,0.4363910673048139,0.005
15,56,0.4076327073265946,0.51030976,0.6386332,0.3134309157968823,0.1665891391414873,0.3025803,0.41091335,0.5860309436369066,0.005
15,57,0.44252250836204704,0.530911,0.6652722,0.31387922650861505,0.2001767157473498,0.36038014,0.45018637,0.38393175056235324,0.005
15,58,0.3917061513067859,0.49514675,0.62599385,0.34095262320451075,0.10645774236224868,0.25449362,0.3281778,0.594632075815798,0.005
15,59,0.33454252624771097,0.45503768,0.57854867,0.35114205638527446,0.09075129560746804,0.24089402,0.30315077,0.46475156847395743,0.005
15,60,0.3232713649636918,0.44552347,0.56870097,0.3641350059001858,0.20347628400971493,0.3622878,0.45333162,0.42578948773656056,0.005
15,61,0.4212783406919443,0.5116944,0.6488556,0.32227168457342353,0.2969081493922406,0.4227479,0.54792315,0.6635374011226559,0.005
16,1,0.12623378610952157,0.2787499,0.35532975,0.44992182723277696,0.026301000612201513,0.12534057,0.16256984,0.7780076444955425,0.0005
16,2,0.06439859043180107,0.20144926,0.25380248,0.636815933961689,0.026147611232267484,0.12672208,0.16230492,0.8272594711261841,0.0005
16,3,0.04516761351124357,0.1677756,0.21254167,0.7167643530627361,0.020581700131986982,0.11159841,0.14292389,0.8670974558324858,0.0005
16,4,0.03506924150398471,0.14856042,0.18727289,0.7700737915253001,0.017572308700807667,0.10260741,0.13288271,0.8791795442780767,0.0005
16,5,0.026718292981560265,0.1292954,0.16346857,0.8161432297642022,0.02114991862671795,0.11296351,0.14505766,0.87775905006946,0.0005
16,6,0.02221861533455063,0.11689317,0.14902905,0.8439545306086217,0.013702968394176828,0.08912564,0.116956525,0.8931887281648586,0.0005
16,7,0.02256952051212576,0.119135275,0.15024075,0.8407512793639292,0.01368365285883623,0.09248183,0.11705104,0.8984556768749564,0.0005
16,8,0.020392899771403766,0.11394017,0.14281763,0.8552214818016932,0.015154747361386264,0.09446854,0.122965686,0.8869341360444464,0.0005
16,9,0.0214922591634791,0.117350675,0.14661075,0.8470366052256977,0.019445990022547818,0.11213049,0.13950671,0.879698318411679,0.0005
16,10,0.02035683130401526,0.114352114,0.14268717,0.8570851369242373,0.017765305763869373,0.1040684,0.1327918,0.8788105725305309,0.0005
16,11,0.021632544818186314,0.11621195,0.14709242,0.845091205200908,0.015422542713134101,0.09332154,0.124068074,0.8829662538831607,0.0005
16,12,0.019836324789326325,0.11239555,0.14083916,0.8595821875310359,0.012254906568193325,0.08443296,0.11064619,0.9034714916036467,0.0005
16,13,0.021214589540777016,0.11536255,0.14568369,0.8507138561292126,0.014436807172993818,0.0927155,0.12029476,0.889781047286298,0.0005
16,14,0.020950191079804274,0.11396417,0.14473954,0.8516895676821599,0.014484545362561389,0.0913246,0.12030215,0.8821934003034533,0.0005
16,15,0.0209002340099313,0.115803115,0.14456591,0.8522178131973173,0.01766401518964105,0.10381712,0.13303863,0.8871962103891592,0.0005
16,16,0.021709680425603742,0.11695998,0.14734899,0.8461478082946639,0.016166019210315966,0.097158864,0.12733215,0.8804067820866691,0.0005
16,17,0.020481889162247427,0.11363656,0.14313346,0.8556758347842343,0.014262906379169889,0.089177415,0.11931234,0.8850865366663013,0.0005
16,18,0.021880645642196325,0.11651909,0.14793062,0.8446163002529802,0.018451120238751173,0.105395146,0.13587728,0.8787233999473449,0.0005
16,19,0.02155060879233354,0.11676694,0.14683431,0.8477805927494576,0.016976634092215035,0.101049915,0.1297313,0.8747637366564209,0.0005
16,20,0.021702766267225913,0.117396645,0.14732486,0.8469582980173326,0.014565233399884569,0.09172968,0.12071058,0.8891770053212587,0.0005
16,21,0.021982714407598584,0.1164643,0.14819905,0.8448805616777773,0.017045950724018946,0.10208343,0.13072763,0.8596264291769303,0.0005
16,22,0.021275097604353574,0.11621506,0.14587905,0.8501332021360428,0.015879890553791215,0.09645609,0.1260277,0.8804576815204013,0.0005
16,23,0.02355767761478984,0.123311885,0.15349138,0.835403578660486,0.019171829818299523,0.10745391,0.13833869,0.8719137227360372,0.0005
16,24,0.020890555926054613,0.11464263,0.1445394,0.85139861548209,0.016408934689092415,0.09543452,0.12806587,0.8786145105147096,0.0005
16,25,0.020438418621371423,0.113623,0.14298722,0.855638521070543,0.014339341040424726,0.089594826,0.11959718,0.8842232036447236,0.0005
16,26,0.02142835726143322,0.115639396,0.14639017,0.8490859526121213,0.022206984477600566,0.11853428,0.14935589,0.8775091475344012,0.0005
16,27,0.0212868118460647,0.11480103,0.14593035,0.8493023527430626,0.01440734413659407,0.09356048,0.12005571,0.8834644069220494,0.0005
16,28,0.019761531580039345,0.111026704,0.14060345,0.8603106042929229,0.014987377760310968,0.09304802,0.122483276,0.8803946584517537,0.0005
16,29,0.020090435881811742,0.112936065,0.14173484,0.8579089781774407,0.034639993234089124,0.15982066,0.18616132,0.8907455472561306,0.0005
16,30,0.02110540781335505,0.115168765,0.1452834,0.8520798789874161,0.01635355961129621,0.10336945,0.12796503,0.8956320081363747,0.0005
16,31,0.022178313430511853,0.11919782,0.14894184,0.8437521167999852,0.013223232813524428,0.088436924,0.11486376,0.8979876922283839,0.0005
17,1,0.12839598821423878,0.2834859,0.35840383,0.44800510833291074,0.02698278925554068,0.12734126,0.16387005,0.8106998906116332,0.001
17,2,0.05299206004939347,0.18043052,0.2302524,0.6921071482901735,0.018737178813252185,0.10761677,0.13675386,0.8491327958907271,0.001
17,3,0.032570903403815056,0.14371088,0.18051346,0.7853567608015123,0.01706834184868192,0.10066653,0.13048151,0.8671854361431834,0.001
17,4,0.030935382314905453,0.1386051,0.17587428,0.7925444781858645,0.039188890942130926,0.16538106,0.19826455,0.8265604824060178,0.001
17,5,0.025725879198349316,0.12718084,0.16036646,0.8222632459548553,0.01631462515366298,0.09970227,0.1281039,0.8707946311795149,0.001
17,6,0.027440138444060756,0.13168867,0.16564211,0.8126342805783582,0.017094834638690506,0.10066792,0.13091736,0.8658856550915137,0.001
17,7,0.028661145021373007,0.13373516,0.16931958,0.8037536966387697,0.02065036711455495,0.11195694,0.14390315,0.8280463374015519,0.001
17,8,0.030068191732323477,0.138227,0.17340437,0.8015398548695634,0.024146447165144816,0.12432383,0.15569896,0.8326334007726668,0.001
17,9,0.028552937334420804,0.13436845,0.16898313,0.8067925420735187,0.02064292784780264,0.11354421,0.14366177,0.853101760872674,0.001
17,10,0.03326776155562219,0.14558807,0.18239544,0.785235198779102,0.05456062815910964,0.186972,0.23323593,0.8103904028897626,0.001
17,11,0.032990268293428715,0.14390896,0.18166831,0.7829723134232826,0.024640399669469508,0.123855814,0.15751502,0.835949755385829,0.001
17,12,0.028647755841707166,0.13367182,0.16922349,0.8067919658938447,0.023325563580901536,0.12272236,0.1529388,0.8712978373775438,0.001
17,13,0.028254232436818915,0.13451214,0.168092,0.8091513810000514,0.021972426713478786,0.1148373,0.14809214,0.822013219189748,0.001
17,14,0.03220553904506334,0.1426497,0.17948502,0.788249187273418,0.02171389138567503,0.11499315,0.14748071,0.8232964878351462,0.001
17,15,0.029357460592916915,0.13706873,0.17132579,0.8015807304616213,0.023928117489925137,0.12431655,0.1545743,0.8423654551500169,0.001
17,16,0.03033072079061835,0.13944975,0.17418644,0.794114386031305,0.03341604003475772,0.14663203,0.1831602,0.8648046467929053,0.001
17,17,0.03038132015537366,0.13928488,0.17430349,0.7973265603368794,0.015552953618613106,0.09161012,0.12374174,0.8779244304854694,0.001
17,18,0.03272624282279513,0.1431438,0.18090595,0.7861642182578426,0.0170934676123714,0.10004683,0.13065721,0.8792743740289403,0.001
17,19,0.030452727026819625,0.13905141,0.17446598,0.7959230858214212,0.03632330594377385,0.1599268,0.19085301,0.8498048063652969,0.001
17,20,0.033126738993015804,0.14514935,0.18197806,0.7791475148298578,0.01714493260132494,0.10137956,0.13059424,0.8840141333178434,0.001
17,21,0.031913170660628334,0.14150363,0.17863832,0.7887263577647204,0.015749056211293296,0.09860414,0.12587933,0.8705231204407741,0.001
17,22,0.029303910985380134,0.13620488,0.17118013,0.8014690327753016,0.02253851691191947,0.114899874,0.1500039,0.8415478965380929,0.001
17,23,0.029227802525579095,0.13756652,0.17096397,0.8035659470792098,0.019005277073355736,0.10910374,0.13780694,0.8448498705305769,0.001
17,24,0.026597032163544584,0.12784587,0.16312084,0.8158388031274961,0.024195999665944663,0.1188408,0.15425211,0.853949763783498,0.001
17,25,0.03063944397955506,0.13817653,0.17505124,0.7959537025821188,0.018929392116627208,0.10613369,0.13736531,0.8640556251157546,0.001
17,26,0.030795397736332334,0.1400245,0.17551085,0.7961376250428717,0.02167550595132289,0.11918884,0.14754972,0.8219922200361142,0.001
17,27,0.029337829009359963,0.13537194,0.17129768,0.8041712383735617,0.0171502979506773,0.10181395,0.13112566,0.8708115233411265,0.001
17,28,0.03256306210619824,0.1415779,0.18046358,0.783077961001015,0.020345377839273877,0.11273863,0.14242692,0.8732666549470196,0.001
17,29,0.03210048216926021,0.14284916,0.17920475,0.7880797916483501,0.01772040561600416,0.102765,0.13283855,0.8723364796170655,0.001
17,30,0.03417543953972233,0.14670146,0.1848473,0.7752998954811204,0.021150099182570423,0.120327696,0.14567873,0.8760900849459275,0.001
17,31,0.031390839571864386,0.14132996,0.1771667,0.7925513351190113,0.01622101292014122,0.09688738,0.1273842,0.8713167955164841,0.001
17,32,0.02877457712115459,0.13541788,0.1696025,0.8054664055505296,0.01947593513910693,0.11082914,0.13884401,0.8909616858611322,0.001
17,33,0.03140616111204933,0.14018556,0.17722899,0.7931123873277186,0.019513725510074034,0.107530385,0.13928229,0.8539160877293768,0.001
17,34,0.028284529311077618,0.13400261,0.16818121,0.8102098825662991,0.016269941452062793,0.101212665,0.12666616,0.872321098137282,0.001
17,35,0.03187186961175404,0.14316115,0.17855293,0.7878856784691944,0.01775439487149318,0.10397016,0.13329425,0.8537659767726531,0.001
17,36,0.030734535464451204,0.13954951,0.1753011,0.7938306546874679,0.034298292775121,0.15086198,0.18510322,0.8456794771246745,0.001
18,1,0.1382597816289864,0.28888905,0.3718999,0.46956964776891874,0.03480697693993096,0.14994614,0.18696092,0.7554707456846123,0.002
18,2,0.05860680556708129,0.1919464,0.24214596,0.678086210088056,0.01818142945153846,0.103561506,0.1347669,0.8669529662061757,0.002
18,3,0.05159326980029729,0.17968415,0.22712675,0.7011444774752777,0.05517463768935866,0.19835335,0.23585923,0.8094881260792531,0.002
18,4,0.051902187951170256,0.18004236,0.22784804,0.7006461965508473,0.03410743692613862,0.14310268,0.1836346,0.7570420110356483,0.002
18,5,0.04942706319346815,0.17618327,0.22232504,0.7099057866605591,0.02844471653440484,0.13417566,0.16901205,0.8371495840704404,0.002
18,6,0.04795969204289543,0.17464958,0.21902731,0.7172623256525902,0.043169021571951884,0.17259768,0.2079376,0.8448943562031497,0.002
18,7,0.04288611076685173,0.16535006,0.20704372,0.7424117864493439,0.0550319912188031,0.19532597,0.23359606,0.7191635388053335,0.002
18,8,0.05764575547617033,0.18859147,0.24012445,0.6818634747288075,0.043877709587966954,0.16949673,0.20961484,0.7792052894708021,0.002
18,9,0.04812481504142563,0.17285427,0.21932784,0.7170689666769492,0.03230407159706509,0.13829127,0.17968006,0.805298099085453,0.002
18,10,0.07503578432391737,0.21729374,0.27398673,0.6404508007497366,0.048343623229474934,0.1769662,0.21992749,0.813312540558733,0.002
18,11,0.05298757065461827,0.18044773,0.23022641,0.7036637210868313,0.03846063601129033,0.14952816,0.19592673,0.844579697131416,0.002
18,12,0.05129349013468442,0.17858969,0.22647685,0.7071794876123364,0.027212431240412924,0.13286647,0.16545305,0.8054033302526141,0.002
18,13,0.05233049270627307,0.18101093,0.22869514,0.7043368806391105,0.11372497243185838,0.30155393,0.337948,0.7881337711217435,0.002
18,14,0.053414707616076015,0.18413593,0.23111275,0.698262006739748,0.08838562991608072,0.25606444,0.29716066,0.6567370904027025,0.002
18,15,0.05323435387695991,0.18113686,0.2306622,0.7038110532754672,0.024754446267184836,0.1241428,0.15690224,0.8211552244116777,0.002
18,16,0.05022482702586904,0.17733428,0.22414152,0.7085756172764209,0.04345380701124668,0.16188917,0.20923154,0.7688608409256547,0.002
18,17,0.04556758400209457,0.16836667,0.21349755,0.7274330892051415,0.03758782517440893,0.15816279,0.19436133,0.804041880609031,0.002
18,18,0.052929229177012344,0.18417385,0.23008442,0.6938860212364505,0.019106977895178175,0.11291309,0.13849097,0.8413602550222209,0.002
18,19,0.0547267983919967,0.18539536,0.23393321,0.695008854003034,0.10912208217713568,0.28099248,0.32821664,0.6645346317474532,0.002
18,20,0.08795610789174789,0.23414029,0.2965557,0.6047744320497602,0.06387378803143899,0.20999609,0.2510578,0.7774228506618177,0.002
18,21,0.06326394989895069,0.19935587,0.25153995,0.6590922049512896,0.03952302921701361,0.16302216,0.19864345,0.8516616211477757,0.002
19,1,0.23254410924268104,0.37914464,0.48226473,0.4006143336894448,0.29473271000164525,0.4671274,0.5448116,0.4253024399606607,0.005
19,2,0.23429403635107468,0.3817265,0.48402655,0.4175634791586008,0.0607473559125706,0.1910725,0.24791105,0.614797984262826,0.005
19,3,0.14467320138605955,0.30282962,0.38043255,0.49002688804801636,0.37700077836160306,0.53872246,0.615386,0.5223170071764657,0.005
19,4,0.24029683189414372,0.3871353,0.49022293,0.4201255439553417,0.12247426255985543,0.28680557,0.3506537,0.3059118396303173,0.005
19,5,0.22241151811572435,0.36928752,0.4716646,0.40280853866836075,0.06479470581851071,0.20965193,0.25612557,0.5981313891654289,0.005
19,6,0.1842418821337067,0.33632997,0.4291726,0.4539748395476021,0.08899277759095033,0.24206801,0.29919556,0.547193645129696,0.005
19,7,0.22403246573407518,0.37661958,0.47333795,0.42516387160116265,0.1870642657633181,0.34006977,0.43268415,0.1363876038938653,0.005
19,8,0.195084558260218,0.3508756,0.44173732,0.4500003863950684,0.21090465770275504,0.3689156,0.4579902,0.351061715145077,0.005
19,9,0.24386958455858387,0.392113,0.49385986,0.38954990596569045,0.2808532135354148,0.47297668,0.5297525,0.699601999480366,0.005
19,10,0.21342903794285573,0.3678621,0.46198434,0.4224429293423952,0.14242040117581686,0.31222504,0.378049,0.5007795850369545,0.005
19,11,0.18270769982520385,0.34237722,0.42745158,0.4756508400837233,0.18633857369422913,0.34944654,0.43030068,0.636833561044743,0.005
19,12,0.21193751139200737,0.3622486,0.46022308,0.4209327729694846,0.37327511332653185,0.5484052,0.6117416,0.6043030714437806,0.005
19,13,0.20051139053479533,0.34862688,0.44758084,0.45227816227860557,0.25691785249445176,0.4200971,0.50994575,0.31076594930475754,0.005
19,14,0.25691156050138103,0.40512025,0.50696033,0.4048252041793079,0.0635373657224355,0.2052114,0.25138023,0.6135100087568075,0.005
19,15,0.20168907423373136,0.353967,0.4491389,0.42584469561396,0.17693840615727283,0.33409348,0.42075816,0.6422367028041803,0.005
19,16,0.21663495518754575,0.36987683,0.46548298,0.42416290543436735,0.056790351039833493,0.18878296,0.23928553,0.6916661845447457,0.005
19,17,0.14011915893267804,0.29695934,0.3742657,0.5013641572071941,0.09025664641349404,0.23940058,0.29890716,0.7268315459091059,0.005
19,18,0.21807849521652978,0.37197143,0.46673873,0.4203780462793385,0.19500591398941147,0.36978093,0.43965533,0.33910837355049284,0.005
19,19,0.30561630389539995,0.43828115,0.55289876,0.36754821651303643,0.28066875482047043,0.47189295,0.5318802,0.5632071837023633,0.005
19,20,0.28127492873746657,0.41510695,0.5303742,0.3918409508852098,0.2837813024719556,0.4812259,0.5340531,0.6505484360225325,0.005
19,21,0.13741155598904484,0.2961968,0.3707101,0.5110131039418606,0.07908562381096461,0.22859271,0.28299904,0.7521272044151809,0.005
19,22,0.09728349871698454,0.2464986,0.31181926,0.5852151729399283,0.06190309431662576,0.19666669,0.2490752,0.7763226713862671,0.005
19,23,0.11536017448040788,0.26785588,0.3395356,0.5523171088576073,0.08614668691599811,0.24502507,0.29424736,0.5557119822768838,0.005
19,24,0.12603731569181256,0.2824645,0.35505038,0.526763121014947,0.12297371550704594,0.28204376,0.35279462,0.39547194877503034,0.005
19,25,0.3379287775954075,0.4582296,0.5813905,0.3372749559408416,0.12313089423157551,0.27920973,0.3498288,0.5911093878491587,0.005
19,26,0.2046853857306398,0.35798085,0.45244643,0.44485518372646005,0.10432242460686851,0.2597194,0.32373065,0.6325424620209714,0.005
19,27,0.13151151398806094,0.28906998,0.36266646,0.5143451863866565,0.037356635434897964,0.15040867,0.19156145,0.7780167679905026,0.005
19,28,0.11903182495489856,0.27004796,0.34481037,0.5414975612816889,0.07748167437535745,0.22215085,0.2792953,0.633419334941477,0.005
19,29,0.239857223300507,0.39200053,0.48980725,0.41503846774888137,0.1718736869731435,0.33916682,0.41618,0.2210622773810248,0.005
19,30,0.14144994902520258,0.29850563,0.3761149,0.5046116688612396,0.053576730364174756,0.18213159,0.23165843,0.7419992579986866,0.005
19,31,0.14013634754397045,0.29952076,0.37439784,0.5112154424532666,0.36705197035162535,0.52813965,0.6089072,0.5788104442515452,0.005
19,32,0.32010217637659233,0.45153025,0.5659213,0.36912415740836074,0.08692414679185108,0.22332516,0.29538274,0.6602397386350598,0.005
19,33,0.19755647178286703,0.35226285,0.44446477,0.4447771604109182,0.09780717268586159,0.25472796,0.31402555,0.47542701646977575,0.005
19,34,0.1446177147450709,0.30515695,0.38024345,0.5021961951937673,0.14410510810988922,0.32061487,0.3811287,0.6744421064533124,0.005
19,35,0.2027085813232393,0.3579956,0.45022407,0.44028676673113154,0.0915861024900719,0.24846329,0.30267292,0.5507065832232396,0.005
19,36,0.1549775018922497,0.31159142,0.39372587,0.4946192741696333,0.07398715911916008,0.20760356,0.2727822,0.39773389438708,0.005
19,37,0.15008990044453155,0.30672932,0.38731658,0.49336526147324045,0.21645538767592776,0.40550676,0.46766624,0.634690147669387,0.005
19,38,0.19540500837578395,0.34926364,0.44213584,0.45359588283178437,0.10300580025823028,0.25835422,0.32007465,0.6762581782701668,0.005
19,39,0.19990298644613438,0.35224968,0.44709954,0.4480282861834166,0.045669506614406906,0.16790113,0.21414387,0.7311016449753992,0.005
19,40,0.17883909130730083,0.33638763,0.42292637,0.45731805609938037,0.09454473928996811,0.22690837,0.3076298,0.6060352404028451,0.005
19,41,0.17035195832010183,0.32508332,0.41280058,0.4676478549025532,0.21453092364525353,0.40572262,0.46132806,0.6007189289207734,0.005
19,42,0.1980871947865202,0.35451603,0.44513616,0.4439517015401237,0.06332108813027541,0.1983715,0.2518198,0.5368553415611419,0.005
19,43,0.2568196858514414,0.396799,0.5062322,0.40586225559558936,0.3823331726921929,0.5416085,0.62139726,0.39255138932441475,0.005
19,44,0.21446876187817515,0.36889085,0.4631739,0.42772985583061307,0.1072112403947998,0.26556447,0.32933664,0.6029616290594683,0.005
19,45,0.13495800276852657,0.29400644,0.36727723,0.5172265927239227,0.0365519673322086,0.14792642,0.19158253,0.7843799343701048,0.005
19,46,0.17894996913306624,0.33175853,0.4230248,0.4600881877649726,0.10911929083091242,0.2754155,0.329945,0.7778941408326787,0.005
19,47,0.20957433735238057,0.3639583,0.4578865,0.4447392831209515,0.19637171799937883,0.37379384,0.44153023,0.6487843593113797,0.005
19,48,0.2458159648160511,0.39261648,0.49582106,0.40586588638722165,0.14239267163254596,0.2912567,0.37882006,0.7705737909951432,0.005
19,49,0.21848029884396591,0.37013397,0.46732688,0.43248505654956554,0.11979177256149275,0.2717594,0.3425083,0.5669030480813316,0.005
19,50,0.2016485469224297,0.35563812,0.44914782,0.4310422688293081,0.06706607948850703,0.21060583,0.25980505,0.6760136142560823,0.005
19,51,0.1461236772223193,0.30508,0.38221976,0.49813303833254674,0.08322856595946683,0.24257632,0.29014155,0.542694679998916,0.005
19,52,0.1562057358395552,0.3150358,0.39515764,0.5011376044714239,0.29674548738532597,0.4787064,0.54655373,0.7744528969477319,0.005
19,53,0.14390676715802925,0.30176014,0.37911195,0.4919285261869861,0.08767035289633053,0.2515218,0.29619762,0.7933622816670772,0.005
19,54,0.16784284778687858,0.3215411,0.40961942,0.47857222908427166,0.14275749289879092,0.30850792,0.37899935,0.482667675281821,0.005
19,55,0.15171826237412256,0.31285578,0.3895375,0.49930064033489296,0.08053298573940992,0.21855225,0.2847492,0.7319180801454314,0.005
19,56,0.23546821726747205,0.38889095,0.48533309,0.419804896933296,0.22509567067027092,0.3924016,0.47723803,0.6011636672522853,0.005
19,57,0.1509205212329175,0.3042854,0.3885523,0.4997812261207987,0.07696027901989443,0.22511952,0.27810216,0.6339627135520853,0.005
19,58,0.14277286155619354,0.2984116,0.37782377,0.5114052525971083,0.08748297724458906,0.23330618,0.2922518,0.6418476158277098,0.005
19,59,0.1147192113675943,0.26649496,0.3387556,0.5501973017083817,0.04298214662682127,0.16426975,0.20781185,0.6984870234146766,0.005
19,60,0.15325647545108032,0.30569673,0.39142963,0.4949286214830642,0.13213034601951087,0.27723503,0.36574593,0.6125467889237982,0.005
19,61,0.25878622175725263,0.39967385,0.508813,0.3975639161310595,0.1378267558498515,0.29686752,0.37272903,0.7100082206093791,0.005
19,62,0.2475530330056899,0.39379326,0.49763873,0.4051653693253228,0.08249137440213451,0.23757641,0.2879711,0.6521193685220127,0.005
19,63,0.32244101939635855,0.44806248,0.56799275,0.35028686988765195,0.08020327916299855,0.2312716,0.28159028,0.6328028164416293,0.005
19,64,0.15206041884234298,0.30969924,0.38997012,0.49171901404949486,0.12168191759674638,0.28697535,0.34995708,0.583079544182434,0.005
19,65,0.11257989705044115,0.2645737,0.33554947,0.5522095804563563,0.03456056719921805,0.14262016,0.18673623,0.80470822115211,0.005
19,66,0.12536804709653152,0.2769087,0.35402727,0.5464757622631564,0.33373130926931344,0.5246422,0.5758533,0.6728127240891152,0.005
19,67,0.2676001556443973,0.40846533,0.5173769,0.3864832042129876,0.08926067446117047,0.24275337,0.30048543,0.7065833205710171,0.005
19,68,0.22305423043076403,0.36987934,0.4724116,0.42816929463555353,0.05953589899258481,0.19450748,0.24405015,0.757080844255789,0.005
19,69,0.16917111827974496,0.32605323,0.41140395,0.4742295480350776,0.06955470165444745,0.21795045,0.26453322,0.7223486797202114,0.005
19,70,0.11430617400758386,0.2658001,0.33805886,0.5472656451012148,0.046680083256904724,0.17477302,0.2167076,0.6962388523110585,0.005
19,71,0.11354681420374975,0.26561758,0.33701062,0.5513452637688627,0.06485904339287016,0.20988597,0.2539655,0.605197353400835,0.005
19,72,0.13084659003435034,0.2895606,0.3617246,0.5126629960813524,0.1320033110678196,0.30050555,0.36433503,0.6653380568909754,0.005
19,73,0.11904680660151154,0.2716812,0.34488735,0.5612465323660529,0.08840321169959174,0.23865007,0.2985281,0.6166350596988215,0.005
19,74,0.20467946388558528,0.35626277,0.45225883,0.4354245671933925,0.06804201224197944,0.21516247,0.26233578,0.598738314627507,0.005
19,75,0.17864092109533392,0.33513278,0.42270824,0.46197411316011555,0.05988011691995241,0.19557251,0.2446795,0.7181807639154565,0.005
19,76,0.14037695406527023,0.29753962,0.37472078,0.5185289060469189,0.05505362580771799,0.18907222,0.23303363,0.7294442742549003,0.005
19,77,0.11868721801596128,0.27618083,0.34458572,0.5382197837510208,0.11222194100695627,0.2805388,0.33645856,0.7325631945144633,0.005
19,78,0.10593024668692846,0.25523722,0.3251835,0.5678815356185228,0.13015506547634248,0.30338082,0.35922265,0.4771037995110228,0.005
19,79,0.16133436645929503,0.31765804,0.40175617,0.4850636843112198,0.14782579063817305,0.3221956,0.38366684,0.7356830388254307,0.005
19,80,0.20954033070043704,0.35986257,0.45752153,0.43329494014101855,0.1609779360393683,0.30054268,0.40195173,0.7164432514847802,0.005
19,81,0.16384228876852822,0.3214791,0.40477288,0.4932493914403906,0.07244196927381887,0.21838844,0.26980692,0.6583540580764988,0.005
19,82,0.13426558068022132,0.28900492,0.3664385,0.507373551391491,0.03962728094861463,0.14987123,0.19932264,0.712844840115131,0.005
19,83,0.09552919272785988,0.24579461,0.30914217,0.6000445225998208,0.09579587313863966,0.25592658,0.30994534,0.5144130362944138,0.005
19,84,0.1426547666245671,0.30086258,0.37767422,0.501715064118414,0.3572398043341107,0.51523423,0.6009003,0.3078501349220349,0.005
20,1,0.12377354279856816,0.27566865,0.35187185,0.4476798561194983,0.0271424900607339,0.12294148,0.16392171,0.7930639630786456,0.0005
20,2,0.0783403166961447,0.22204858,0.27991855,0.5949869663430575,0.02157717796840838,0.10967355,0.14564723,0.8303024800869923,0.0005
20,3,0.061489687501409346,0.19997858,0.24798472,0.6541810378914679,0.017813440512067506,0.10264544,0.1325509,0.8556788906549143,0.0005
20,4,0.04058128700669959,0.16061382,0.20145284,0.7377843953876845,0.023445679540080682,0.11857761,0.15265432,0.8372162772328396,0.0005
20,5,0.03321867550192314,0.1447993,0.18226774,0.7760358969604512,0.013869531652224916,0.08899599,0.1165965,0.8897605005300727,0.0005
20,6,0.026366877443566222,0.12893865,0.16239059,0.8201362891408488,0.015122496556224567,0.0939674,0.12263607,0.8851476103276589,0.0005
20,7,0.023446124277695594,0.12117749,0.1531368,0.8348312268928064,0.01802589328560446,0.1039099,0.13450019,0.8711031379271464,0.0005
20,8,0.02187792820177067,0.11526864,0.14790997,0.8461141644104037,0.014475146641156502,0.093885645,0.11975322,0.8925700718103937,0.0005
20,9,0.019167220833598175,0.10984748,0.13845082,0.8636189839737893,0.014913087112030812,0.097417556,0.122456536,0.8942891283553692,0.0005
20,10,0.01971748486491982,0.110425994,0.14042908,0.8594585561551693,0.013011059856840543,0.08782329,0.11352766,0.8961096398395618,0.0005
20,11,0.01815974751539598,0.105593495,0.13476956,0.8707523352799982,0.014869819827643889,0.09308471,0.121584885,0.8954052062010605,0.0005
20,12,0.017640328844225853,0.10473806,0.13282797,0.8731059108158137,0.014558224273579461,0.092965335,0.12045693,0.8966249372667097,0.0005
20,13,0.017568695319764245,0.10523578,0.13255465,0.8754723434813317,0.01635385164991021,0.100366265,0.128294,0.8791302677819889,0.0005
20,14,0.01746553123850271,0.103654824,0.13216573,0.875032533179216,0.014994909255100148,0.09486792,0.12258817,0.8974193664627211,0.0005
20,15,0.017751161344175304,0.10589509,0.13322833,0.8730364740893186,0.014861230405845813,0.0937252,0.1217079,0.888718683670496,0.0005
20,16,0.01790600629070791,0.10493786,0.13380629,0.8717154397352784,0.014450516651517578,0.09428245,0.119472265,0.8948155222231472,0.0005
20,17,0.019824369980248613,0.10955964,0.14080904,0.8585356096287031,0.01373842657942857,0.08809279,0.11739985,0.8933868933463336,0.0005
20,18,0.018668804844301716,0.109514154,0.13664329,0.8664431365942792,0.016097681796444312,0.09738772,0.12676215,0.8854539309929875,0.0005
20,19,0.01802408548124204,0.10658834,0.13426638,0.8710157247142695,0.013407424258600389,0.08972164,0.11562843,0.899014444197923,0.0005
20,20,0.017238386197311578,0.104415454,0.1313104,0.8770573186720213,0.013339313212782145,0.08765942,0.11528649,0.8938601341449838,0.0005
20,21,0.018179750949074733,0.107453704,0.13484155,0.8697016389896279,0.013486932663779174,0.088749096,0.1159026,0.8948164028342744,0.0005
20,22,0.018526959833558475,0.107227944,0.13611199,0.867305354328213,0.01670593721792102,0.09865978,0.12924503,0.886248489282425,0.0005
20,23,0.018913647599483482,0.110339426,0.1375479,0.8650069389866416,0.014169423874201519,0.08977918,0.11812626,0.8893633691213715,0.0005
20,24,0.01802783309281847,0.106328875,0.13427442,0.8711758350990207,0.014461129637701171,0.090175554,0.12000734,0.8924815577993098,0.0005
20,25,0.017387567144583598,0.104221836,0.13186727,0.8759565681866298,0.019636787341109345,0.110690586,0.13975024,0.8821557012685737,0.0005
20,26,0.0181694994419465,0.1067831,0.1347993,0.870279467910333,0.014725390688649245,0.09472219,0.121045694,0.8814500353817967,0.0005
20,27,0.018255887927365638,0.10797649,0.13513024,0.869955753113925,0.01370001002214849,0.090829626,0.11788703,0.8963630506656329,0.0005
20,28,0.019413580569638825,0.10987236,0.13933997,0.8605897903628189,0.02238628693989345,0.120905094,0.14929853,0.8854712973066097,0.0005
20,29,0.019860663063928623,0.11283604,0.14092948,0.8585690115836033,0.013301832667951072,0.08570717,0.11519235,0.892893116061534,0.0005
21,1,0.10043894703212743,0.24990639,0.3169632,0.5409480225150485,0.023009965994528363,0.117606886,0.15084334,0.8294142165651969,0.001
21,2,0.056257291479366964,0.19017306,0.23718588,0.6719762696961488,0.018601603340357542,0.10772931,0.13659032,0.8635634082426006,0.001
21,3,0.03759782118983915,0.15497404,0.19390893,0.7617732614715959,0.016854839366195456,0.09891354,0.13014796,0.8652270347927138,0.001
21,4,0.027400969083760385,0.13077039,0.16551732,0.8119978237712645,0.015122472840760435,0.09180549,0.122521244,0.8876266127524977,0.001
21,5,0.0235587666855655,0.12265809,0.15349056,0.8366702847719303,0.019535092936296548,0.10972991,0.14008509,0.884882331498451,0.001
21,6,0.022814346520909082,0.11814886,0.15103742,0.8397369308328311,0.01341901280518089,0.08957908,0.11566314,0.892748311355804,0.001
21,7,0.023113565562971842,0.12185685,0.15204267,0.8379634935123297,0.015195481745260102,0.09526474,0.124102116,0.8804067925314482,0.001
21,8,0.02255984436650978,0.12011885,0.15020971,0.8413701265326992,0.013433488684573345,0.08578873,0.11456012,0.8951173438347162,0.001
21,9,0.021999000837138603,0.117661744,0.14830811,0.8452720076983282,0.01481238759255835,0.09396274,0.12099825,0.8854058007874838,0.001
21,10,0.024446676180602235,0.122978605,0.1563736,0.8307368044435893,0.015319887648469635,0.09686843,0.12409479,0.8819276753107734,0.001
21,11,0.022957337202034266,0.118364595,0.1515161,0.8392753155095197,0.017325731460005045,0.10397183,0.1331723,0.8689044058238022,0.001
21,12,0.022851455199453877,0.120052785,0.15119286,0.8398016765957913,0.016947847325354815,0.104603045,0.13050339,0.9023576520431998,0.001
21,13,0.02424044464062029,0.12489085,0.15570422,0.8308758402313218,0.02028236458344119,0.11348685,0.14351182,0.8284173704735693,0.001
21,14,0.023290533755218314,0.120092966,0.1526189,0.8360649802435814,0.02357418036886624,0.12613462,0.15483838,0.8874642516754335,0.001
21,15,0.024937088118221994,0.12588128,0.15790479,0.8267822552264922,0.01911602289016758,0.110807374,0.13855766,0.8826525968376505,0.001
21,16,0.02374895089349457,0.12256146,0.15412848,0.8324525922810662,0.014433010946959257,0.091398194,0.11914708,0.8862464334374315,0.001
21,17,0.024722798022432862,0.12610304,0.1572089,0.8293028418561879,0.020112988139901842,0.113861136,0.14124545,0.8792526311100923,0.001
21,18,0.024010449143074382,0.12319435,0.15493695,0.833918655106374,0.015021665354392357,0.094986446,0.12294447,0.886798275568859,0.001
21,19,0.022040831116593888,0.11864411,0.14848024,0.8448541566416203,0.015145296763096536,0.09685657,0.12307828,0.8840316048924203,0.001
21,20,0.02138004122110449,0.11661547,0.14621931,0.8500498943773289,0.01439383376522788,0.09139765,0.120269835,0.8831634754653174,0.001
21,21,0.022355890140877428,0.12003076,0.14949113,0.8441292985405878,0.02601684649874057,0.13196948,0.16240585,0.8652420241424307,0.001
21,22,0.021616131424137923,0.11536114,0.1470211,0.8475243051951236,0.015914718387648463,0.09652784,0.12600443,0.8883485587598001,0.001
21,23,0.020383847598856853,0.11357624,0.14275217,0.8571259224912051,0.015580150897481613,0.09761385,0.12418345,0.892358880458425,0.001
21,24,0.02904867019643572,0.13616505,0.17046104,0.8014678563692016,0.018530597910284996,0.10573295,0.135428,0.8712661534756557,0.001
21,25,0.02217561067038468,0.1188146,0.14893186,0.8443909459173764,0.017844878802342073,0.10196303,0.13311884,0.875460109268373,0.001
22,1,0.12290473045589768,0.27232778,0.35057798,0.49978154728935786,0.02527389409286635,0.12523067,0.15988933,0.792532591755165,0.002
22,2,0.05129085965976815,0.17916831,0.22651123,0.6932086593448474,0.018630538335336105,0.108808994,0.13786337,0.8704492421671906,0.002
22,3,0.036841564098042304,0.1518827,0.19192715,0.7633730696933915,0.01718590754483427,0.1026009,0.13058776,0.8656386241056204,0.002
22,4,0.03003672774985572,0.13679525,0.17332324,0.7980176665742388,0.027090364468417,0.13557117,0.1659414,0.8676589237903957,0.002
22,5,0.03112818403430631,0.14035715,0.17640041,0.7925641054380022,0.03590109299070069,0.14915769,0.18349552,0.8457503728076445,0.002
22,6,0.029913178053205817,0.13626608,0.17297359,0.8028648980375978,0.03113462925622506,0.14265935,0.17788342,0.7992822590802644,0.002
22,7,0.03835073814979781,0.15658711,0.19586723,0.7539888685398356,0.023915327486715147,0.12074824,0.15601246,0.812805936420744,0.002
22,8,0.03523880426084327,0.14745624,0.18771182,0.7734225332984166,0.04848205324794565,0.1849959,0.21891828,0.8175436623747774,0.002
22,9,0.04582905172257223,0.1710341,0.21409078,0.723782869447118,0.024980972121868814,0.12850977,0.16027845,0.8484415169427645,0.002
22,10,0.03650951235790119,0.15245561,0.19108686,0.7704485442778809,0.019747577807200805,0.11152126,0.13869275,0.8569768414011818,0.002
22,11,0.03425449347471662,0.1470052,0.18510394,0.7776585350980205,0.02114727081997054,0.11817594,0.14681944,0.848593881913925,0.002
22,12,0.03250703058927973,0.14396548,0.18031731,0.7861651296244545,0.030535470960395678,0.13982548,0.17172566,0.8500528565035605,0.002
22,13,0.04949264626114446,0.17900527,0.22250085,0.7125867513709514,0.03192205347919038,0.14256217,0.18031207,0.7434513960654865,0.002
22,14,0.035104711009102445,0.14924856,0.18732624,0.773052896482631,0.032021104491182735,0.14633468,0.18028621,0.8596233999807654,0.002
22,15,0.035969888356244456,0.1509163,0.18964422,0.7693201382196035,0.01849045398245965,0.106973484,0.13411805,0.8649212194361914,0.002
22,16,0.03679351168292984,0.1511679,0.19183098,0.7655302353184676,0.021278031170368195,0.11447622,0.14680801,0.8494777638994558,0.002
22,17,0.03667605676139905,0.15167928,0.19152385,0.7679418978782644,0.02160673601818936,0.11474042,0.14642149,0.8602458589072497,0.002
22,18,0.03422913343480257,0.14895515,0.18501957,0.7787924446913143,0.01729670912027359,0.102876894,0.13298549,0.8616098402166773,0.002
22,19,0.03989040495601492,0.15884817,0.1997301,0.74857662173416,0.051365288506661146,0.19037095,0.22734286,0.8149996951838735,0.002
22,20,0.030862844549119473,0.13835505,0.17568274,0.7983271938926523,0.01712405595130154,0.103996225,0.13224235,0.8671045289861415,0.002
22,21,0.0338561310145621,0.1452399,0.18395947,0.7752002039239045,0.01741334350247468,0.1058795,0.1325061,0.8680420878123897,0.002
22,22,0.03595755251873041,0.14927399,0.1896284,0.7701123529052465,0.017069561540016105,0.102417976,0.1299874,0.8788416743830532,0.002
22,23,0.03457208551362018,0.14763328,0.18596788,0.7820570564045122,0.021628657023289373,0.11634065,0.14620572,0.8481802084849442,0.002
22,24,0.03212589008089538,0.14291462,0.1792529,0.7876681531335813,0.018976226382489716,0.110095516,0.13764353,0.8739295261907379,0.002
22,25,0.04115844724229842,0.1616189,0.2029027,0.7487611541665532,0.021098133908318623,0.11069607,0.14637224,0.8418746201155366,0.002
22,26,0.03311894385788207,0.14492135,0.18199342,0.7828728707274726,0.024147475404398783,0.12708999,0.15627946,0.8374750140412641,0.002
22,27,0.0338748311275773,0.14683545,0.1840237,0.7779059918192299,0.019924107074205364,0.11344247,0.1434686,0.8715063395354776,0.002
22,28,0.03013513944869008,0.13792123,0.17360124,0.7979966213053172,0.020936285943857262,0.11844355,0.14637603,0.85196039453773,0.002
22,29,0.02747878047559306,0.13153897,0.16576096,0.8132289480199927,0.039041099936834404,0.1676201,0.19838278,0.8491167548249122,0.002
22,30,0.03704302222685558,0.154642,0.19245483,0.7662880480341532,0.02097953436896205,0.11392382,0.14617538,0.8457370305350129,0.002
22,31,0.029521069593866852,0.1361314,0.17183396,0.7998079141713422,0.0247423832770437,0.12962697,0.1589724,0.8777533262297703,0.002
22,32,0.03460736006985758,0.14780903,0.18604164,0.7754282127729981,0.021092126944235394,0.11600197,0.14562704,0.857590311722745,0.002
22,33,0.03586969934577975,0.14823952,0.18937777,0.7652038160000688,0.05310458689928055,0.19944878,0.2316361,0.8445627348639255,0.002
22,34,0.040373176083873925,0.15986073,0.20088872,0.7494107776052337,0.03401571066517915,0.15077715,0.1853831,0.8114519970293831,0.002
22,35,0.04126399840776608,0.16149221,0.20313233,0.7416340454684395,0.026617446315607855,0.13163511,0.16304515,0.8314407556303438,0.002
22,36,0.033765061227517705,0.14723751,0.18374461,0.7830025927686333,0.026451259119702236,0.1286982,0.16169289,0.8324863565813747,0.002
22,37,0.035997502340404226,0.15019816,0.18972756,0.767669077283906,0.01567580584170563,0.096832015,0.12592967,0.8728888758416559,0.002
22,38,0.03675222463870995,0.1512274,0.19172677,0.7673887321003983,0.04381036977948887,0.16513047,0.20990983,0.7548501533762109,0.002
22,39,0.03614146474783666,0.15296017,0.19010527,0.7709599776273691,0.02286140328007085,0.117554836,0.15182284,0.8179950519841735,0.002
22,40,0.03641198451030199,0.15120424,0.19081926,0.7675234381808798,0.02076756428661091,0.11542177,0.14488918,0.8503021198502266,0.002
22,41,0.032225207277686796,0.14325768,0.17951332,0.7864211620391949,0.031668795472277064,0.14294201,0.1769951,0.8149030355442137,0.002
22,42,0.0377467052454007,0.15460111,0.194267,0.7564517638865105,0.028918722112263952,0.13711604,0.16902465,0.8564736570079454,0.002
22,43,0.030515625428791358,0.14071037,0.17470302,0.7974901697851496,0.021060460047530278,0.11294577,0.14422628,0.8426132590264227,0.002
22,44,0.03206530435306725,0.14429343,0.17907038,0.7890377038262155,0.03080086430002536,0.13892774,0.17546351,0.7907529031431059,0.002
22,45,0.034201948799053646,0.14670621,0.18493155,0.7763529594912782,0.016968342142977884,0.10148156,0.1297263,0.8637979828811079,0.002
22,46,0.03588077016871109,0.15217242,0.18942027,0.7669036761136698,0.019602997860472118,0.10858841,0.13946351,0.8685480920314651,0.002
22,47,0.03522798467740834,0.1506611,0.18769825,0.777365241386126,0.026562537598822798,0.12835377,0.16511133,0.7992495593343634,0.002
22,48,0.03526486289278369,0.14961238,0.18776111,0.7671671248505082,0.02659573099975075,0.13428703,0.16428705,0.8488635664359151,0.002
22,49,0.030089491151412514,0.13811623,0.17345169,0.8003513045963904,0.023543263519448892,0.12507135,0.15465228,0.8636740604439938,0.002
22,50,0.03248512537749571,0.14430216,0.18026721,0.7873167830415414,0.019019785669765303,0.10613607,0.13832004,0.8462986521637826,0.002
22,51,0.03192239988455984,0.14146398,0.17870301,0.7888311330139658,0.018568793444761207,0.10815473,0.13639727,0.8509810101883771,0.002
22,52,0.030988159528541788,0.13919173,0.17606017,0.7913838568846865,0.037127570382186344,0.15627646,0.19528605,0.8456281216404973,0.002
22,53,0.03152289866495912,0.13969596,0.17756313,0.7953142563195935,0.030498785765043328,0.14532374,0.17495352,0.8253971966058401,0.002
22,54,0.031593011622534736,0.14260945,0.177764,0.7914842615981497,0.029351976300988878,0.14207093,0.17274839,0.8558312909906982,0.002
22,55,0.02895971727078763,0.13529132,0.17019995,0.8077580339408594,0.01783682425905551,0.10388879,0.13429423,0.857921724244874,0.002
22,56,0.031643048346599686,0.14172329,0.17789902,0.7890568547377911,0.028178482981664792,0.1332876,0.16488193,0.835663847372356,0.002
23,1,0.2202293044565437,0.35427362,0.4693823,0.3952151910835075,0.07096100591921381,0.21826312,0.26628232,0.7519875038128572,0.005
23,2,0.06048510094808641,0.19509864,0.24594955,0.6795702605095756,0.024550454491483315,0.124576375,0.15739694,0.7888813045163289,0.005
23,3,0.05683308415045248,0.18705383,0.238344,0.6831138615402623,0.036223423800298145,0.15432696,0.19057661,0.7259584935151023,0.005
23,4,0.0909094574260656,0.24134222,0.301502,0.5987468620075425,0.037508308687912564,0.16090243,0.1966174,0.7411412907207864,0.005
23,5,0.06934524661748209,0.20851459,0.26328397,0.6445590618625628,0.042590978289289136,0.16813964,0.20979756,0.6491104209496694,0.005
23,6,0.13587691756748707,0.29684505,0.36865592,0.5154722698362375,0.12399452871509961,0.30581278,0.354856,0.668950006382995,0.005
23,7,0.09509493609037355,0.24557593,0.3084131,0.5796702830339359,0.034613275002422075,0.14801294,0.18992461,0.7119541947851868,0.005
23,8,0.1143222894937357,0.26827246,0.3381432,0.5398030947520085,0.06834728643298149,0.2099951,0.2612834,0.7152899986937155,0.005
23,9,0.07114934689739597,0.2114353,0.26671562,0.6455568548914744,0.03333575291825192,0.14161463,0.1832987,0.768054241161134,0.005
23,10,0.08123701549718314,0.22815762,0.28503233,0.6165965780682401,0.04041055443563631,0.15997015,0.20301332,0.6826506078307042,0.005
23,11,0.09976459835943217,0.24932979,0.31590068,0.5735227446103817,0.11421034219009536,0.28889784,0.3362364,0.7538996402907407,0.005
23,12,0.12965500081462838,0.2841434,0.36005276,0.5202925167582823,0.07839871716818639,0.21927436,0.28349602,0.5642514258323097,0.005
23,13,0.08945731536668038,0.23528746,0.29911122,0.6041468392930308,0.0678998869843781,0.21276261,0.25878263,0.5786672277398369,0.005
23,14,0.07184959145558771,0.21101405,0.2680087,0.6430131354028603,0.04437061731836626,0.16899712,0.21245006,0.7252228671055837,0.005
23,15,0.13378071884198167,0.29387864,0.36579505,0.5218458858763475,0.10582105881933655,0.2698001,0.33056352,0.5505608564641393,0.005
23,16,0.14354173177592108,0.3026898,0.37889138,0.5166291304383427,0.13415048750383513,0.30742753,0.36872113,0.7822498809543293,0.005
23,17,0.11863681907269442,0.27725428,0.34443682,0.5382339107122485,0.035040317103266716,0.15162294,0.1896348,0.7259923333020885,0.005
23,18,0.09096775214387992,0.24094571,0.30159605,0.590234325732093,0.1668692502592291,0.36376265,0.41549176,0.5710802221543863,0.005
23,19,0.08500183368467282,0.23286614,0.29160088,0.6030953149489344,0.041497452317603996,0.17000929,0.20645048,0.6875831507019392,0.005
23,20,0.09408129490563803,0.24429114,0.30673635,0.5888916759400433,0.03905528211700065,0.15309687,0.1996701,0.7299650182468617,0.005
23,21,0.06106418724580903,0.19583407,0.24710387,0.6775053909752728,0.03405039198696613,0.14310004,0.18566835,0.7888203288471779,0.005
24,1,0.18876268851644767,0.33942395,0.43440536,0.3750470096836397,0.02738975738477031,0.13325542,0.16661827,0.8122621116084298,0.0005
24,2,0.07347951281356634,0.2169609,0.27111873,0.6074104210025938,0.021007288070568057,0.11541874,0.14532652,0.8655509490090918,0.0005
24,3,0.04461149485301984,0.16775438,0.21122946,0.7169317052587136,0.027762153793850705,0.13611443,0.16769393,0.8673406258851265,0.0005
24,4,0.03302852300533733,0.1443196,0.18174201,0.7741929402489022,0.01926120080019313,0.10804362,0.1396243,0.8629805223062231,0.0005
24,5,0.03240161713171385,0.14260995,0.1800562,0.775450684430064,0.015029829088706282,0.09541319,0.12345162,0.8899001092975299,0.0005
24,6,0.030882321566040847,0.13834213,0.1757516,0.7844557320148152,0.014547429043499573,0.09449994,0.12145882,0.8850804854132025,0.0005
24,7,0.03197633944969694,0.14169692,0.17880583,0.7810758167349986,0.03756337156260593,0.16750781,0.19476293,0.8507121524873746,0.0005
24,8,0.03403489167364662,0.14670676,0.18445493,0.766647628419783,0.019223295695458848,0.10774582,0.13952701,0.8467440907128552,0.0005
24,9,0.03536624809067204,0.14805113,0.18803628,0.7591987976921225,0.05263270565343124,0.19786568,0.23015122,0.8530576437127647,0.0005
24,10,0.034016212443309775,0.14633429,0.18442065,0.771829127886984,0.0165868855628846,0.09955208,0.12969333,0.8776429722258999,0.0005
24,11,0.035423539783729446,0.14950985,0.1881981,0.7613201236412038,0.018982020698280797,0.10522875,0.13806437,0.8560602010054635,0.0005
24,12,0.03579998803031239,0.15069656,0.18917955,0.7596740934362378,0.02251313878999402,0.11772781,0.14945579,0.8434322203346105,0.0005
24,13,0.036482248492821806,0.15230547,0.19103952,0.7558504607664185,0.02426686734650974,0.12941399,0.15646653,0.8270814796265206,0.0005
24,14,0.03704733251883413,0.1528427,0.19250931,0.7471639820831889,0.020881919007041252,0.11244597,0.14546897,0.8398836660552874,0.0005
24,15,0.03428229261907775,0.14723308,0.1851718,0.7640974483249514,0.019007542156571248,0.10216274,0.13880661,0.8563810133099007,0.0005
24,16,0.03468140504441537,0.1455198,0.18626697,0.7671093608740363,0.016972362999459385,0.09894877,0.13078582,0.8597373862485549,0.0005
24,17,0.03397914633768497,0.14635025,0.18431339,0.7675609565161918,0.019784320958596828,0.11308892,0.14158605,0.8538605166565791,0.0005
24,18,0.03571489659028137,0.14992478,0.18902938,0.7592339348521674,0.02607608448576044,0.1311194,0.16224544,0.8716007340740115,0.0005
24,19,0.03555506613923163,0.14886492,0.1885651,0.7609614894977118,0.02164888823635583,0.11333016,0.14816095,0.817135957079336,0.0005
24,20,0.03496267510252726,0.1486218,0.18700333,0.7624615187685578,0.025285398557402746,0.12441089,0.1595199,0.8465121228141516,0.0005
24,21,0.03703469708975335,0.15173492,0.19215669,0.7481995635630209,0.03345094044278893,0.15155381,0.1824035,0.8629918842980805,0.0005
24,22,0.03617201960987246,0.15205649,0.19020413,0.7580150721656358,0.01732236896188826,0.10287168,0.13185489,0.8728429136439312,0.0005
24,23,0.032410674492222534,0.14300066,0.1799722,0.7762158158115704,0.017688399827521708,0.10424113,0.13391699,0.855930037885651,0.0005
24,24,0.03342498507879448,0.1455423,0.18278866,0.7690145384586462,0.017687868579135586,0.10392895,0.133868,0.8576288000392401,0.0005
24,25,0.034921865255319484,0.14875637,0.18688016,0.7631027485095603,0.017907202625388488,0.10107877,0.1340329,0.8515068385607918,0.0005
25,1,0.15363386701944798,0.30435988,0.3920306,0.42939158658758525,0.026914663487803882,0.13329001,0.16465712,0.8264095659722923,0.001
25,2,0.05484429031782392,0.18536226,0.23422347,0.6780019688488209,0.023054343997500837,0.12112022,0.1526892,0.8402503963170782,0.001
25,3,0.05443613254043565,0.1851995,0.23336685,0.6819954832536063,0.02609705207955644,0.12940323,0.16194436,0.8404591289774477,0.001
25,4,0.05836142884473813,0.19114555,0.24159576,0.6559752823147036,0.05390339533591436,0.1922128,0.23342505,0.7555712519015296,0.001
25,5,0.06354919975383042,0.20190537,0.25193954,0.6472781941205229,0.021815734604994457,0.11617958,0.14872354,0.8311461885760386,0.001
25,6,0.06567491462647862,0.20451604,0.25631458,0.6411602093717447,0.030681459362515144,0.1391613,0.17602691,0.8120913902799607,0.001
25,7,0.06410911255439952,0.19892319,0.2532275,0.6498943542360504,0.024953852131417348,0.12327594,0.15893506,0.8011998600523358,0.001
25,8,0.06255460784185207,0.20157205,0.2501557,0.6404354365913,0.025112237942637335,0.12066213,0.1595785,0.799741154008727,0.001
25,9,0.06113402100680309,0.19835912,0.24728343,0.6509915435302542,0.025032975288383937,0.12775604,0.15923673,0.8162794714254317,0.001
25,10,0.061943325751012836,0.19760184,0.24888843,0.6564852335648541,0.028377357544808614,0.12965709,0.16689421,0.8066364077795386,0.001
25,11,0.05182846289924477,0.1826087,0.22757263,0.6954856046524527,0.024328193301766145,0.12278408,0.15697968,0.8094020310143313,0.001
25,12,0.05711193772676949,0.18880561,0.23884368,0.6668468074651663,0.022281407661028898,0.12266992,0.15022215,0.8388135299120897,0.001
25,13,0.06221045282937012,0.19820482,0.24939331,0.6544319454123151,0.02647517137746844,0.12681653,0.16186877,0.8310803245743439,0.001
25,14,0.06451140175884694,0.20067291,0.2539336,0.6398168934687452,0.043262857568657234,0.17499831,0.20883812,0.8407902437878294,0.001
25,15,0.06525235616294102,0.20483796,0.25543934,0.6404386026247769,0.02568084735388833,0.1270251,0.16022216,0.8366903888503648,0.001
25,16,0.06290962793467192,0.19934998,0.25077772,0.655087941262007,0.026673238378457934,0.12632722,0.1644403,0.8264776660286238,0.001
25,17,0.05907685504535379,0.1919896,0.24306615,0.66143753993599,0.025684188408410625,0.12535349,0.16132186,0.7853403918306614,0.001
25,18,0.06845429980725912,0.20631492,0.26170516,0.6256927126727103,0.02126182379719534,0.113082394,0.14683592,0.8202737585703155,0.001
25,19,0.057954133462942,0.18994537,0.24080406,0.6630384840361128,0.03534350631067624,0.15265892,0.18931597,0.7891549925716684,0.001
25,20,0.057064553961825824,0.1903871,0.23883548,0.6729132256690403,0.07442647577435882,0.22988704,0.27159783,0.7662819777821233,0.001
25,21,0.05941947807109627,0.19560209,0.2437036,0.6614372890362447,0.0200360570559968,0.10890476,0.14252257,0.8317638744940744,0.001
25,22,0.06356152767646257,0.2007671,0.2520901,0.6418663943573036,0.02121625842461004,0.11428378,0.14667986,0.8357335407588878,0.001
25,23,0.058205055148519196,0.19435374,0.24129853,0.6619379308550244,0.027778297759006684,0.13312808,0.16783613,0.7776818761692116,0.001
25,24,0.061716668380948796,0.19947246,0.24834408,0.6475916602148085,0.08903110777545306,0.2643998,0.29951233,0.8459693536045665,0.001
25,25,0.06110816734035665,0.19669273,0.24725175,0.6608763550823261,0.02469717408961582,0.121805854,0.15819794,0.7988528577667903,0.001
25,26,0.055974482250221454,0.19056417,0.23663945,0.6756220789280951,0.027557497031348584,0.13239327,0.16532445,0.8414031209878555,0.001
25,27,0.0715783019996222,0.21318659,0.26759604,0.6255818892787848,0.04028915269817743,0.1649816,0.20177709,0.8251288778931453,0.001
25,28,0.059753852957863986,0.19430889,0.24443202,0.6538250042527519,0.03722329867175884,0.15822953,0.19269288,0.8090543672895938,0.001
25,29,0.060310131376261046,0.19544311,0.24556556,0.6489376313654224,0.019781730086025264,0.11026034,0.141571,0.8562515715126572,0.001
25,30,0.051962611748005705,0.18225698,0.22788806,0.697146696727686,0.028393160176670387,0.13292359,0.16795635,0.797774020600861,0.001
25,31,0.057654046639038475,0.19030002,0.24010575,0.6694492622148474,0.026101774875617895,0.12785973,0.16186397,0.774127170224005,0.001
25,32,0.05560756026371164,0.18778042,0.23580195,0.6743250319684159,0.02939487312256393,0.13685322,0.17262198,0.7464364164166933,0.001
25,33,0.06528633567352266,0.20371926,0.25549647,0.6371530259287458,0.03137396299711394,0.14266773,0.17832267,0.7423334040122925,0.001
25,34,0.05733701144453904,0.19207038,0.23947956,0.6630468737070856,0.026984080620523956,0.13089383,0.16506886,0.8176547004986543,0.001
25,35,0.05816353965827011,0.19171084,0.24103431,0.6707217104384942,0.027803972699782915,0.134727,0.16754669,0.7797964922772658,0.001
25,36,0.06133030643573773,0.19772765,0.24770774,0.6517007078388768,0.028133099648618588,0.13387181,0.168841,0.7701544599403949,0.001
25,37,0.06146944377141043,0.19763865,0.24798135,0.6459277485497119,0.03296791717110426,0.14693604,0.18282838,0.8236863679616567,0.001
25,38,0.0607061209195189,0.19527434,0.24645786,0.6558167573774831,0.021510616092537356,0.11086332,0.14765489,0.8255697496172182,0.001
25,39,0.05061397316732888,0.18052512,0.22502969,0.6928695648062506,0.03654361232528808,0.15151496,0.19202119,0.8222446831744861,0.001
25,40,0.06360015247308727,0.19992073,0.25211686,0.6580842392132767,0.021244007192796777,0.11614872,0.14677323,0.8553309786856635,0.001
25,41,0.06076230623413347,0.19927269,0.24644883,0.6548066646383865,0.03325649611738131,0.14393046,0.18347971,0.7633529078682626,0.001
25,42,0.05098548211145354,0.17987078,0.22580893,0.6936796002294637,0.02796504173979715,0.12950207,0.16803974,0.828030002667044,0.001
25,43,0.05962938526764982,0.1942791,0.24419163,0.6552829452427472,0.0448512607038504,0.17324857,0.21295239,0.7895674043268633,0.001
25,44,0.06429459343209566,0.19960226,0.25345394,0.6506041816945196,0.022609356112163234,0.11807033,0.15141767,0.8078754709615811,0.001
25,45,0.05236611888247812,0.18280832,0.22886291,0.6896801587339007,0.023770582050255378,0.12204796,0.15524858,0.8161550574946904,0.001
25,46,0.05840745422919499,0.19193573,0.24172786,0.6573990605992275,0.05054470214613334,0.18345289,0.22404437,0.7755085336195509,0.001
25,47,0.058465002391326334,0.19077039,0.24183398,0.6644422418821946,0.025478934358236276,0.13148154,0.16065663,0.7978252625473046,0.001
25,48,0.050207786913879573,0.17932446,0.22410963,0.688720459940667,0.023893139665704912,0.12296536,0.15528001,0.860927108340089,0.001
26,1,0.205341743049103,0.35650033,0.45320296,0.398010727530024,0.08818815475873028,0.24870434,0.29901096,0.7098337943788572,0.002
26,2,0.13544095110770524,0.29385832,0.36793712,0.4932966329319877,0.08924440232173463,0.23317833,0.30083185,0.722556846029645,0.002
26,3,0.14695478913104423,0.30279997,0.3833056,0.4775462582825444,0.23103598753611246,0.44848973,0.48039216,0.7648386650066221,0.002
26,4,0.1719126104204219,0.33078897,0.41461518,0.4458528940102444,0.03879881436350169,0.15560977,0.19738807,0.6850177712181655,0.002
26,5,0.13009136824522638,0.28760344,0.3607182,0.4965970174928765,0.039629987725574106,0.1604836,0.19919765,0.7575921640147777,0.002
26,6,0.1508477671554956,0.30464354,0.3884266,0.47727111666210553,0.047458259289635825,0.17542765,0.21813008,0.7379331638858446,0.002
26,7,0.1733943669111294,0.33052796,0.41638985,0.4415642500516532,0.17066430053846152,0.3577735,0.41555798,0.3603973096349717,0.002
26,8,0.16644188766117496,0.32188427,0.40801173,0.4532516662765691,0.08073142908203106,0.23328991,0.28595823,0.6853414408634513,0.002
26,9,0.14366229257990268,0.30108482,0.37913004,0.47106865166158596,0.04879046467357074,0.17365257,0.22049561,0.6471039100935675,0.002
26,10,0.13216794787081412,0.29167727,0.36340198,0.4989962899281445,0.12327784517159064,0.3127087,0.35047433,0.7411056273197835,0.002
26,11,0.13445447505752026,0.2940412,0.36678317,0.49601039701961713,0.19840764826922505,0.369251,0.4452419,0.3911903934227388,0.002
26,12,0.14410292159925894,0.30452135,0.3795024,0.48012026428113813,0.05871242180432158,0.19243897,0.24336626,0.5589924918712961,0.002
26,13,0.1515714232575923,0.30339822,0.3893959,0.476871442773878,0.07009127466611702,0.21603306,0.26307476,0.6848726626582567,0.002
26,14,0.15089486772194505,0.30763537,0.38834903,0.4705985385035644,0.04984824120037956,0.18110552,0.22482942,0.6857346827598398,0.002
26,15,0.20106947206822443,0.35570726,0.4483006,0.42420661620402633,0.14478866038499055,0.317236,0.38290912,0.2534826708497085,0.002
26,16,0.15805420211285667,0.3185477,0.3975712,0.46736238673903646,0.054576529720280736,0.18572508,0.2349763,0.5973605162378464,0.002
26,17,0.13729679180313528,0.29536337,0.37062076,0.4829602685979375,0.06696681305334938,0.21408923,0.2605214,0.7061312619611595,0.002
26,18,0.13156139430977298,0.2891614,0.36274603,0.5035119796039123,0.05772778480011901,0.19254248,0.2419117,0.6063578798405566,0.002
26,19,0.18731050198749752,0.3414238,0.43272728,0.42154139284614617,0.07766539032605511,0.23169716,0.27906826,0.677919239613257,0.002
26,20,0.13765475641670594,0.29447478,0.37096348,0.49539111759119053,0.03034271101070637,0.13809161,0.17533785,0.7419760403884406,0.002
26,21,0.13372488035635466,0.29235268,0.36572763,0.4977036121041199,0.037814045738842755,0.15344563,0.19563155,0.77205420368002,0.002
26,22,0.18729028932175765,0.3453016,0.43283042,0.43516886208357314,0.08312374358582827,0.23931989,0.2902481,0.39928383129157363,0.002
26,23,0.15653014982284577,0.316162,0.39570746,0.45863038672699075,0.05420588628664889,0.18675944,0.23354569,0.6687427565269943,0.002
26,24,0.11890880756458773,0.27229732,0.34484306,0.5199020097099467,0.0689518881737496,0.21336523,0.26296982,0.7091926610547262,0.002
26,25,0.11060537716643623,0.26689962,0.3326517,0.533309031742362,0.054395282596858496,0.18833849,0.23482119,0.6819989007251993,0.002
26,26,0.14886065090410236,0.30528915,0.38590762,0.4721772778736133,0.06962101940600271,0.20664203,0.26503363,0.6552326230973641,0.002
26,27,0.1578560835425089,0.31711584,0.39737743,0.467399974825176,0.06155636804868226,0.20303233,0.24790281,0.5320315381189513,0.002
26,28,0.1557137233990671,0.30907148,0.39463618,0.47138949286666976,0.07438269995704845,0.21950646,0.2698264,0.6922156424157357,0.002
26,29,0.13520276894636243,0.29224372,0.36770743,0.4995451573407543,0.09237146564690327,0.26203662,0.30474013,0.7442736732524284,0.002
26,30,0.12124033926368177,0.27613756,0.3482865,0.5180233779208652,0.09956338817115735,0.26256594,0.31722268,0.7132332210998767,0.002
26,31,0.14774534554507968,0.30462304,0.3844281,0.47359055425883334,0.05504968186357507,0.18049756,0.23437878,0.5587899915094079,0.002
26,32,0.20250450441217763,0.3582561,0.45009902,0.4094254659257633,0.10362695759438255,0.26423022,0.32292596,0.7188201013990237,0.002
26,33,0.14903729939267527,0.30822173,0.38614258,0.48287592521878586,0.05036160388650993,0.17528611,0.22597143,0.6902157174910812,0.002
26,34,0.11364549289187678,0.2676511,0.33720237,0.5264005887415357,0.0660095107310486,0.20967509,0.25844195,0.7226517996817684,0.002
26,35,0.11635611643068161,0.271865,0.34112394,0.5354301301479124,0.0458279327592916,0.16652873,0.21108264,0.7825697642499264,0.002
26,36,0.12281516200164333,0.27899286,0.35045612,0.5219641645960312,0.07234554687790849,0.22425322,0.26818568,0.6779656810654493,0.002
26,37,0.18046946011518486,0.33668435,0.42470455,0.42897241214539894,0.09093693816275508,0.23237266,0.30226022,0.760747806241399,0.002
26,38,0.18277617935722293,0.3398349,0.42762655,0.4444591378109427,0.07049619904460593,0.21349566,0.26721624,0.7217844498465541,0.002
26,39,0.13620076629890251,0.29323795,0.36905298,0.4857296900864759,0.06191533953123898,0.19483797,0.24995475,0.769197041097969,0.002
27,1,0.7615732812914545,0.69010556,0.8727137,0.21365423742868697,0.3012953299891066,0.43939632,0.5498906,0.211374121181978,0.005
27,2,0.7333451118581346,0.6781972,0.85626787,0.22135856094084283,0.2144447696843633,0.35968387,0.46547896,0.7440134558435215,0.005
27,3,0.6595321539093122,0.64587826,0.81218493,0.27896474830497403,0.6700766188161517,0.72847986,0.82038915,0.48260879787163213,0.005
27,4,0.6798014699385684,0.66747516,0.82451534,0.24769911931390298,0.43014911665684646,0.5196106,0.63784206,0.31803933971797865,0.005
27,5,0.876928228259883,0.7413518,0.9365021,0.2077548180436089,0.9204018649955591,0.8667217,0.96083105,0.5172285487503663,0.005
27,6,0.946329638518602,0.76590025,0.9729205,0.22871788823736863,0.2891032004177018,0.4193293,0.5371767,0.3775826324845062,0.005
27,7,0.6499440944579509,0.6378907,0.80635566,0.24999953806365346,0.09970208624791768,0.25731263,0.31420118,0.6219645482337648,0.005
27,8,0.6485903371543249,0.64560044,0.8051348,0.2490340506664994,0.704983681164406,0.7239287,0.8417818,0.17350161698898633,0.005
27,9,0.8184456354307411,0.7082871,0.90447897,0.22384783851638668,0.24805156817590748,0.41077757,0.5007891,0.18171320185959675,0.005
27,10,0.6479308510669203,0.6464528,0.8050206,0.23726199822846,0.1109242398362969,0.25204998,0.33538884,0.6208365055886526,0.005
27,11,0.6193937550290166,0.6175558,0.78710973,0.24471065093869995,0.21405595573769123,0.35453194,0.4655713,0.4054514569563787,0.005
27,12,0.8908773510886583,0.74336684,0.94363594,0.20871012071277995,0.29202045369203444,0.4214393,0.54407614,0.35636835684156615,0.005
27,13,0.8619247081321795,0.74176073,0.9283289,0.22370864667417448,0.2660466515528107,0.40108156,0.5166465,0.2792660531069803,0.005
27,14,0.6918239180895143,0.65739876,0.83107483,0.2381722273519527,0.9082336496147845,0.8599081,0.951058,0.35744635161755317,0.005
27,15,0.8131162927433778,0.7196526,0.90190065,0.21962492489255508,0.32830836313466233,0.47451752,0.57443357,0.1163232626033727,0.005
27,16,0.5687796142448401,0.60466456,0.7543382,0.25206476612791195,0.20060707133746258,0.36606058,0.44961128,0.39254517776506276,0.005
27,17,0.661221403585068,0.65459776,0.81332225,0.24319164892463416,0.4698793046624848,0.56134063,0.6901289,0.4234421426404216,0.005
27,18,0.8971809164803719,0.7474456,0.9473772,0.22963996648035337,0.10341575283005282,0.25443053,0.32109138,0.45719884184470005,0.005
27,19,0.6510547891446329,0.63311094,0.80672026,0.24029264172502612,0.6923779825921412,0.70297927,0.82002103,0.32662210330418023,0.005
27,20,0.8872579238159912,0.75120586,0.9417851,0.217041269044865,0.22296036603964037,0.3751776,0.474648,0.5125024392325759,0.005
27,21,0.5956466508742039,0.61641526,0.7719176,0.27415926149553743,0.28174702882205127,0.44529596,0.5345204,0.4530050247680812,0.005
27,22,0.5172192344477914,0.5709182,0.7193265,0.2759008924595633,0.2149653296607236,0.3798133,0.46599388,0.39291119992024215,0.005
27,23,0.8358059414884371,0.72302383,0.9143558,0.21444968348995602,0.37520245029763494,0.480311,0.61128575,0.18992953480274416,0.005
27,24,0.721553280705882,0.67362666,0.84935206,0.23791398237042957,0.12921611565441168,0.2877811,0.35856962,0.46675510936052134,0.005
27,25,0.6154405099566086,0.624573,0.7845828,0.24125756956373423,0.26261942295564544,0.42820936,0.5139139,0.4469117589583138,0.005
27,26,0.6380944378177905,0.6375682,0.7990188,0.24808010855968612,0.4362290758225653,0.54771364,0.6613842,0.5214042650644901,0.005
28,1,0.25679814011276325,0.39140415,0.50670606,0.2554643331459909,0.030461382414041845,0.13627708,0.17428592,0.7548958886139628,0.0005
28,2,0.10986977477262024,0.26237532,0.33147642,0.5104977773937288,0.02682517770746792,0.12643078,0.16378044,0.8339105257427484,0.0005
28,3,0.0625765878124006,0.19947945,0.25019515,0.6428137837741489,0.018567989235398947,0.10809916,0.13626362,0.8610702781993315,0.0005
28,4,0.04336260178639928,0.16481084,0.20823628,0.7169297992367537,0.015657527872395736,0.096010864,0.124915645,0.8762513333400902,0.0005
28,5,0.03133341517282006,0.14253421,0.17703766,0.7841436202835882,0.015184523123833869,0.096125625,0.122923486,0.8789534088213494,0.0005
28,6,0.02777713420583266,0.13163057,0.16664213,0.8032894772401379,0.015470398719319038,0.09545647,0.12424353,0.8841815671439116,0.0005
28,7,0.02774402747152669,0.13217278,0.16659126,0.8018090754969907,0.01443640976557853,0.09154031,0.12025206,0.8861671557680278,0.0005
28,8,0.02348023508218439,0.12211493,0.15321702,0.8304806344810838,0.01656687157056122,0.09888838,0.1284951,0.8667021568771592,0.0005
28,9,0.025788506689899227,0.1275634,0.16060595,0.8157647328889798,0.01868182008534118,0.10545292,0.13649292,0.8628180446375193,0.0005
28,10,0.026483118614055667,0.1293245,0.16274545,0.8115537598539827,0.02739584818482399,0.13448334,0.16492568,0.8542534518706122,0.0005
28,11,0.0297073618743882,0.13678068,0.17230923,0.7913195383304575,0.016656670486554503,0.09576342,0.12920347,0.8659806029233341,0.0005
28,12,0.026788594582004943,0.13061085,0.16369396,0.8100721331151963,0.017304399757887477,0.10118098,0.13149177,0.880685397650475,0.0005
28,13,0.028939196295931797,0.13429095,0.17010961,0.7973551461749219,0.018121919905145962,0.10473762,0.13460867,0.8602117639048462,0.0005
28,14,0.028241087138548355,0.13338104,0.16805133,0.7995108952005506,0.023260886125542498,0.12053016,0.1523087,0.8579728833426716,0.0005
28,15,0.02574862293609653,0.1274905,0.16047984,0.8160712345199851,0.01591713846385203,0.09611551,0.12604879,0.8723729030715965,0.0005
28,16,0.029224646897882085,0.13593906,0.17098555,0.7961744681536275,0.017908962728041742,0.1040715,0.13358402,0.8620022086807299,0.0005
28,17,0.027480129325527385,0.13127458,0.16578098,0.8056973037567563,0.02171719496793769,0.11372197,0.14684102,0.860828301346015,0.0005
28,18,0.028362564411815082,0.13443772,0.16834988,0.798193959980554,0.01662532840338018,0.09850739,0.12869932,0.874439559736006,0.0005
28,19,0.02986679037066751,0.13713117,0.17285907,0.7908193506725376,0.027459664804929937,0.13256018,0.16531126,0.8696199114617139,0.0005
28,20,0.02688160511691158,0.1308887,0.16393873,0.8109191595926921,0.01584721622229726,0.0994352,0.12565532,0.8861065444237729,0.0005
28,21,0.02822803774909508,0.13317975,0.16795948,0.8006332189018682,0.01631109648453141,0.10257662,0.12752824,0.8665472792898566,0.0005
28,22,0.02840627370202026,0.13470787,0.1685287,0.7974313163947871,0.022111536607284238,0.121137895,0.14896297,0.8728717714435029,0.0005
28,23,0.02805107228118474,0.13396265,0.1675027,0.8014395759189699,0.017629901395627746,0.101444855,0.1327505,0.8641009764633554,0.0005
28,24,0.029211791445475036,0.13656466,0.17095046,0.7952519441958924,0.01815713346176953,0.10463582,0.13497412,0.8510368207338833,0.0005
28,25,0.030887029494950983,0.14051278,0.1757777,0.782570694050841,0.01781465290804152,0.104906864,0.13362114,0.862482010664134,0.0005
28,26,0.028182176825216163,0.13337924,0.16789517,0.7998853132245992,0.023424346862291848,0.1250723,0.15290958,0.8749220503804922,0.0005
29,1,0.18510783244376985,0.33028802,0.43034336,0.3851819669774477,0.02757565482278113,0.12587279,0.16642672,0.821321149872213,0.001
29,2,0.06967410490256255,0.20815071,0.26399735,0.6316598990940661,0.01787919668411767,0.10142449,0.13423589,0.8524368082100904,0.001
29,3,0.043324465925422294,0.16510864,0.20816894,0.7186654839795432,0.016122369923525386,0.098501824,0.12696227,0.8681812691504963,0.001
29,4,0.0354344978075579,0.14888896,0.18823421,0.7608945984578442,0.02242946798947674,0.11700964,0.15016633,0.8543391757023776,0.001
29,5,0.03668622567457643,0.15224317,0.1914807,0.7540824204030169,0.01747800030366138,0.10261296,0.13215566,0.8614291364851556,0.001
29,6,0.03442447546382095,0.14793767,0.18550667,0.7649815881442312,0.04356418177485466,0.17409423,0.20884563,0.8440082332024242,0.001
29,7,0.041349652569271,0.16283041,0.20333548,0.7353175184086613,0.026862720062059385,0.12636085,0.16411199,0.820998597759942,0.001
29,8,0.041461132212202545,0.16268979,0.20359652,0.7283406606849647,0.027260213797153147,0.12814586,0.16460001,0.8276160252899284,0.001
29,9,0.04571914435451346,0.16929878,0.2138503,0.7144619546461847,0.0217109859265663,0.12009147,0.14737743,0.8247913248020587,0.001
29,10,0.04010786573515735,0.15965927,0.20030323,0.7365338627690459,0.019825107659454697,0.10792507,0.14076036,0.846993063422683,0.001
29,11,0.03987756153899376,0.15969117,0.19971552,0.7415249278367964,0.025163684402489,0.12682009,0.15831877,0.8587079051698965,0.001
29,12,0.03844458785095191,0.15713629,0.19606887,0.7447900916239135,0.017697963587663793,0.10630269,0.13322069,0.854013760846675,0.001
29,13,0.04653820201806794,0.1708048,0.21570854,0.7071988815554341,0.02814848088072958,0.12923065,0.1681172,0.8142782668023295,0.001
29,14,0.0447224130958458,0.16908085,0.21147138,0.7133011920671284,0.019461255141154484,0.107733265,0.13963154,0.8466260456035907,0.001
29,15,0.04442511804001493,0.16741784,0.2108003,0.7197267053278339,0.02477984166600638,0.124916874,0.15733843,0.8355919084779431,0.001
29,16,0.042281440665910594,0.16131507,0.20567906,0.7198629015977805,0.0371889331964431,0.1546974,0.19315533,0.851201134063437,0.001
29,17,0.04113834269266471,0.16064388,0.20283137,0.7346642633541042,0.021399482619017363,0.11023057,0.14509495,0.8319252874426131,0.001
29,18,0.03898505753702615,0.15618886,0.19743982,0.7404445364231376,0.01787202836324771,0.10397862,0.13342662,0.8667034534605558,0.001
29,19,0.043543199464574314,0.1654281,0.20870599,0.723030445086891,0.03913095990126884,0.16543916,0.19802034,0.8406857703571226,0.001
29,20,0.0454967240585345,0.16938418,0.21328837,0.7120070417891768,0.018539285597701866,0.10639197,0.13601546,0.8563915526475812,0.001
29,21,0.04172671095589959,0.16209988,0.20426132,0.7297800906580666,0.018790234897837595,0.108989574,0.13660654,0.8564664083286673,0.001
29,22,0.04124814531957365,0.16208847,0.20306364,0.7307790545658591,0.02253024119676815,0.115355074,0.14982347,0.8477811558650191,0.001
30,1,0.20285475707534595,0.34564126,0.45046124,0.40007345533290034,0.07030700367909891,0.21202753,0.26538008,0.7460389310494602,0.002
30,2,0.07857420963069825,0.22159421,0.28032175,0.6043200673496144,0.01963800174632558,0.11144903,0.1406369,0.836569605752243,0.002
30,3,0.06700438962026421,0.20692655,0.25881487,0.6423742857930942,0.04064208100101462,0.16553755,0.20083922,0.7886206536814342,0.002
30,4,0.07847135042702065,0.22038506,0.28007793,0.5950879527864827,0.0556670979562181,0.19136488,0.2358019,0.7332685503670551,0.002
30,5,0.08175366387972346,0.2298925,0.2859144,0.5964003515400103,0.030401415226084215,0.13940455,0.17475541,0.738957937817253,0.002
30,6,0.07618514837035648,0.21807897,0.27598375,0.6175022697364885,0.04932640417030564,0.18051158,0.22248764,0.7594121693313346,0.002
30,7,0.07173534025760175,0.21215805,0.26780936,0.623476119953617,0.03740375742523207,0.15488648,0.19449332,0.6691967505865085,0.002
30,8,0.07995739698880047,0.22371975,0.28271452,0.5974333017611737,0.07188734408743956,0.22649387,0.26839867,0.6742341937537534,0.002
30,9,0.07287703639018202,0.2156684,0.2700154,0.6204077840465634,0.028041405689523177,0.12634577,0.16756389,0.7943793285263108,0.002
30,10,0.10252076123675732,0.2572922,0.32013443,0.5587388338832475,0.04999366654428067,0.17224984,0.22302154,0.6809073509926349,0.002
30,11,0.08570011262999516,0.23084024,0.29277205,0.5833908186146685,0.061033461432628056,0.20306364,0.24725956,0.713909830422387,0.002
30,12,0.07482406481334539,0.21781045,0.27360588,0.6201761304870302,0.028694841734789037,0.13571656,0.16981938,0.7650602153828919,0.002
30,13,0.08252529964442844,0.22815022,0.28730068,0.5925615950997535,0.03887021872732374,0.15548423,0.19727315,0.749804121619257,0.002
30,14,0.09406289243722492,0.24123192,0.3067181,0.5662459579372966,0.06476877916052386,0.2050081,0.2558645,0.6194789578002272,0.002
30,15,0.127972120014411,0.28206256,0.3577572,0.49978718166708,0.08320424654003647,0.21890391,0.28958333,0.734878703279189,0.002
30,16,0.09971730048968414,0.25052828,0.3157797,0.5514019967096626,0.09185244915661989,0.26529592,0.30338585,0.8270371403184783,0.002
30,17,0.07706086412855537,0.22050725,0.27760404,0.6108256215020277,0.04046525880349455,0.15512015,0.20110533,0.7839855515468689,0.002
30,18,0.06799362858356996,0.2068506,0.26076007,0.6322924092205181,0.024169630733215146,0.122147664,0.15441214,0.8354259500979574,0.002
30,19,0.06501891419604838,0.20426437,0.25499797,0.6496527151051011,0.11884674471285608,0.30391854,0.34291703,0.7237062614224492,0.002
30,20,0.0861784812350209,0.23577003,0.2935104,0.5818128813341469,0.05242714109934039,0.18575223,0.22812228,0.6231700439699231,0.002
30,21,0.08600678379978184,0.2328773,0.29327378,0.5901646027234801,0.04298382859539102,0.16367412,0.20734635,0.7418004867338366,0.002
31,1,0.32995968000423687,0.4474203,0.57420266,0.32391025113955635,0.1491387785170917,0.32415205,0.38761726,0.6493751291644573,0.005
31,2,0.3148623533268398,0.44560272,0.5611583,0.3577216436018774,0.08799512439441902,0.23525049,0.29709077,0.5817545859285208,0.005
31,3,0.3367315610505153,0.4569761,0.5801857,0.3442349298848467,0.29325293335649705,0.4619648,0.5412265,0.4539586960369192,0.005
31,4,0.5477745867221155,0.58577764,0.7398344,0.28117720065323115,0.18201708931613853,0.3373465,0.42907313,-0.06595327463337547,0.005
31,5,0.47157242317971226,0.5443924,0.6867673,0.2823504576951782,0.2834220878365967,0.40630752,0.53135157,0.48163903433489974,0.005
31,6,0.33527877832823827,0.46082282,0.5789236,0.3511880231037225,0.06926825452871897,0.21106187,0.26118678,0.47100978300660196,0.005
31,7,0.25933401229155956,0.40238306,0.50926036,0.3764089266705334,0.588621134283366,0.69409096,0.76502264,0.6404784489443239,0.005
31,8,0.5583754156794504,0.596365,0.7474123,0.28869062925971634,0.1302948665149786,0.28487054,0.3578118,0.5354027487650338,0.005
31,9,0.45067978683406507,0.52591103,0.6712317,0.27668636225672316,0.09816939525168251,0.24352573,0.31495926,0.4211961691555475,0.005
31,10,0.20456122835036192,0.36253178,0.45230588,0.42508796012432704,0.059699754437638655,0.19498397,0.24524838,0.6405825745949146,0.005
31,11,0.17012798432782988,0.32543513,0.41252732,0.44679927506414835,0.06220294548957436,0.20188035,0.25028193,0.5708802702208506,0.005
31,12,0.19050403970737603,0.34492463,0.43647963,0.43172496363487595,0.09920157845718441,0.25456828,0.31658244,0.5674119504240462,0.005
31,13,0.28124981627703827,0.41736433,0.5304019,0.3731807589411019,0.07093513060223174,0.20582898,0.26736185,0.7672700659725727,0.005
31,14,0.4023719940238815,0.4996534,0.6342244,0.3160966171025063,0.5305559866958194,0.6269052,0.7273942,0.17930200920471437,0.005
31,15,0.5398042416809318,0.58114606,0.7348503,0.2551235607546411,0.4667002635973471,0.58182245,0.6766258,0.5078340323761935,0.005
31,16,0.5120943739975445,0.56705284,0.71574444,0.2779640819280614,0.1162900717722045,0.26743752,0.34277296,0.5385998260405721,0.005
31,17,0.3227587813668162,0.4517053,0.5681757,0.3448671427437623,0.06155496483875646,0.19461429,0.24855074,0.5765894723519607,0.005
31,18,0.2779504416214528,0.42019132,0.52702194,0.35958147367652343,0.11196389118278469,0.27591285,0.33403283,0.7170010416447651,0.005
31,19,0.22051967235682446,0.37618738,0.4695574,0.3952390185441752,0.09731181928267081,0.2329788,0.3138528,0.5818146882850651,0.005
31,20,0.25497856003310637,0.40385854,0.50488114,0.38141670679551765,0.17580253382523855,0.3638121,0.41901183,0.6201995387312184,0.005
31,21,0.33781765255137025,0.45626894,0.5812288,0.330595433145687,0.2299250429496169,0.39336285,0.48138297,0.3206301782902137,0.005
31,22,0.36529864179336025,0.48151886,0.6040816,0.3228700264475821,0.2827420993535607,0.47843546,0.5331825,0.6615867779956511,0.005
31,23,0.443889528808889,0.5313291,0.6664111,0.29766764325496503,0.12581036026003184,0.28952324,0.35670626,0.340869671703551,0.005
31,24,0.3381159774367219,0.46300492,0.58159196,0.33965928553620944,0.09616251807245943,0.23554613,0.30758575,0.5729903082455197,0.005
31,25,0.31160687296607786,0.44371238,0.55827343,0.3531314198608863,0.09917020680451835,0.25937638,0.3155373,0.6103987192929854,0.005
31,26,0.37641825495618525,0.49435836,0.61364055,0.3212165744937409,0.14985870431970666,0.31984052,0.3869441,0.5535726947071755,0.005
31,27,0.37315350342716014,0.48458531,0.611013,0.32326350541367044,0.12166155343530355,0.29653436,0.348529,0.6398509934326561,0.005
31,28,0.28725537342654767,0.4272764,0.53588325,0.37344663923613575,0.0708238522487658,0.20801641,0.2673141,0.6037399816505001,0.005
31,29,0.27883172301558135,0.42251837,0.5281384,0.3680267449688743,0.12550501089060195,0.27042082,0.3560869,0.7155792605274031,0.005
32,1,0.24616859762746596,0.3909993,0.4961467,0.2764911040916786,0.037364654908222814,0.1485362,0.19229458,0.7106845057248864,0.0005
32,2,0.12590831970778582,0.28257084,0.35481864,0.48764987413821526,0.033372027932533195,0.14484252,0.18177663,0.759469862526164,0.0005
32,3,0.08233078339389552,0.22563645,0.28694147,0.580907579199623,0.02502748403432114,0.119192846,0.15388188,0.8200673252092621,0.0005
32,4,0.05918440807645566,0.19383605,0.24324982,0.6500917700217245,0.018620974317725216,0.105266534,0.13518895,0.8533910542535725,0.0005
32,5,0.04111029447935452,0.16025203,0.20273903,0.7303651851226027,0.017010779785258428,0.10011844,0.12960859,0.8667425391967246,0.0005
32,6,0.033805070262158586,0.14722107,0.1838497,0.763909065188882,0.01567822920956782,0.09552857,0.12446867,0.8781073322272059,0.0005
32,7,0.028919710551397266,0.13510856,0.17004234,0.7953213468986916,0.017150221059897115,0.10009051,0.1307585,0.8704165457105577,0.0005
32,8,0.026339994551979492,0.12931065,0.16228995,0.810100575124135,0.015392084705776401,0.09520498,0.12317928,0.885467111848924,0.0005
32,9,0.02163885121242465,0.117269695,0.14711219,0.843440936445091,0.015399062407336064,0.09446845,0.12310985,0.879231594794868,0.0005
32,10,0.02216567116937487,0.118535064,0.14889051,0.8392456651616917,0.015882345714739392,0.096758634,0.12575185,0.8785018192847107,0.0005
32,11,0.022204163297140433,0.117225066,0.14900301,0.8398191397568752,0.015074402093887329,0.09306552,0.1230777,0.8765435015240838,0.0005
32,12,0.023780825025637015,0.12240905,0.15423498,0.8282088917471812,0.015004620055801101,0.092417724,0.122177795,0.8863652250109834,0.0005
32,13,0.023924388983678595,0.12379926,0.15467131,0.8278118651296268,0.014894458332232066,0.09376591,0.122342564,0.8848760173246738,0.0005
32,14,0.0221826910154424,0.11736819,0.1489339,0.8392114279816077,0.015647241712680886,0.096504524,0.12496859,0.8852395917056171,0.0005
32,15,0.022140236649766703,0.11682692,0.14879245,0.8406731735970627,0.01651183090039662,0.10290966,0.1284984,0.8906613757045714,0.0005
32,16,0.024264717187349485,0.12356201,0.15578659,0.8236649742790334,0.01720244237887008,0.10515633,0.13117237,0.8823235150481114,0.0005
32,17,0.022864772537810222,0.1213024,0.15123639,0.8347092776324461,0.01749560489718403,0.10302632,0.13210648,0.8848073760281424,0.0005
32,18,0.024837262780518732,0.1248078,0.15761603,0.8208104065854872,0.01770427410623857,0.101218246,0.13220532,0.8692041229538237,0.0005
32,19,0.022682948869209144,0.11914096,0.15060672,0.8356807295011583,0.021335710904427936,0.11421523,0.14448646,0.8678701087730119,0.0005
32,20,0.023666033016465533,0.121506386,0.15386334,0.8293860562841581,0.014429076175604547,0.09171975,0.119143024,0.8845555080330993,0.0005
32,21,0.023527715233302562,0.12219413,0.15339604,0.829823502819851,0.01453760901599058,0.09289222,0.11911537,0.8877072430443974,0.0005
32,22,0.022786721778667977,0.11893244,0.15095465,0.8358360278227066,0.019007694641394273,0.10894291,0.13776657,0.8822539276629211,0.0005
32,23,0.025344817594529313,0.12559006,0.159228,0.8185347945686555,0.019340631685086658,0.10859477,0.13917416,0.8654881493998713,0.0005
32,24,0.02494160957617041,0.12381994,0.15795557,0.8199317585393836,0.015538501287145274,0.09442321,0.12387962,0.8768440774613355,0.0005
32,25,0.023954324398154966,0.12350985,0.15477131,0.8272955117257741,0.018927663498158966,0.10377091,0.13537467,0.8519124669925058,0.0005
32,26,0.02659104313596944,0.13034064,0.16306454,0.8089642125714019,0.019369055849633048,0.109834194,0.13811664,0.8764936267501968,0.0005
32,27,0.023696228626802145,0.12277691,0.15394428,0.8292128353442567,0.014109981246292591,0.09164103,0.118097514,0.8912103315414195,0.0005
32,28,0.024176287643228458,0.12280594,0.15548061,0.8259221389752215,0.016855201683938503,0.09717259,0.12984985,0.8733192250736319,0.0005
32,29,0.025094023287714085,0.12590247,0.15840325,0.8183846196328605,0.016729548473709395,0.097150125,0.12882608,0.8675856678651052,0.0005
32,30,0.025785291080023642,0.12642285,0.16058283,0.8166447358264817,0.015223863634413906,0.093716316,0.12272672,0.878364383340855,0.0005
32,31,0.022536216373337765,0.11837707,0.15013212,0.837614840413506,0.020589523216975585,0.11445998,0.14287981,0.8850189502808602,0.0005
32,32,0.02440819815323453,0.1231522,0.15624177,0.8231664033357647,0.01572291276949857,0.09368661,0.12387656,0.8818194681309931,0.0005
32,33,0.024319545100399544,0.12419074,0.15595073,0.8249425969724118,0.01628119475208223,0.0965545,0.12679945,0.8703570347924718,0.0005
32,34,0.023561805730389657,0.12300481,0.15349178,0.8291022018585111,0.015941580458145057,0.095299914,0.12556075,0.8819682527363986,0.0005
32,35,0.023042669310887283,0.1204571,0.15181546,0.8339912078503037,0.018177961331925223,0.10796384,0.13485225,0.8841851920018072,0.0005
32,36,0.023956185006580064,0.12237054,0.15477696,0.8274323814659186,0.015341834231678928,0.09265147,0.12309018,0.8790654681177255,0.0005
32,37,0.025737764270297277,0.12806842,0.16042352,0.8157678784039651,0.016869056969881058,0.10202096,0.12944394,0.8732475496058942,0.0005
32,38,0.02510491353851334,0.12590553,0.15844963,0.8187088809025,0.021889906177031144,0.1147661,0.14662512,0.866530527932475,0.0005
32,39,0.023456362990018364,0.12187283,0.15317373,0.8301694221831367,0.014683799585327506,0.08968878,0.120826095,0.8835935244063092,0.0005
32,40,0.023015167424890483,0.1197114,0.15168427,0.8333014436966161,0.01546268304809928,0.09472795,0.12368576,0.8780157345612286,0.0005
32,41,0.022562634904877605,0.11861373,0.15016793,0.8377943455406351,0.015516192186623812,0.093264244,0.123056985,0.8789232133623369,0.0005
32,42,0.02435138511741273,0.12540263,0.1560642,0.824154329142709,0.01840505958534777,0.104595795,0.13376878,0.885656746620789,0.0005
32,43,0.02317722542124374,0.12048069,0.15226485,0.8326356381369903,0.015015748129891498,0.09042346,0.120438926,0.8868443828652339,0.0005
32,44,0.023809675797471935,0.12412719,0.15430693,0.8293451892517325,0.01638373875591372,0.09768791,0.12729086,0.883327159252195,0.0005
32,45,0.02480601582885067,0.12516281,0.15748656,0.8214484639234163,0.01568175925474082,0.09563647,0.1244891,0.8799031824229796,0.0005
32,46,0.02475624228174859,0.12519015,0.15736933,0.8210582565377555,0.014417240296357445,0.089230604,0.11833125,0.8864087720259365,0.0005
33,1,0.19124951638350976,0.34096214,0.4373567,0.3752377487961295,0.026986944821796248,0.12813433,0.16555542,0.7647080160875918,0.001
33,2,0.07512757356200263,0.21931753,0.27412042,0.6042310032678229,0.02006373055545347,0.109223485,0.14114952,0.8610370774481731,0.001
33,3,0.042755932538448095,0.16449077,0.20678917,0.7177484755104089,0.017790273696716343,0.10402701,0.13317978,0.8578196102203237,0.001
33,4,0.030943609502114285,0.13971047,0.17588761,0.7847532692056509,0.014828342944383621,0.094908796,0.12101064,0.8815253118098894,0.001
33,5,0.030576188830989545,0.13989614,0.1748646,0.7852016950719911,0.015978527105679468,0.094672985,0.12516402,0.8769998842454338,0.001
33,6,0.027910639340423534,0.13266931,0.16706549,0.804300284926598,0.015622668600242053,0.09513887,0.1237647,0.8778737928967423,0.001
33,7,0.02867133726548647,0.13521165,0.16932508,0.7996470439948362,0.01865571704027908,0.10934862,0.13737856,0.8721628807930054,0.001
33,8,0.028661358039652075,0.1331694,0.16928829,0.7973332272809807,0.016605834010988474,0.09773883,0.12791061,0.8675772321193096,0.001
33,9,0.030736091564122204,0.13926739,0.17532642,0.7848472968548311,0.01737059240362474,0.10152503,0.12993033,0.8737516435394653,0.001
33,10,0.03223115683611587,0.1438386,0.17951539,0.7755483093179883,0.021414948560829674,0.114069335,0.14547339,0.8328128686758148,0.001
33,11,0.028492834062150148,0.13594243,0.16879594,0.7996724288470848,0.017728615951325213,0.103586495,0.13324997,0.8623934941562076,0.001
33,12,0.03326884232391821,0.14376603,0.18240574,0.7699781358335286,0.018017262486474856,0.10390179,0.13298424,0.8566401834484069,0.001
33,13,0.02854680056709831,0.13553439,0.16896161,0.8002933653922203,0.02224800329921501,0.118504025,0.15068446,0.8250409605746933,0.001
33,14,0.03233137276789574,0.14067008,0.17980574,0.7734984457575315,0.017122321728883044,0.10121983,0.13097017,0.8756266655260019,0.001
33,15,0.03519211796538852,0.14750335,0.1876176,0.7611886650459495,0.017246946825512817,0.10217878,0.1317586,0.8587762724459794,0.001
33,16,0.03503237612475859,0.14958093,0.18715937,0.7588012382834338,0.01725709012576512,0.10204292,0.12910917,0.8628628057088841,0.001
33,17,0.032843341763679666,0.14317425,0.1812429,0.773186511149739,0.015634355135262012,0.0928425,0.1235862,0.8777237421057524,0.001
33,18,0.032571667317892905,0.1435735,0.18048692,0.7731382513653853,0.020983370686216012,0.11624065,0.14530806,0.8694677767298126,0.001
33,19,0.032065312151805817,0.14395876,0.17906238,0.7762160975876319,0.028050736657210758,0.13332759,0.16676268,0.8527600254798887,0.001
33,20,0.028473763561276632,0.13673104,0.16875923,0.8002999113536868,0.01463970182729619,0.09279223,0.12050067,0.8834171640838285,0.001
33,21,0.031612307146609384,0.13998745,0.1778103,0.7788743348411024,0.019218736926891973,0.109230325,0.13904053,0.8602186206886488,0.001
33,22,0.0330684476871496,0.14526516,0.18182473,0.7745589913021702,0.015349341622952904,0.09221272,0.12334709,0.8768936215830792,0.001
33,23,0.031302138388365784,0.14117177,0.17690101,0.7844828170496251,0.019301130635929958,0.10637111,0.13717198,0.8609038037369567,0.001
33,24,0.0317608692082707,0.14188114,0.17820214,0.7780641888114821,0.01747236673587135,0.10009866,0.13012102,0.8709892137395219,0.001
33,25,0.035788699671208304,0.15038106,0.18920332,0.7606134567567383,0.01844748275886689,0.10564499,0.1353339,0.8760805137923804,0.001
33,26,0.03283070132275608,0.1446258,0.18119451,0.7700062566148155,0.026041812063860043,0.12610416,0.15709469,0.8388766987606,0.001
33,27,0.034632260119107285,0.14817649,0.18611526,0.7641504192307909,0.017597278646592582,0.10072368,0.13145685,0.8698732791285853,0.001
33,28,0.0299987805676516,0.13747334,0.1732081,0.7880974103890934,0.02398212380441172,0.121449046,0.15439688,0.859578449881795,0.001
33,29,0.035768874564042714,0.14986052,0.18913239,0.7561711361138428,0.021157187775575688,0.10843327,0.14286529,0.8351624958450349,0.001
33,30,0.03500067951836597,0.15034628,0.18705828,0.7629493962925644,0.016206293433372463,0.09689041,0.12682003,0.8701667266966719,0.001
33,31,0.028958046547720367,0.13619415,0.17015897,0.7984364311612284,0.016061754398314015,0.09364023,0.12541083,0.8765034371236466,0.001
33,32,0.03341394435683979,0.14555071,0.1827973,0.7715943715035176,0.016125595895573497,0.096212,0.1276955,0.8694838756789351,0.001
33,33,0.031928330416155754,0.14071408,0.17866534,0.7786127890430481,0.020142095662387356,0.108015664,0.13884066,0.8696880456059309,0.001
33,34,0.03243091293375626,0.14366324,0.1800035,0.7749246999548141,0.020946449799729244,0.11305161,0.14218397,0.8393822676230154,0.001
33,35,0.032228102759571275,0.14304194,0.17955093,0.7789126963229349,0.018553609494119883,0.103752695,0.13113406,0.8673070456877854,0.001
33,36,0.0311183656052312,0.1405406,0.17637886,0.7828775176150177,0.023353807029447386,0.12006956,0.15330824,0.8456830054201361,0.001
33,37,0.03147102781858678,0.1415836,0.17736413,0.78234611819625,0.018490898456158384,0.105106354,0.1331799,0.8643861986934606,0.001
33,38,0.03144120733105691,0.13855988,0.17733726,0.7830884708213386,0.018841087352484465,0.10415734,0.13642335,0.8586248770487508,0.001
33,39,0.031191770048272387,0.14070964,0.17663413,0.7842924895097244,0.022649621524448906,0.11640912,0.1506495,0.8316945892078816,0.001
34,1,0.17777383762681595,0.33312565,0.42171922,0.40014644653800224,0.03528928497274007,0.15272664,0.18813081,0.722018049354806,0.002
34,2,0.07044144074006059,0.21061213,0.26537037,0.6125640234718863,0.021672250170792853,0.11873224,0.1481326,0.8451325526984884,0.002
34,3,0.04827324375858374,0.17522816,0.21972893,0.6982440557743679,0.027625204396567175,0.13148826,0.16320139,0.8050694637321406,0.002
34,4,0.03908268770498929,0.15705396,0.19764195,0.7411939814850508,0.024282428169889108,0.12210991,0.15768972,0.8175988226356491,0.002
34,5,0.042735568935347495,0.1638619,0.20672716,0.727702912327772,0.01852450692760093,0.10689247,0.13571638,0.8814846549160035,0.002
34,6,0.039375012218255866,0.15753908,0.19841097,0.7417114953690307,0.023372932503532087,0.11994508,0.15306063,0.8517458797226153,0.002
34,7,0.05053393861331115,0.17855135,0.22472705,0.6929304468543404,0.030675621570221016,0.13824701,0.17711732,0.7544709316579392,0.002
34,8,0.04879331470371407,0.17440559,0.22090958,0.69551126489618,0.03259768230574472,0.14361766,0.18105465,0.8221780803341496,0.002
34,9,0.0511707104916606,0.17715177,0.22623064,0.6876868771276635,0.025938996180359806,0.1305409,0.1620114,0.8046425123583739,0.002
34,10,0.059815693437774604,0.19551687,0.24454907,0.6623118949967868,0.031375178934207985,0.13825566,0.17868073,0.8221871690553484,0.002
34,11,0.04958662964299182,0.17705743,0.22270067,0.7005231555758942,0.030068366123097285,0.14546582,0.17405075,0.8350289001681772,0.002
34,12,0.052177638537903255,0.18070288,0.2284526,0.6911660622936616,0.029527556550289904,0.13838668,0.16889925,0.8644496027977644,0.002
34,13,0.05102442504368096,0.17678335,0.22589602,0.688941962686977,0.022475872188806534,0.116264395,0.14905556,0.8221024826420709,0.002
34,14,0.04669844037113346,0.17176373,0.21606988,0.7025135763569471,0.018396978000445024,0.10410208,0.13540873,0.8540220137987333,0.002
34,15,0.04868832319348215,0.17588128,0.22062169,0.6964038210290894,0.021190463166151727,0.11461559,0.14405103,0.8732943109531803,0.002
34,16,0.049048394521820214,0.17528997,0.2214728,0.7044463683839693,0.027012035649802004,0.13267443,0.1647584,0.820254225172445,0.002
34,17,0.07056272125620151,0.21386926,0.2656578,0.6215765058313529,0.03665466739663056,0.1587457,0.18907475,0.7928753106653738,0.002
34,18,0.05837606695245638,0.19025756,0.24165064,0.6622978465437711,0.02199372136965394,0.12007364,0.1486758,0.832237267117309,0.002
34,19,0.04834165603409861,0.17433481,0.21990559,0.6965898853332848,0.02059408842719027,0.115501575,0.14229825,0.8303218984266825,0.002
34,20,0.05081870612279277,0.18024725,0.22544084,0.6928901264779731,0.03230052428053958,0.14885466,0.18196926,0.8217036060201568,0.002
34,21,0.05120301659210263,0.17883092,0.22622311,0.6829295821695586,0.031396702996322086,0.14088292,0.17867656,0.8126522027113628,0.002
34,22,0.04983751051058279,0.17578515,0.22318763,0.691284800792461,0.06014558446726629,0.21426997,0.24560598,0.8424247013636201,0.002
34,23,0.053385822433177556,0.18224207,0.23107988,0.688724538349508,0.026550533715635538,0.1326248,0.16247493,0.8461198595328201,0.002
34,24,0.04552599338588314,0.1696108,0.21336024,0.7080416808878621,0.023956235697759048,0.12290179,0.15432335,0.8406342646086086,0.002
34,25,0.0514882603468739,0.17976831,0.22689025,0.6915167017658099,0.06865974595504147,0.22430494,0.26141277,0.7983408522185962,0.002
34,26,0.061869577617845804,0.19636121,0.24877746,0.6441067752656141,0.03866817303267973,0.16439095,0.19900689,0.8205180345674433,0.002
34,27,0.053381546130664995,0.18193218,0.2310512,0.6745608382687162,0.032079331310732026,0.14573872,0.18093535,0.8274700649301289,0.002
34,28,0.06045607888252936,0.19490132,0.24589364,0.6516220227679406,0.019931297416665723,0.10940059,0.1411142,0.8385682518763551,0.002
34,29,0.05923224387638201,0.19410677,0.24340293,0.6607538293961688,0.048054007680288384,0.18521565,0.22142786,0.7944331927133566,0.002
34,30,0.05938269384205341,0.19401203,0.2436866,0.6587052810649858,0.03260064637288451,0.14396888,0.17680117,0.8361789744504049,0.002
34,31,0.04239036839142024,0.16110738,0.20591468,0.7325055129262079,0.04089359686310802,0.16043626,0.200245,0.8259382308127451,0.002
34,32,0.0461879489099102,0.16952589,0.21487917,0.7117983596648014,0.025987865536340644,0.13061957,0.16245276,0.8355899351133158,0.002
34,33,0.046476064336912655,0.17271914,0.21558201,0.7136740924222534,0.024826307647994587,0.12928055,0.15788068,0.8346728119522415,0.002
35,1,0.26347567325579785,0.38886347,0.51338136,0.351427250714755,0.06177547188209636,0.2066181,0.25092497,0.7205739380944515,0.005
35,2,0.10508293947466066,0.26006603,0.3241571,0.5389028686489215,0.09267170274896282,0.2630118,0.3084258,0.8230174369391701,0.005
35,3,0.10788421116978208,0.2613574,0.3284658,0.5396313106985949,0.18588017406208174,0.39762247,0.4371023,0.7314020906727504,0.005
35,4,0.12743060412668736,0.2861947,0.35696194,0.5283651309143745,0.08594657660328917,0.24229895,0.29978105,0.4337879038317845,0.005
35,5,0.23892312761500617,0.39082626,0.48877072,0.38265907205120303,0.09415049026054996,0.24963939,0.31036156,0.5143633117857879,0.005
35,6,0.28935159861205895,0.434485,0.5379497,0.36707659980338225,0.1959505280745881,0.3701098,0.4426205,0.42187202619682573,0.005
35,7,0.22182144245533186,0.37571022,0.47098896,0.3983025877995648,0.11319610556321484,0.2727639,0.33621225,0.7262009650776166,0.005
35,8,0.16403807382856575,0.32603425,0.40498993,0.47457531772516665,0.2490041522043092,0.4578709,0.4940925,0.6809862272526785,0.005
35,9,0.17765718809912137,0.33057553,0.421475,0.43601309898688106,0.07482995997582163,0.23286855,0.27797437,0.7161415123703727,0.005
35,10,0.1265334013466523,0.2860796,0.35568354,0.5020858261374154,0.10819058040423053,0.28196403,0.32739326,0.7642511754705191,0.005
35,11,0.10986255520136556,0.26264793,0.3315086,0.536808804030332,0.04414442673857723,0.1663333,0.20895821,0.6947029552763135,0.005
35,12,0.12039135511372691,0.27540073,0.34690425,0.5120578077552024,0.03494412465287106,0.14582969,0.18943432,0.6997580702118018,0.005
35,13,0.1348382621725029,0.29093644,0.36722878,0.5049113642361077,0.042948812911553044,0.16529083,0.20737366,0.6930000605669441,0.005
35,14,0.16130429944980926,0.319468,0.4016401,0.46276386104275874,0.054255052735762935,0.18105242,0.22828783,0.6662917298405487,0.005
35,15,0.1781983789160987,0.33972335,0.42207417,0.45812398091641426,0.12916191055306367,0.2844987,0.36230722,0.33391359038366775,0.005
35,16,0.15109960985517948,0.30803284,0.38875386,0.46581124725021156,0.04934942961803505,0.16522633,0.21219677,0.8162955123375183,0.005
35,17,0.12710196068771532,0.28324547,0.3565447,0.5062797848444313,0.09654163861913341,0.27065477,0.3091878,0.7751027413497283,0.005
35,18,0.13198712548223612,0.28843597,0.36323714,0.4840058610842494,0.041381123409207375,0.16231552,0.20581086,0.7190996383316417,0.005
35,19,0.11011619528181085,0.26474065,0.33183488,0.5416893079475921,0.05432597813861711,0.18214895,0.2342596,0.5353546920281295,0.005
35,20,0.1398462879636856,0.2984801,0.37395826,0.4943135406795161,0.05564586818218231,0.18410015,0.23392408,0.5498289183158268,0.005
35,21,0.23770182155003058,0.38348365,0.4876038,0.3983053521700536,0.05872813080038343,0.19736642,0.2441108,0.6821768367775588,0.005
35,22,0.20370813450453995,0.35643014,0.45139232,0.41377673040749957,0.1161383789564882,0.27373394,0.3399233,0.7322259034702473,0.005
35,23,0.192665595039029,0.34774366,0.43891296,0.43324206048947567,0.14666582218238286,0.3198414,0.3728388,0.4747091298202547,0.005
35,24,0.15415229717983264,0.3131518,0.39260697,0.47040985014295245,0.06202836015394756,0.20349073,0.25173283,0.715651921408836,0.005
35,25,0.13735691945407993,0.2970135,0.37063062,0.48325147208050334,0.04509544838219881,0.16273208,0.21332674,0.7301227878983696,0.005
35,26,0.13377461728648604,0.28828973,0.36566278,0.48770460505178115,0.14134030044078827,0.3087487,0.379201,0.7157772487915359,0.005
35,27,0.2368784755398737,0.38856265,0.48677817,0.4214301730895575,0.11212784703820944,0.27782977,0.34187174,0.23268304792476027,0.005
35,28,0.19864422988111727,0.35591593,0.4456952,0.4186758032157938,0.06367837211915425,0.20928353,0.2546545,0.500941052425058,0.005
35,29,0.13374568549829108,0.28911167,0.36578435,0.5081843352182696,0.04294416434796793,0.17107774,0.21096025,0.7339586682796111,0.005
35,30,0.09692015262129151,0.24499102,0.31132767,0.5724061169808969,0.03069920984229871,0.14231269,0.17493697,0.7371973177710915,0.005
35,31,0.10204472248311912,0.25332758,0.31946,0.562003578571816,0.04455370522503342,0.1689545,0.2112994,0.7001778038464139,0.005
35,32,0.12725201461498983,0.28074002,0.3567457,0.5169319648879253,0.11472665332257748,0.27185774,0.33464086,0.5429365579054647,0.005
35,33,0.1463095977832781,0.3060158,0.38257265,0.49027330855989926,0.04410075901874474,0.17217377,0.21046177,0.7617774156561661,0.005
35,34,0.1402143891030383,0.29596272,0.37444213,0.4971923582440297,0.04588542080351284,0.17433032,0.21675695,0.741899719217585,0.005
35,35,0.16368452438684267,0.31816462,0.4045858,0.4436250645556491,0.1604945265821048,0.32368037,0.39181235,0.561636138104663,0.005
35,36,0.18084416862263858,0.33909228,0.4252961,0.4353341439291712,0.05967703315296343,0.1991482,0.24704763,0.5189326861913152,0.005
35,37,0.15146929802042303,0.31016296,0.3891806,0.46840562733605634,0.06190068820225341,0.19701304,0.2530505,0.7506003795561544,0.005
35,38,0.19463192866505863,0.3506674,0.44118768,0.4300448978216557,0.15049449567283904,0.32837594,0.38286328,0.6549439221853908,0.005
35,39,0.14045715746339235,0.30003634,0.37479123,0.489813144698324,0.03759195030267749,0.15237132,0.18992585,0.7627085386057648,0.005
35,40,0.1202482999450414,0.27364635,0.3466619,0.5213244490608697,0.05045294415737901,0.18773715,0.2269727,0.7982382754251144,0.005
35,41,0.11694693283360695,0.27236348,0.34198207,0.5201086331852113,0.04255868587642908,0.16222697,0.20823379,0.6369414606245014,0.005
35,42,0.1341334618976183,0.2876124,0.36627212,0.4747647085285023,0.09186941598142896,0.25390953,0.3054764,0.7044097008190002,0.005
35,43,0.18339448192409266,0.34200948,0.42824483,0.4404311013368283,0.16749582226787293,0.34076113,0.4034394,0.6887918450999154,0.005
35,44,0.22521082061194928,0.3807172,0.4746211,0.40997713418971754,0.09798320436051913,0.26193202,0.3060508,0.6062445130391372,0.005
35,45,0.1657011020127858,0.3248284,0.4070918,0.45976824054855076,0.03856310035501208,0.15689097,0.1963016,0.747079225372793,0.005
35,46,0.09209025743478369,0.24242315,0.30344325,0.5658742808132101,0.05101300909050873,0.18758209,0.22825736,0.7666535779609374,0.005
35,47,0.09878508750105573,0.24420284,0.31426534,0.5535377418691143,0.03297259711793491,0.14528027,0.18425648,0.6924097537902151,0.005
35,48,0.10030249934469428,0.25130734,0.31672442,0.5459886966333789,0.02771056809329561,0.1311548,0.16910274,0.7779215855540831,0.005
35,49,0.11210316283819831,0.26663166,0.33471435,0.5234679689523543,0.046380894258618355,0.1697108,0.21834129,0.7912959428883142,0.005
35,50,0.12741199543125162,0.28814197,0.35692874,0.5069404301061458,0.048104662115552595,0.17924088,0.22264841,0.6768627040406904,0.005
35,51,0.13731405998919613,0.29190013,0.3706013,0.4916378126550794,0.0974967402539083,0.2548424,0.31125867,0.6179782067138557,0.005
35,52,0.17237252742052078,0.33501774,0.41524157,0.43993426840568084,0.07704750342028481,0.23306274,0.28177163,0.719633597838486,0.005
35,53,0.15659454339575546,0.31673926,0.39573848,0.4610197994417245,0.07160236526812826,0.21820706,0.26463068,0.6480133567339605,0.005
35,54,0.12718065438148018,0.28647274,0.3566594,0.5035420615081285,0.043159792465823035,0.17072429,0.20914209,0.6819101811061528,0.005
35,55,0.1197610119375113,0.27211124,0.34600607,0.5192757572386187,0.18612592135156905,0.37007177,0.42539114,0.7099677032773449,0.005
35,56,0.1452712118625641,0.3029325,0.38115424,0.46657187346412476,0.03457549041403191,0.14774227,0.18539211,0.7820573994877871,0.005
35,57,0.11454467527637972,0.27009335,0.33838922,0.5367632391814149,0.06028592905827931,0.20341371,0.2489227,0.5395272257006201,0.005
35,58,0.14518750824521634,0.30398247,0.38091356,0.4774351971189246,0.3089007650102888,0.49585262,0.5404448,0.7190190335749239,0.005
35,59,0.1915018662601431,0.34928226,0.43763503,0.43371685195779514,0.044471669010818005,0.16941282,0.21122488,0.6548287911674507,0.005
35,60,0.14096037381998847,0.3010841,0.37549675,0.4785560294198074,0.07419387091483388,0.22526938,0.27419537,0.7441623636537433,0.005
35,61,0.1476117527094957,0.3064811,0.38416278,0.47073730546842246,0.08328937020684991,0.23449455,0.29217017,0.5623489038141056,0.005
35,62,0.16119322219045362,0.32150996,0.4014523,0.45927566903607836,0.22467455587216786,0.4085474,0.48101407,0.4377723463414097,0.005
35,63,0.16614530082339438,0.32277268,0.4076255,0.4542203894841788,0.05932030188185828,0.20100796,0.24752793,0.8129267569860298,0.005
35,64,0.13232345315061997,0.28667495,0.36376354,0.49958868219358793,0.04774714061724288,0.17208605,0.22071205,0.7388225623933135,0.005
35,65,0.11794782241928244,0.27269146,0.34335297,0.5218189303684362,0.03876862039656511,0.1506873,0.19607906,0.7260588668968982,0.005
35,66,0.11126194880387494,0.26412562,0.3334715,0.5551001846203962,0.08729326971141356,0.2371121,0.29591557,0.6175174341939323,0.005
35,67,0.11086580024979939,0.26322728,0.3329274,0.5286720309473278,0.022763769765983204,0.119270355,0.15443426,0.7981890728615696,0.005
35,68,0.1076952434519184,0.26060086,0.3281893,0.5397703722449536,0.030275238478290185,0.13771547,0.17647976,0.747512624659191,0.005
35,69,0.1103227534723059,0.26282275,0.33205995,0.527389311810811,0.032996159446026595,0.13967098,0.17963666,0.772662395509978,0.005
35,70,0.10233429060361096,0.2543603,0.3198729,0.5508600068956789,0.039549454780561585,0.15538071,0.19979398,0.7701407576813364,0.005
35,71,0.12082864848949085,0.2772394,0.34762633,0.5148425962630551,0.10235117602029017,0.27151164,0.32378212,0.4915279030701808,0.005
35,72,0.16185858817858118,0.32006115,0.4023181,0.45096380429080496,0.053947151971182654,0.18929148,0.2371264,0.7130264339249377,0.005
35,73,0.27851840421975216,0.41495374,0.52780384,0.36531900340704787,0.11355581892920392,0.2898983,0.3446613,0.6071857558556684,0.005
35,74,0.20800596614864386,0.36365828,0.45614088,0.39917555870333615,0.04760447350729789,0.18140511,0.22106358,0.7643502184119657,0.005
35,75,0.12616245967344702,0.28271398,0.35523894,0.5083876538606013,0.11033293791115284,0.27832812,0.33421946,0.6752426470715205,0.005
35,76,0.11014904941771632,0.2598507,0.3318514,0.5419768782086859,0.032412997846092494,0.14860076,0.18110636,0.7767994888428016,0.005
35,77,0.08571455521491643,0.23358737,0.29278877,0.5826530905763156,0.03845830926937716,0.16664453,0.19627976,0.8023357241343492,0.005
35,78,0.11283815046337163,0.2708324,0.335847,0.5381487813477349,0.18326696141489915,0.3712626,0.43671948,0.4547328246402699,0.005
35,79,0.12854453695015372,0.28196782,0.3584754,0.4947460851311072,0.03576482506468892,0.1496293,0.18981043,0.7218673235869139,0.005
35,80,0.09920718367690239,0.25024053,0.3149851,0.5649464502805894,0.07384281738528184,0.22667465,0.27225825,0.7664772034087306,0.005
35,81,0.12530569448440432,0.28210887,0.35395968,0.5101842117549042,0.04440070316195488,0.16586499,0.21354829,0.7183212484054236,0.005
35,82,0.1218820232027602,0.27800393,0.3491415,0.5151271088379158,0.04057071717189891,0.16654399,0.20354156,0.750050098632793,0.005
35,83,0.11982338767603179,0.27485207,0.34618735,0.5272046125978656,0.029497464586581503,0.13590336,0.17223033,0.7550418931493623,0.005
35,84,0.11103037342638056,0.26371664,0.33317733,0.530367702056597,0.07304451754316688,0.2121558,0.2650206,0.6736049027447392,0.005
35,85,0.14782295083609698,0.3088495,0.3844429,0.47563762742544125,0.034890424726264815,0.15196031,0.18858995,0.7815959424104716,0.005
35,86,0.18499248906552235,0.34186614,0.43014482,0.4302981162397908,0.052897169653858454,0.18210416,0.22906773,0.7862247944581205,0.005
