config_id,epoch,train_mse,train_qwk,valid_mse,valid_qwk
0,1,1294.7342472820676,0.16475463454100403,1160.2607322522108,0.044044292990933376
