config_id,epoch,train_mse,train_qwk,valid_mse,valid_qwk
0,1,1495.3833775922858,0.014527040540805336,1243.3599392875535,0.0
