question,reference_answer,answer,score,normalized_score,dataset,dataset_num
Jelaskan kegunaan karbohidrat untuk tubuh kita.,"Fungsi karbohidrat adalah sebagai pemasok energi, dapat memperlancar proses pada pencernaan, memberikan efek kenyang dengan kandungan selulosa-nya dan penyeimbang asam dan basa dalam tubuh","sumber tenaga, pemanis alami, menjaga sistem imun, dan sebagai keseimbangan tubuh ",27.0,0.27,analisis_essay,analisis_essay-1
Jelaskan kegunaan karbohidrat untuk tubuh kita.,"Fungsi karbohidrat adalah sebagai pemasok energi, dapat memperlancar proses pada pencernaan, memberikan efek kenyang dengan kandungan selulosa-nya dan penyeimbang asam dan basa dalam tubuh","sebagai sumber energi, pemanis alami, menjaga sistem imun tubuh, mengoptimalkan kerja protein ",21.0,0.21,analisis_essay,analisis_essay-1
Jelaskan kegunaan karbohidrat untuk tubuh kita.,"Fungsi karbohidrat adalah sebagai pemasok energi, dapat memperlancar proses pada pencernaan, memberikan efek kenyang dengan kandungan selulosa-nya dan penyeimbang asam dan basa dalam tubuh",1. Sebagai energi. 2. Sebagai memperlancaar pencernaan. 3. Sebagai sistem imun. 4. Sebagai cadangan lemak. ,42.0,0.42,analisis_essay,analisis_essay-1
Jelaskan kegunaan karbohidrat untuk tubuh kita.,"Fungsi karbohidrat adalah sebagai pemasok energi, dapat memperlancar proses pada pencernaan, memberikan efek kenyang dengan kandungan selulosa-nya dan penyeimbang asam dan basa dalam tubuh","untuk membuat kenyang, agar tidak lapar, agar kuat dan sehat, dapat melakukan aktivitas ",18.0,0.18,analisis_essay,analisis_essay-1
Jelaskan kegunaan karbohidrat untuk tubuh kita.,"Fungsi karbohidrat adalah sebagai pemasok energi, dapat memperlancar proses pada pencernaan, memberikan efek kenyang dengan kandungan selulosa-nya dan penyeimbang asam dan basa dalam tubuh",Karbohidrat mempunyai peran penting untuk proses metabolisme atau proses yang berfungsi sebagai penyeimbang asam dan basa dalam tubuh. Karbohidrat dapat mencegah terjadinya ketidaksempurnaan proses oksidasi lemak. Fungsi karbohidrat yang utama adalah sebagai pemasok energi. Makanan berkarbohidrat dan serat tinggi dapat membantu memperlancar proses pada pencernaan. ,82.0,0.82,analisis_essay,analisis_essay-1
Jelaskan kegunaan karbohidrat untuk tubuh kita.,"Fungsi karbohidrat adalah sebagai pemasok energi, dapat memperlancar proses pada pencernaan, memberikan efek kenyang dengan kandungan selulosa-nya dan penyeimbang asam dan basa dalam tubuh",1. untuk menjaga sistem imun tubuh 2. untuk proses metabolisme penyeimbang asam dan basa didalam tubuh 3. mencegah terjadinya ketidaksempurnaan untuk proses oksidasi lemak 4. pemasok energi ,47.0,0.47,analisis_essay,analisis_essay-1
Jelaskan kegunaan karbohidrat untuk tubuh kita.,"Fungsi karbohidrat adalah sebagai pemasok energi, dapat memperlancar proses pada pencernaan, memberikan efek kenyang dengan kandungan selulosa-nya dan penyeimbang asam dan basa dalam tubuh",1. untuk menjaga sistem imun tubuh 2. untuk proses metabolisme penyeimbang asam dan basa didalam tubuh 3. mencegah terjadinya ketidaksempurnaan untuk proses oksidasi lemak 4. pemasok energi ,50.0,0.5,analisis_essay,analisis_essay-1
Jelaskan kegunaan karbohidrat untuk tubuh kita.,"Fungsi karbohidrat adalah sebagai pemasok energi, dapat memperlancar proses pada pencernaan, memberikan efek kenyang dengan kandungan selulosa-nya dan penyeimbang asam dan basa dalam tubuh","Menambah energi dalam tubuh, untuk proses metabolisme, memperlancar proses pencernaan, untuk mengoptimalkan kerja protein. ",35.0,0.35,analisis_essay,analisis_essay-1
Jelaskan kegunaan karbohidrat untuk tubuh kita.,"Fungsi karbohidrat adalah sebagai pemasok energi, dapat memperlancar proses pada pencernaan, memberikan efek kenyang dengan kandungan selulosa-nya dan penyeimbang asam dan basa dalam tubuh","kegunaan karbohidrat untuk tubuh kita adalah menambah energi, proses metabolisme dalam tubuh, memperlancar proses pencernaan, dan berfungsi untuk mengoptimalkan kerja protein dalam tubuh. ",48.0,0.48,analisis_essay,analisis_essay-1
Jelaskan kegunaan karbohidrat untuk tubuh kita.,"Fungsi karbohidrat adalah sebagai pemasok energi, dapat memperlancar proses pada pencernaan, memberikan efek kenyang dengan kandungan selulosa-nya dan penyeimbang asam dan basa dalam tubuh",sebagai sumber energi bagi tubuh penghasil gula darah penghasil enzim yang baik bagi lambung menyehatkan usus ,22.0,0.22,analisis_essay,analisis_essay-1
Jelaskan kegunaan karbohidrat untuk tubuh kita.,"Fungsi karbohidrat adalah sebagai pemasok energi, dapat memperlancar proses pada pencernaan, memberikan efek kenyang dengan kandungan selulosa-nya dan penyeimbang asam dan basa dalam tubuh",1. sebagai sumber energi pada tubuh 2. sebagai penghasil gula darah 3. sebagai sumber tenaga 4. sebagai pemenuh kebutuhan tubuh ,28.0,0.28,analisis_essay,analisis_essay-1
Jelaskan kegunaan karbohidrat untuk tubuh kita.,"Fungsi karbohidrat adalah sebagai pemasok energi, dapat memperlancar proses pada pencernaan, memberikan efek kenyang dengan kandungan selulosa-nya dan penyeimbang asam dan basa dalam tubuh","Untuk sumber energi, Untuk pembentuk sel, Sebagai sumber tenaga, Sebagai pembentuk daging ",19.0,0.19,analisis_essay,analisis_essay-1
Jelaskan kegunaan karbohidrat untuk tubuh kita.,"Fungsi karbohidrat adalah sebagai pemasok energi, dapat memperlancar proses pada pencernaan, memberikan efek kenyang dengan kandungan selulosa-nya dan penyeimbang asam dan basa dalam tubuh",1) Kegunaannya untuk memberikan tenaga bagi tubuh kita 2) memberikan energi 3) memberikan lemak 4) memberikan efek kenyang bagi tubuh kita ,52.0,0.52,analisis_essay,analisis_essay-1
Jelaskan kegunaan karbohidrat untuk tubuh kita.,"Fungsi karbohidrat adalah sebagai pemasok energi, dapat memperlancar proses pada pencernaan, memberikan efek kenyang dengan kandungan selulosa-nya dan penyeimbang asam dan basa dalam tubuh",kesehetan pertumbuhan ,3.0,0.03,analisis_essay,analisis_essay-1
Jelaskan kegunaan karbohidrat untuk tubuh kita.,"Fungsi karbohidrat adalah sebagai pemasok energi, dapat memperlancar proses pada pencernaan, memberikan efek kenyang dengan kandungan selulosa-nya dan penyeimbang asam dan basa dalam tubuh","menjaga metabolisme tubuh, menjaga, menjaga stamina tetap stabil, membuat seseorang bergairah, dan menjaga keseimbangan tubuh terutama keasaman tubuh ",13.0,0.13,analisis_essay,analisis_essay-1
Jelaskan kegunaan karbohidrat untuk tubuh kita.,"Fungsi karbohidrat adalah sebagai pemasok energi, dapat memperlancar proses pada pencernaan, memberikan efek kenyang dengan kandungan selulosa-nya dan penyeimbang asam dan basa dalam tubuh",1.Tenaga 2.Energi 3.Makanan 4.Nasi ,13.0,0.13,analisis_essay,analisis_essay-1
Jelaskan kegunaan karbohidrat untuk tubuh kita.,"Fungsi karbohidrat adalah sebagai pemasok energi, dapat memperlancar proses pada pencernaan, memberikan efek kenyang dengan kandungan selulosa-nya dan penyeimbang asam dan basa dalam tubuh",ntuk menambah energ ,12.0,0.12,analisis_essay,analisis_essay-1
Jelaskan kegunaan karbohidrat untuk tubuh kita.,"Fungsi karbohidrat adalah sebagai pemasok energi, dapat memperlancar proses pada pencernaan, memberikan efek kenyang dengan kandungan selulosa-nya dan penyeimbang asam dan basa dalam tubuh","membuat tubuh tahan banting, agar membuat tubuh terlihat bugar, agar badan tidak lemas, agar tetap sehat ",7.0,0.07,analisis_essay,analisis_essay-1
Jelaskan kegunaan karbohidrat untuk tubuh kita.,"Fungsi karbohidrat adalah sebagai pemasok energi, dapat memperlancar proses pada pencernaan, memberikan efek kenyang dengan kandungan selulosa-nya dan penyeimbang asam dan basa dalam tubuh",Sumber tenaga. Sumber kalori. Membentuk massa otot. Memperkuat tulang ,15.0,0.15,analisis_essay,analisis_essay-1
Jelaskan kegunaan karbohidrat untuk tubuh kita.,"Fungsi karbohidrat adalah sebagai pemasok energi, dapat memperlancar proses pada pencernaan, memberikan efek kenyang dengan kandungan selulosa-nya dan penyeimbang asam dan basa dalam tubuh","tenaga, kesehatan, tulang, dan tubuh ",8.0,0.08,analisis_essay,analisis_essay-1
Jelaskan kegunaan karbohidrat untuk tubuh kita.,"Fungsi karbohidrat adalah sebagai pemasok energi, dapat memperlancar proses pada pencernaan, memberikan efek kenyang dengan kandungan selulosa-nya dan penyeimbang asam dan basa dalam tubuh",nutrisi untuk tubuh menambah kekuatan mochi macho ,5.0,0.05,analisis_essay,analisis_essay-1
Jelaskan kegunaan karbohidrat untuk tubuh kita.,"Fungsi karbohidrat adalah sebagai pemasok energi, dapat memperlancar proses pada pencernaan, memberikan efek kenyang dengan kandungan selulosa-nya dan penyeimbang asam dan basa dalam tubuh","sebagai tenaga, untuk mengganjel perut, untuk kesehatan, agar tidak kelaparan ",28.0,0.28,analisis_essay,analisis_essay-1
Jelaskan kegunaan karbohidrat untuk tubuh kita.,"Fungsi karbohidrat adalah sebagai pemasok energi, dapat memperlancar proses pada pencernaan, memberikan efek kenyang dengan kandungan selulosa-nya dan penyeimbang asam dan basa dalam tubuh",1. menambah tenaga ,13.0,0.13,analisis_essay,analisis_essay-1
Jelaskan kegunaan karbohidrat untuk tubuh kita.,"Fungsi karbohidrat adalah sebagai pemasok energi, dapat memperlancar proses pada pencernaan, memberikan efek kenyang dengan kandungan selulosa-nya dan penyeimbang asam dan basa dalam tubuh",mendapat tenaga ,13.0,0.13,analisis_essay,analisis_essay-1
Jelaskan kegunaan karbohidrat untuk tubuh kita.,"Fungsi karbohidrat adalah sebagai pemasok energi, dapat memperlancar proses pada pencernaan, memberikan efek kenyang dengan kandungan selulosa-nya dan penyeimbang asam dan basa dalam tubuh",1. Sumber Energi Tubuh 2. Mengendalikan Berat Badan 3. Karbohidrat untuk Mencegah Penyakit 4. Memelihara Kesehatan Jantung 5. Mendukung Fungsi Pencernaan 6. Meningkatkan Penyerapan Nutrisi 7. Mencegah Kerusakan Jaringan Otot 8. Mengatur Kenaikan Kadar Gula dalam Darah 9. Mencukupi Kebutuhan Fitonutrien 10. Mendukung Fungsi Otak 11. Mengatasi Kecemasan ,57.0,0.57,analisis_essay,analisis_essay-1
Jelaskan kegunaan karbohidrat untuk tubuh kita.,"Fungsi karbohidrat adalah sebagai pemasok energi, dapat memperlancar proses pada pencernaan, memberikan efek kenyang dengan kandungan selulosa-nya dan penyeimbang asam dan basa dalam tubuh",Karbohidrat merupakan salah satu komponen sebagai sumber tenaga dalam tubuh kita ,21.0,0.21,analisis_essay,analisis_essay-1
Jelaskan kegunaan karbohidrat untuk tubuh kita.,"Fungsi karbohidrat adalah sebagai pemasok energi, dapat memperlancar proses pada pencernaan, memberikan efek kenyang dengan kandungan selulosa-nya dan penyeimbang asam dan basa dalam tubuh",Kegunaan karbohidrat: -sumber energi -pengendalian berat badan -pencegahan penyakit ,18.0,0.18,analisis_essay,analisis_essay-1
Jelaskan kegunaan karbohidrat untuk tubuh kita.,"Fungsi karbohidrat adalah sebagai pemasok energi, dapat memperlancar proses pada pencernaan, memberikan efek kenyang dengan kandungan selulosa-nya dan penyeimbang asam dan basa dalam tubuh","Karbohidrat digunakan untuk nutrisi tubuh, sumber energi, sebagai glukosa, dan memberikan tenaga cadangan. ",23.0,0.23,analisis_essay,analisis_essay-1
Jelaskan kegunaan karbohidrat untuk tubuh kita.,"Fungsi karbohidrat adalah sebagai pemasok energi, dapat memperlancar proses pada pencernaan, memberikan efek kenyang dengan kandungan selulosa-nya dan penyeimbang asam dan basa dalam tubuh",karbohidrat sebagai sumber energi bagi tubuh manusia ,19.0,0.19,analisis_essay,analisis_essay-1
Jelaskan kegunaan karbohidrat untuk tubuh kita.,"Fungsi karbohidrat adalah sebagai pemasok energi, dapat memperlancar proses pada pencernaan, memberikan efek kenyang dengan kandungan selulosa-nya dan penyeimbang asam dan basa dalam tubuh",karbohidrat berfungsi sebagai energi bagi tubuh dengan membakar karbohidrat menjadi kalori. ,25.0,0.25,analisis_essay,analisis_essay-1
Jelaskan kegunaan karbohidrat untuk tubuh kita.,"Fungsi karbohidrat adalah sebagai pemasok energi, dapat memperlancar proses pada pencernaan, memberikan efek kenyang dengan kandungan selulosa-nya dan penyeimbang asam dan basa dalam tubuh","Menambah energi, Membuat kenyang, Membuat gemuk. ",32.0,0.32,analisis_essay,analisis_essay-1
Jelaskan kegunaan karbohidrat untuk tubuh kita.,"Fungsi karbohidrat adalah sebagai pemasok energi, dapat memperlancar proses pada pencernaan, memberikan efek kenyang dengan kandungan selulosa-nya dan penyeimbang asam dan basa dalam tubuh",Sebagai sumber energi dalam tubuh kita. ,18.0,0.18,analisis_essay,analisis_essay-1
Jelaskan kegunaan karbohidrat untuk tubuh kita.,"Fungsi karbohidrat adalah sebagai pemasok energi, dapat memperlancar proses pada pencernaan, memberikan efek kenyang dengan kandungan selulosa-nya dan penyeimbang asam dan basa dalam tubuh",sumber energi tubuh mengendalikan berat badan ,15.0,0.15,analisis_essay,analisis_essay-1
Jelaskan kegunaan karbohidrat untuk tubuh kita.,"Fungsi karbohidrat adalah sebagai pemasok energi, dapat memperlancar proses pada pencernaan, memberikan efek kenyang dengan kandungan selulosa-nya dan penyeimbang asam dan basa dalam tubuh",- Sebagai sumber energi tubuh - Mengendalikan Berat Badan. - Karbohidrat untuk mencegah penyakit - Memelihara Kesehatan Jantung - Mendukung fungsi pencernaan - Meningkatkan penyerapan nutrisi - mencegah kerusakan otot - Mengatur kenaikan kadar gula dalam darah - Mencukupi kebutuhan fitonutrien - Mendukung fungsi otak - Mengatasi kecemasan,53.0,0.53,analisis_essay,analisis_essay-1
Jelaskan kegunaan karbohidrat untuk tubuh kita.,"Fungsi karbohidrat adalah sebagai pemasok energi, dapat memperlancar proses pada pencernaan, memberikan efek kenyang dengan kandungan selulosa-nya dan penyeimbang asam dan basa dalam tubuh",sebagai sumber energi dalam tubuh ,18.0,0.18,analisis_essay,analisis_essay-1
Jelaskan kegunaan karbohidrat untuk tubuh kita.,"Fungsi karbohidrat adalah sebagai pemasok energi, dapat memperlancar proses pada pencernaan, memberikan efek kenyang dengan kandungan selulosa-nya dan penyeimbang asam dan basa dalam tubuh",Sebagai energi ,9.0,0.09,analisis_essay,analisis_essay-1
Jelaskan kegunaan karbohidrat untuk tubuh kita.,"Fungsi karbohidrat adalah sebagai pemasok energi, dapat memperlancar proses pada pencernaan, memberikan efek kenyang dengan kandungan selulosa-nya dan penyeimbang asam dan basa dalam tubuh",Kegunaan karbohidrat bagi tubuh adalah sebagai sumber energi bagi tubuh untuk melakukan aktivitas sehari hari. ,23.0,0.23,analisis_essay,analisis_essay-1
Jelaskan kegunaan karbohidrat untuk tubuh kita.,"Fungsi karbohidrat adalah sebagai pemasok energi, dapat memperlancar proses pada pencernaan, memberikan efek kenyang dengan kandungan selulosa-nya dan penyeimbang asam dan basa dalam tubuh","karbohidrat memiliki bermacam-macam manfaat yaitu sebagai sumber energi tubuh, mengendalikan berat badan, mendukung fungsi pencernaan, mengatur kenaikan kadar gula dalam darah dan melancarkan fungsi pencernaan ",58.0,0.58,analisis_essay,analisis_essay-1
Jelaskan kegunaan karbohidrat untuk tubuh kita.,"Fungsi karbohidrat adalah sebagai pemasok energi, dapat memperlancar proses pada pencernaan, memberikan efek kenyang dengan kandungan selulosa-nya dan penyeimbang asam dan basa dalam tubuh",karbohidrat berguna sebagai pemberi energi agar tubuh kita memiliki tenaga dalam melakukan aktivitas sehari - hari. ,24.0,0.24,analisis_essay,analisis_essay-1
Jelaskan kegunaan karbohidrat untuk tubuh kita.,"Fungsi karbohidrat adalah sebagai pemasok energi, dapat memperlancar proses pada pencernaan, memberikan efek kenyang dengan kandungan selulosa-nya dan penyeimbang asam dan basa dalam tubuh","- Mempunyai peran penting untuk proses metabolisme, atau proses yang berfungsi sebagai penyeimbang asam dan basa di dalam tubuh, serta proses untuk membentuk jaringan sel, struktur dan juga organ-organ dalam tubuh. - Karbohidrat dapat mencegah terjadinya ",33.0,0.33,analisis_essay,analisis_essay-1
Jelaskan kegunaan karbohidrat untuk tubuh kita.,"Fungsi karbohidrat adalah sebagai pemasok energi, dapat memperlancar proses pada pencernaan, memberikan efek kenyang dengan kandungan selulosa-nya dan penyeimbang asam dan basa dalam tubuh",kegunaannya adalah sebagai pemasok energi. Dalam 1 gram karbohidrat mampu menghasilkan 4 kkalori yang melalui proses pembakaran kimiawi di dalam tubuh akan menjadi sumber energi. ,26.0,0.26,analisis_essay,analisis_essay-1
Jelaskan kegunaan karbohidrat untuk tubuh kita.,"Fungsi karbohidrat adalah sebagai pemasok energi, dapat memperlancar proses pada pencernaan, memberikan efek kenyang dengan kandungan selulosa-nya dan penyeimbang asam dan basa dalam tubuh",- sumber energi tubuh - Mengendalikan Berat Badan - Karbohidrat untuk mencegah penyakit - Memelihara Kesehatan Jantung - Mendukung fungsi pencernaan - Meningkatkan penyerapan nutrisi - mencegah kerusakan jaringan otot - Mengatur kenaikan kadar gula dalam darah - Mencukupi kebutuhan fitonutrien - Mendukung fungsi otak - Mengatasi kecemasan,54.0,0.54,analisis_essay,analisis_essay-1
Jelaskan kegunaan karbohidrat untuk tubuh kita.,"Fungsi karbohidrat adalah sebagai pemasok energi, dapat memperlancar proses pada pencernaan, memberikan efek kenyang dengan kandungan selulosa-nya dan penyeimbang asam dan basa dalam tubuh",kegunaan karbohidrat adalah sebagai sumber energi bagi tubuh agar bisa melaksanakan aktivitas dengan lancar ,22.0,0.22,analisis_essay,analisis_essay-1
Jelaskan kegunaan karbohidrat untuk tubuh kita.,"Fungsi karbohidrat adalah sebagai pemasok energi, dapat memperlancar proses pada pencernaan, memberikan efek kenyang dengan kandungan selulosa-nya dan penyeimbang asam dan basa dalam tubuh",Mangan ,3.0,0.03,analisis_essay,analisis_essay-1
Jelaskan kegunaan karbohidrat untuk tubuh kita.,"Fungsi karbohidrat adalah sebagai pemasok energi, dapat memperlancar proses pada pencernaan, memberikan efek kenyang dengan kandungan selulosa-nya dan penyeimbang asam dan basa dalam tubuh",Untuk penambah stamina dalam tubuh kita dan untuk pencernaan. ,17.0,0.17,analisis_essay,analisis_essay-1
Jelaskan kegunaan karbohidrat untuk tubuh kita.,"Fungsi karbohidrat adalah sebagai pemasok energi, dapat memperlancar proses pada pencernaan, memberikan efek kenyang dengan kandungan selulosa-nya dan penyeimbang asam dan basa dalam tubuh",untuk menggantikan energi yang sudah terkuras ,15.0,0.15,analisis_essay,analisis_essay-1
Jelaskan kegunaan karbohidrat untuk tubuh kita.,"Fungsi karbohidrat adalah sebagai pemasok energi, dapat memperlancar proses pada pencernaan, memberikan efek kenyang dengan kandungan selulosa-nya dan penyeimbang asam dan basa dalam tubuh",Sebagai sumber energi. ,15.0,0.15,analisis_essay,analisis_essay-1
Jelaskan kegunaan karbohidrat untuk tubuh kita.,"Fungsi karbohidrat adalah sebagai pemasok energi, dapat memperlancar proses pada pencernaan, memberikan efek kenyang dengan kandungan selulosa-nya dan penyeimbang asam dan basa dalam tubuh",karbohidrat untuk tubuh kita berguna untuk sumber tenaga dan sebagai penyuplai energi agar badan selalu merasa segar dan bertenga. ,21.0,0.21,analisis_essay,analisis_essay-1
Jelaskan kegunaan karbohidrat untuk tubuh kita.,"Fungsi karbohidrat adalah sebagai pemasok energi, dapat memperlancar proses pada pencernaan, memberikan efek kenyang dengan kandungan selulosa-nya dan penyeimbang asam dan basa dalam tubuh",Manfaat karbohidrat yang utama yaitu sebagai sumber energi tubuh. ,21.0,0.21,analisis_essay,analisis_essay-1
Jelaskan kegunaan karbohidrat untuk tubuh kita.,"Fungsi karbohidrat adalah sebagai pemasok energi, dapat memperlancar proses pada pencernaan, memberikan efek kenyang dengan kandungan selulosa-nya dan penyeimbang asam dan basa dalam tubuh","agar tubuh menjadi bersemangat dan sehat, kuat ",10.0,0.1,analisis_essay,analisis_essay-1
Jelaskan kegunaan karbohidrat untuk tubuh kita.,"Fungsi karbohidrat adalah sebagai pemasok energi, dapat memperlancar proses pada pencernaan, memberikan efek kenyang dengan kandungan selulosa-nya dan penyeimbang asam dan basa dalam tubuh",karbohidrat untuk menambah energi bagi tubuh kita ,20.0,0.2,analisis_essay,analisis_essay-1
Jelaskan kegunaan karbohidrat untuk tubuh kita.,"Fungsi karbohidrat adalah sebagai pemasok energi, dapat memperlancar proses pada pencernaan, memberikan efek kenyang dengan kandungan selulosa-nya dan penyeimbang asam dan basa dalam tubuh","sebagai asupan yang dapat menambah energi, dan untuk mengatur kestabilan tubuh apabila dikonsumsi tidak berlebihan ",33.0,0.33,analisis_essay,analisis_essay-1
Jelaskan kegunaan karbohidrat untuk tubuh kita.,"Fungsi karbohidrat adalah sebagai pemasok energi, dapat memperlancar proses pada pencernaan, memberikan efek kenyang dengan kandungan selulosa-nya dan penyeimbang asam dan basa dalam tubuh",Untuk suplay energi. ,15.0,0.15,analisis_essay,analisis_essay-1
Jelaskan kegunaan karbohidrat untuk tubuh kita.,"Fungsi karbohidrat adalah sebagai pemasok energi, dapat memperlancar proses pada pencernaan, memberikan efek kenyang dengan kandungan selulosa-nya dan penyeimbang asam dan basa dalam tubuh","Mempunyai peran penting untuk proses metabolisme, atau proses yang berfungsi sebagai penyeimbang asam dan basa di dalam tubuh, serta proses untuk membentuk jaringan sel, struktur dan juga organ-organ dalam tubuh. Karbohidrat dapat mencegah terjadinya ketidaksempurnaan proses oksidasi lemak Fungsi karbohidrat yang utama adalah sebagai pemasok energi. Dalam 1 gram karbohidrat mampu menghasilkan 4 kkalori yang melalui proses pembakaran kimiawi di dalam tubuh akan menjadi sumber energi. ,Makanan ber-karbohidrat dan serat tinggi dapat membantu memperlancar proses pada pencernaan Karena sifat kandungan yang ada dalam karbohidrat yang manis, maka fungsi karbohidrat kali ini adalah sebagai pemanis alami, khususnya dengan kandungan monosakarida dan disakarida Fungsi karbohidrat juga berperan penting untuk mengoptimalkan kerja protein. Karena apabila tubuh mengalami kekurangan asupan karbohidrat, maka protein akan menggantikan fungsi karbohidrat sebagai penghasil energi dan zat pembentuk tubuh. ",79.0,0.79,analisis_essay,analisis_essay-1
Jelaskan kegunaan karbohidrat untuk tubuh kita.,"Fungsi karbohidrat adalah sebagai pemasok energi, dapat memperlancar proses pada pencernaan, memberikan efek kenyang dengan kandungan selulosa-nya dan penyeimbang asam dan basa dalam tubuh",membuat tubuh tidak lapar. ,18.0,0.18,analisis_essay,analisis_essay-1
Jelaskan kegunaan karbohidrat untuk tubuh kita.,"Fungsi karbohidrat adalah sebagai pemasok energi, dapat memperlancar proses pada pencernaan, memberikan efek kenyang dengan kandungan selulosa-nya dan penyeimbang asam dan basa dalam tubuh",karbohidrat berguna untuk menambah energi pada tubuh kita ,20.0,0.2,analisis_essay,analisis_essay-1
Jelaskan kegunaan karbohidrat untuk tubuh kita.,"Fungsi karbohidrat adalah sebagai pemasok energi, dapat memperlancar proses pada pencernaan, memberikan efek kenyang dengan kandungan selulosa-nya dan penyeimbang asam dan basa dalam tubuh",karbohidrak untuk tubuh manusia berguna untuk memberikan energi bagi tubuh kita. ,21.0,0.21,analisis_essay,analisis_essay-1
"Sebutkan 5 manfaat olahraga bagi tubuh. (Termasuk bagi pikiran, otot dan organ tubuh) ",-Mengurangi stress - Membentuk otot tubuh dan mengencangkan otot - Membakar lemak - Menghindarkan dari penyakit - Membuat organ tubuh lebih sehat - Meningkatkan stamina - Menghindari penuaan dini,- Menyehatkan tubuh - Memperkuat otot-otot - Menjernihkan pikiran - Terhindar dari berbagai penyakit - Membentuk Metabolisme tubuh,47.0,0.47,analisis_essay,analisis_essay-11
"Sebutkan 5 manfaat olahraga bagi tubuh. (Termasuk bagi pikiran, otot dan organ tubuh) ",-Mengurangi stress - Membentuk otot tubuh dan mengencangkan otot - Membakar lemak - Menghindarkan dari penyakit - Membuat organ tubuh lebih sehat - Meningkatkan stamina - Menghindari penuaan dini,1. Meringankan Kerja Jantung. 2. Melancarkan Aliran Darah. 3. Mencegah Terjadinya Obesitas. 4. Meningkatkan Pertumbuhan Tulang Dan Gigi. 5. Meningkatkan Sistem Imun ,20.0,0.2,analisis_essay,analisis_essay-11
"Sebutkan 5 manfaat olahraga bagi tubuh. (Termasuk bagi pikiran, otot dan organ tubuh) ",-Mengurangi stress - Membentuk otot tubuh dan mengencangkan otot - Membakar lemak - Menghindarkan dari penyakit - Membuat organ tubuh lebih sehat - Meningkatkan stamina - Menghindari penuaan dini,"refresing, kesehatan otot, syaraf-syaraf mejadi semakit rilexs,pembentukan fisik,kelincahan bergerak ",23.0,0.23,analisis_essay,analisis_essay-11
"Sebutkan 5 manfaat olahraga bagi tubuh. (Termasuk bagi pikiran, otot dan organ tubuh) ",-Mengurangi stress - Membentuk otot tubuh dan mengencangkan otot - Membakar lemak - Menghindarkan dari penyakit - Membuat organ tubuh lebih sehat - Meningkatkan stamina - Menghindari penuaan dini,1. Menjaga kondisi fisik tetap prima. 2. Menghilangkan stress. 3. Mengurangi lemak. 4. Melancarkan sistem pencernaan. 5. Membentuk tubuh ideal. ,28.0,0.28,analisis_essay,analisis_essay-11
"Sebutkan 5 manfaat olahraga bagi tubuh. (Termasuk bagi pikiran, otot dan organ tubuh) ",-Mengurangi stress - Membentuk otot tubuh dan mengencangkan otot - Membakar lemak - Menghindarkan dari penyakit - Membuat organ tubuh lebih sehat - Meningkatkan stamina - Menghindari penuaan dini,sehat ,6.0,0.06,analisis_essay,analisis_essay-11
"Sebutkan 5 manfaat olahraga bagi tubuh. (Termasuk bagi pikiran, otot dan organ tubuh) ",-Mengurangi stress - Membentuk otot tubuh dan mengencangkan otot - Membakar lemak - Menghindarkan dari penyakit - Membuat organ tubuh lebih sehat - Meningkatkan stamina - Menghindari penuaan dini,"Membantu mengontrol berat badan, Meningkatkan energi, Manfaat olahraga dalam mencegah berbagai penyakit, Memelihara kekebalan tubuh, Membantu meningkatkan kecerdasan otak. ",32.0,0.32,analisis_essay,analisis_essay-11
"Sebutkan 5 manfaat olahraga bagi tubuh. (Termasuk bagi pikiran, otot dan organ tubuh) ",-Mengurangi stress - Membentuk otot tubuh dan mengencangkan otot - Membakar lemak - Menghindarkan dari penyakit - Membuat organ tubuh lebih sehat - Meningkatkan stamina - Menghindari penuaan dini,"untuk memperlancar sistem peredaran darah, memberi energi pada tubuh, menghilangkan racun dalam tubuh, serta melatih otot tubuh agar tetap kuat, dan menghilangkan stress ",44.0,0.44,analisis_essay,analisis_essay-11
"Sebutkan 5 manfaat olahraga bagi tubuh. (Termasuk bagi pikiran, otot dan organ tubuh) ",-Mengurangi stress - Membentuk otot tubuh dan mengencangkan otot - Membakar lemak - Menghindarkan dari penyakit - Membuat organ tubuh lebih sehat - Meningkatkan stamina - Menghindari penuaan dini,"Manfaat olahraga untuk kesehatan tubuh kita memang sudah lama terbukti. Latihan olahraga penting tidak hanya penting untuk memelihara kebugaran fisik tetapi juga kesehatan mental. Sekarang daftar efek positif dari olahraga akan bertambah panjang lagi dengan adanya temuan bukti baru dari Daniel M. Landers, profesor ilmu kesehatan fisik dan olahraga dari Univeritas Arizona. Cukup dengan menggerakkan tubuh selama 10 menit setiap hari kesehatan mental kita akan meningkat cepat. Selain itu daya pikir akan bertambah jernih dan yang menggembirakan dapat mengurangi ketegangan alias stress serta membuat perasaan menjadi riang selalu. Menurut Landers ada lima manfaat olahraga yang dapat menyehatkan mental kita. Mari kita simak satu per satu. ",23.0,0.23,analisis_essay,analisis_essay-11
"Sebutkan 5 manfaat olahraga bagi tubuh. (Termasuk bagi pikiran, otot dan organ tubuh) ",-Mengurangi stress - Membentuk otot tubuh dan mengencangkan otot - Membakar lemak - Menghindarkan dari penyakit - Membuat organ tubuh lebih sehat - Meningkatkan stamina - Menghindari penuaan dini,Melancarkan Aliran Darah Meningkatkan Pertumbuhan Tulang Dan Gigi Mencegah Terjadinya Obesitas Menjaga Keseimbangan Tubuh Menjaga Fleksibilitas Otot ,22.0,0.22,analisis_essay,analisis_essay-11
"Sebutkan 5 manfaat olahraga bagi tubuh. (Termasuk bagi pikiran, otot dan organ tubuh) ",-Mengurangi stress - Membentuk otot tubuh dan mengencangkan otot - Membakar lemak - Menghindarkan dari penyakit - Membuat organ tubuh lebih sehat - Meningkatkan stamina - Menghindari penuaan dini,1. Berolahraga akan Meningkatkan Kapasitas Otak Anda 2. Menggerakkan Tubuh Membantu Mencairkan Stres Anda 3. Berolahraga akan Memberikan Energi 4. Tidak Sulit Mencari Waktu Untuk Berolahraga 5. Berolahraga akan Membina Hubungan ,26.0,0.26,analisis_essay,analisis_essay-11
"Sebutkan 5 manfaat olahraga bagi tubuh. (Termasuk bagi pikiran, otot dan organ tubuh) ",-Mengurangi stress - Membentuk otot tubuh dan mengencangkan otot - Membakar lemak - Menghindarkan dari penyakit - Membuat organ tubuh lebih sehat - Meningkatkan stamina - Menghindari penuaan dini,"menjaga kesehatan tulang, menurunkan berat badan, menyahatkan otot, melatih ketahanan tubuh, menjaga kesehatan tulang ",29.0,0.29,analisis_essay,analisis_essay-11
"Sebutkan 5 manfaat olahraga bagi tubuh. (Termasuk bagi pikiran, otot dan organ tubuh) ",-Mengurangi stress - Membentuk otot tubuh dan mengencangkan otot - Membakar lemak - Menghindarkan dari penyakit - Membuat organ tubuh lebih sehat - Meningkatkan stamina - Menghindari penuaan dini,"menjaga metabolisme tubuh,menambah daya ingat otak,melatih tubuh untuk melakukan gerak ",19.0,0.19,analisis_essay,analisis_essay-11
"Sebutkan 5 manfaat olahraga bagi tubuh. (Termasuk bagi pikiran, otot dan organ tubuh) ",-Mengurangi stress - Membentuk otot tubuh dan mengencangkan otot - Membakar lemak - Menghindarkan dari penyakit - Membuat organ tubuh lebih sehat - Meningkatkan stamina - Menghindari penuaan dini,"Menyehatkan jantung,,merampingkan tubuh,mambakar lemak,membuat panjangf umur ",22.0,0.22,analisis_essay,analisis_essay-11
"Sebutkan 5 manfaat olahraga bagi tubuh. (Termasuk bagi pikiran, otot dan organ tubuh) ",-Mengurangi stress - Membentuk otot tubuh dan mengencangkan otot - Membakar lemak - Menghindarkan dari penyakit - Membuat organ tubuh lebih sehat - Meningkatkan stamina - Menghindari penuaan dini,"membuat otot tubuh menjadi rilex, membuat tubuh sehat, membuat otak lebih bersinergi, memperkuat kekebalan tubuh, fisik bisa sesuai dengan idaman. ",29.0,0.29,analisis_essay,analisis_essay-11
"Sebutkan 5 manfaat olahraga bagi tubuh. (Termasuk bagi pikiran, otot dan organ tubuh) ",-Mengurangi stress - Membentuk otot tubuh dan mengencangkan otot - Membakar lemak - Menghindarkan dari penyakit - Membuat organ tubuh lebih sehat - Meningkatkan stamina - Menghindari penuaan dini,1. Untuk menyehatkan badan 2. Supaya terhindar dari berbagai macam penyakit. 3. Membuat badan tetap bugar 4. Membuat otot lebih kuat ,51.0,0.51,analisis_essay,analisis_essay-11
"Sebutkan 5 manfaat olahraga bagi tubuh. (Termasuk bagi pikiran, otot dan organ tubuh) ",-Mengurangi stress - Membentuk otot tubuh dan mengencangkan otot - Membakar lemak - Menghindarkan dari penyakit - Membuat organ tubuh lebih sehat - Meningkatkan stamina - Menghindari penuaan dini,"untuk menyegarkan pikiran , organ tubuh menjadi sehat , otot menjadi kuat , menyehatkan tubuh ",47.0,0.47,analisis_essay,analisis_essay-11
"Sebutkan 5 manfaat olahraga bagi tubuh. (Termasuk bagi pikiran, otot dan organ tubuh) ",-Mengurangi stress - Membentuk otot tubuh dan mengencangkan otot - Membakar lemak - Menghindarkan dari penyakit - Membuat organ tubuh lebih sehat - Meningkatkan stamina - Menghindari penuaan dini,"menjaga kesehatan, menambah daya tahan tubuh, memperbaiki otot yang bermasalah, memperlancar peredaran darah, refresh otak ",66.0,0.66,analisis_essay,analisis_essay-11
"Sebutkan 5 manfaat olahraga bagi tubuh. (Termasuk bagi pikiran, otot dan organ tubuh) ",-Mengurangi stress - Membentuk otot tubuh dan mengencangkan otot - Membakar lemak - Menghindarkan dari penyakit - Membuat organ tubuh lebih sehat - Meningkatkan stamina - Menghindari penuaan dini,-Membuat suasana hati menjadi senang. -Membakar kalori. -Menyehatkan jantung. -Membuat Metabolisme tubuh meningkat. -Merampingkan tubuh.,48.0,0.48,analisis_essay,analisis_essay-11
"Sebutkan 5 manfaat olahraga bagi tubuh. (Termasuk bagi pikiran, otot dan organ tubuh) ",-Mengurangi stress - Membentuk otot tubuh dan mengencangkan otot - Membakar lemak - Menghindarkan dari penyakit - Membuat organ tubuh lebih sehat - Meningkatkan stamina - Menghindari penuaan dini,"Meringankan Kerja Jantung, Melancarkan Aliran Darah, Meningkatkan Pertumbuhan Tulang Dan Gigi, Menjaga Kepadatan Tulang dan Mencegah Terjadinya Obesitas ",12.0,0.12,analisis_essay,analisis_essay-11
"Sebutkan 5 manfaat olahraga bagi tubuh. (Termasuk bagi pikiran, otot dan organ tubuh) ",-Mengurangi stress - Membentuk otot tubuh dan mengencangkan otot - Membakar lemak - Menghindarkan dari penyakit - Membuat organ tubuh lebih sehat - Meningkatkan stamina - Menghindari penuaan dini,"dapat membantu meningkatkat kecerdasan otak, dapat membantu memelihara kekebalan tubuh, membantu menambah energy di dalam tubuh, membantu mencairkan rasa stress, membantu program diet ",28.0,0.28,analisis_essay,analisis_essay-11
"Sebutkan 5 manfaat olahraga bagi tubuh. (Termasuk bagi pikiran, otot dan organ tubuh) ",-Mengurangi stress - Membentuk otot tubuh dan mengencangkan otot - Membakar lemak - Menghindarkan dari penyakit - Membuat organ tubuh lebih sehat - Meningkatkan stamina - Menghindari penuaan dini,1. menjadikan badan kembali bugar 2. pikiran menjadi fresh kembali 3. otot pada tubuh kencang kembali karena digunakan olahraga 4. badan menjadi sehat 5. tidak stress ,43.0,0.43,analisis_essay,analisis_essay-11
"Sebutkan 5 manfaat olahraga bagi tubuh. (Termasuk bagi pikiran, otot dan organ tubuh) ",-Mengurangi stress - Membentuk otot tubuh dan mengencangkan otot - Membakar lemak - Menghindarkan dari penyakit - Membuat organ tubuh lebih sehat - Meningkatkan stamina - Menghindari penuaan dini,"1. untuk menyegargan badan dan pikiran 2. menyehatkan tubuh 3. mengurangi lemak pada tubuh 4. mengeluarkan racun dalam tubuh 5. mengencangkan otot"" ",51.0,0.51,analisis_essay,analisis_essay-11
"Sebutkan 5 manfaat olahraga bagi tubuh. (Termasuk bagi pikiran, otot dan organ tubuh) ",-Mengurangi stress - Membentuk otot tubuh dan mengencangkan otot - Membakar lemak - Menghindarkan dari penyakit - Membuat organ tubuh lebih sehat - Meningkatkan stamina - Menghindari penuaan dini,membantu mengontrol berat badan. membantu meningkatkan mood baik. mencegah berbagai penyakit. meningkatkan enargi. meningkatkan memori. ,45.0,0.45,analisis_essay,analisis_essay-11
"Sebutkan 5 manfaat olahraga bagi tubuh. (Termasuk bagi pikiran, otot dan organ tubuh) ",-Mengurangi stress - Membentuk otot tubuh dan mengencangkan otot - Membakar lemak - Menghindarkan dari penyakit - Membuat organ tubuh lebih sehat - Meningkatkan stamina - Menghindari penuaan dini,"Berolahraga akan Meningkatkan Kapasitas Otak Anda , Menggerakkan Tubuh Membantu Mencairkan Stres Anda , Berolahraga akan Memberikan Energi , Tidak Sulit Mencari Waktu Untuk Berolahraga , Berolahraga akan Membina Hubungan , Berolahraga akan Melawan Penyakit , Berolahraga akan Memompa Jantung Anda Lebih Baik , Berolahraga akan Memperbaiki Diet Anda , Berolahraga Meningkatkan Stamina Anda , Penurunan Berat Badan Bukan Tujuan Utama ",67.0,0.67,analisis_essay,analisis_essay-11
"Sebutkan 5 manfaat olahraga bagi tubuh. (Termasuk bagi pikiran, otot dan organ tubuh) ",-Mengurangi stress - Membentuk otot tubuh dan mengencangkan otot - Membakar lemak - Menghindarkan dari penyakit - Membuat organ tubuh lebih sehat - Meningkatkan stamina - Menghindari penuaan dini,-Membantu mengontrol berat badan -Mencegah berbagai penyakit -Membakar kalori dalam tubuh -meningkatkan kinerja otot -meningkatkan sistem imun,43.0,0.43,analisis_essay,analisis_essay-11
"Sebutkan 5 manfaat olahraga bagi tubuh. (Termasuk bagi pikiran, otot dan organ tubuh) ",-Mengurangi stress - Membentuk otot tubuh dan mengencangkan otot - Membakar lemak - Menghindarkan dari penyakit - Membuat organ tubuh lebih sehat - Meningkatkan stamina - Menghindari penuaan dini,-untuk menyegarkan pikiran -untuk melepas stress karena lingkungan kerja atau sekolah -untuk kesehatan otot tubuh terutama untuk perkembangan otot dan tulang -untuk memelihara kesehatan organ dalam tubuh -menjaga kesehatan jantung,45.0,0.45,analisis_essay,analisis_essay-11
"Sebutkan 5 manfaat olahraga bagi tubuh. (Termasuk bagi pikiran, otot dan organ tubuh) ",-Mengurangi stress - Membentuk otot tubuh dan mengencangkan otot - Membakar lemak - Menghindarkan dari penyakit - Membuat organ tubuh lebih sehat - Meningkatkan stamina - Menghindari penuaan dini,"Lima manfaat olahraga bagi tubuh adalah yakni, - menjadikan tubuh atau badan lebih sehat dan bugar - merengangkan atau merilekskan otot - otot tubuh atau badan yang kaku - menjadikan kinerja organ tubuh lancar termasuk dalam peredaran darah - menjernihkan pikiran dan rilex karena penat dari perkerjaan - menjaga keseimbangan dan menjaga stamina ",30.0,0.3,analisis_essay,analisis_essay-11
"Sebutkan 5 manfaat olahraga bagi tubuh. (Termasuk bagi pikiran, otot dan organ tubuh) ",-Mengurangi stress - Membentuk otot tubuh dan mengencangkan otot - Membakar lemak - Menghindarkan dari penyakit - Membuat organ tubuh lebih sehat - Meningkatkan stamina - Menghindari penuaan dini,"Sebutkan 5 manfaat olahraga bagi tubuh. (Termasuk bagi pikiran, otot dan organ tubuh) ",8.0,0.08,analisis_essay,analisis_essay-11
"Sebutkan 5 manfaat olahraga bagi tubuh. (Termasuk bagi pikiran, otot dan organ tubuh) ",-Mengurangi stress - Membentuk otot tubuh dan mengencangkan otot - Membakar lemak - Menghindarkan dari penyakit - Membuat organ tubuh lebih sehat - Meningkatkan stamina - Menghindari penuaan dini,"pikiran menjadi fresh, otot terlatih dengan baik, otot menjadi kuat, badan segar, pencernaan lebih terjaga. ",23.0,0.23,analisis_essay,analisis_essay-11
"Sebutkan 5 manfaat olahraga bagi tubuh. (Termasuk bagi pikiran, otot dan organ tubuh) ",-Mengurangi stress - Membentuk otot tubuh dan mengencangkan otot - Membakar lemak - Menghindarkan dari penyakit - Membuat organ tubuh lebih sehat - Meningkatkan stamina - Menghindari penuaan dini,"Segar, Sehat, Bugar, Bertenaga, Tidak mudah lemas. ",12.0,0.12,analisis_essay,analisis_essay-11
"Sebutkan 5 manfaat olahraga bagi tubuh. (Termasuk bagi pikiran, otot dan organ tubuh) ",-Mengurangi stress - Membentuk otot tubuh dan mengencangkan otot - Membakar lemak - Menghindarkan dari penyakit - Membuat organ tubuh lebih sehat - Meningkatkan stamina - Menghindari penuaan dini,-meningkatkan pembentukan otot tubuh. -menjadikan kulit lebih sehat dan cerah. -meningkatkan daya ingat otak. -tubuh menjadi lebih bugar dan kuat. -mental juga menjadi lebih kuat dan terlatih.,31.0,0.31,analisis_essay,analisis_essay-11
"Sebutkan 5 manfaat olahraga bagi tubuh. (Termasuk bagi pikiran, otot dan organ tubuh) ",-Mengurangi stress - Membentuk otot tubuh dan mengencangkan otot - Membakar lemak - Menghindarkan dari penyakit - Membuat organ tubuh lebih sehat - Meningkatkan stamina - Menghindari penuaan dini,- Menyehatkan tubuh - mengisi waktu luang - mebuat pikiran menjadi segar dan fresh - melatih seluruh bagian otot,29.0,0.29,analisis_essay,analisis_essay-11
"Sebutkan 5 manfaat olahraga bagi tubuh. (Termasuk bagi pikiran, otot dan organ tubuh) ",-Mengurangi stress - Membentuk otot tubuh dan mengencangkan otot - Membakar lemak - Menghindarkan dari penyakit - Membuat organ tubuh lebih sehat - Meningkatkan stamina - Menghindari penuaan dini,- merefresh pikiran - menambah stamina kita - meregangkan otot agar tidak mudah cidera - baik untuk diet - Membentuk tubuh sesuai keinginan,41.0,0.41,analisis_essay,analisis_essay-11
"Sebutkan 5 manfaat olahraga bagi tubuh. (Termasuk bagi pikiran, otot dan organ tubuh) ",-Mengurangi stress - Membentuk otot tubuh dan mengencangkan otot - Membakar lemak - Menghindarkan dari penyakit - Membuat organ tubuh lebih sehat - Meningkatkan stamina - Menghindari penuaan dini,- Membakar kolesterol - menguatkan otot - menyegarkan badan - menyegarkan pikiran - Mencegah penyakit,55.0,0.55,analisis_essay,analisis_essay-11
"Sebutkan 5 manfaat olahraga bagi tubuh. (Termasuk bagi pikiran, otot dan organ tubuh) ",-Mengurangi stress - Membentuk otot tubuh dan mengencangkan otot - Membakar lemak - Menghindarkan dari penyakit - Membuat organ tubuh lebih sehat - Meningkatkan stamina - Menghindari penuaan dini,-Sebagai anti struk -agar tubuh sehat -agar fikiran fresh,13.0,0.13,analisis_essay,analisis_essay-11
"Sebutkan 5 manfaat olahraga bagi tubuh. (Termasuk bagi pikiran, otot dan organ tubuh) ",-Mengurangi stress - Membentuk otot tubuh dan mengencangkan otot - Membakar lemak - Menghindarkan dari penyakit - Membuat organ tubuh lebih sehat - Meningkatkan stamina - Menghindari penuaan dini,- meningkatkan daya tahan tubuh - meningkatkan kemampuan otak - Membakar lemak - mengurangi stres - Mencegah penuaan dini,68.0,0.68,analisis_essay,analisis_essay-11
"Sebutkan 5 manfaat olahraga bagi tubuh. (Termasuk bagi pikiran, otot dan organ tubuh) ",-Mengurangi stress - Membentuk otot tubuh dan mengencangkan otot - Membakar lemak - Menghindarkan dari penyakit - Membuat organ tubuh lebih sehat - Meningkatkan stamina - Menghindari penuaan dini,- Menggerakkan tubuh Membantu Mencairkan stres Anda - Berolahraga akan meningkatkan Kapasitas otak Anda - Menggerakkan tubuh Membantu Mencairkan stres Anda - Berolahraga akan Memberikan Energi - Berolahraga akan Memompa jantung Anda lebih baik,50.0,0.5,analisis_essay,analisis_essay-11
"Sebutkan 5 manfaat olahraga bagi tubuh. (Termasuk bagi pikiran, otot dan organ tubuh) ",-Mengurangi stress - Membentuk otot tubuh dan mengencangkan otot - Membakar lemak - Menghindarkan dari penyakit - Membuat organ tubuh lebih sehat - Meningkatkan stamina - Menghindari penuaan dini,-memfokuskan pikiran -Membentuk otot agar semakin kencang -organ dalam akan terlatih -sisa sisa pembakaran yang tidak berguna akan bisa di keluarkan melalui keringat jika Berolahraga -Membuat kita semakin sehat,30.0,0.3,analisis_essay,analisis_essay-11
"Sebutkan 5 manfaat olahraga bagi tubuh. (Termasuk bagi pikiran, otot dan organ tubuh) ",-Mengurangi stress - Membentuk otot tubuh dan mengencangkan otot - Membakar lemak - Menghindarkan dari penyakit - Membuat organ tubuh lebih sehat - Meningkatkan stamina - Menghindari penuaan dini,- Berolahraga akan meningkatkan Kapasitas otak Anda - Menggerakkan tubuh Membantu Mencairkan stres Anda - Berolahraga akan Memberikan Energi - tidak Sulit Mencari waktu untuk Berolahraga - Berolahraga akan Membina Hubungan,40.0,0.4,analisis_essay,analisis_essay-11
"Sebutkan 5 manfaat olahraga bagi tubuh. (Termasuk bagi pikiran, otot dan organ tubuh) ",-Mengurangi stress - Membentuk otot tubuh dan mengencangkan otot - Membakar lemak - Menghindarkan dari penyakit - Membuat organ tubuh lebih sehat - Meningkatkan stamina - Menghindari penuaan dini,"membantu meningkatan kecerdasaan otak,membantu memelihara kekebalan tubuh,membantu menambah energy didalam tubuh,dengan berolahraga dapat membantu mencairkan rasa stress,dapat membantu program diet ",46.0,0.46,analisis_essay,analisis_essay-11
"Sebutkan 5 manfaat olahraga bagi tubuh. (Termasuk bagi pikiran, otot dan organ tubuh) ",-Mengurangi stress - Membentuk otot tubuh dan mengencangkan otot - Membakar lemak - Menghindarkan dari penyakit - Membuat organ tubuh lebih sehat - Meningkatkan stamina - Menghindari penuaan dini,- Membuat tubuh yang lebih sehat - memiliki daya tahan tubuh yang baik - jantung menjadi lebih stabil - pikiran menjadi lebih rileks - otot tubuh menjadi lebih lemas tidak kaku,52.0,0.52,analisis_essay,analisis_essay-11
"Sebutkan 5 manfaat olahraga bagi tubuh. (Termasuk bagi pikiran, otot dan organ tubuh) ",-Mengurangi stress - Membentuk otot tubuh dan mengencangkan otot - Membakar lemak - Menghindarkan dari penyakit - Membuat organ tubuh lebih sehat - Meningkatkan stamina - Menghindari penuaan dini,- Menyehatkan jantung - Membuat Metabolisme tubuh meningkat - menormalkan tekanan darah - Membakar kalori di dalam tubuh - menormalkan kadar kolesterol di dalam tubuh,31.0,0.31,analisis_essay,analisis_essay-11
"Sebutkan 5 manfaat olahraga bagi tubuh. (Termasuk bagi pikiran, otot dan organ tubuh) ",-Mengurangi stress - Membentuk otot tubuh dan mengencangkan otot - Membakar lemak - Menghindarkan dari penyakit - Membuat organ tubuh lebih sehat - Meningkatkan stamina - Menghindari penuaan dini,-Menyehatkan jantung -Membuat Metabolisme tubuh meningkat -Merampingkan tubuh -menormalkan tekanan darah -Membakar kalori dalam tubuh,42.0,0.42,analisis_essay,analisis_essay-11
"Sebutkan 5 manfaat olahraga bagi tubuh. (Termasuk bagi pikiran, otot dan organ tubuh) ",-Mengurangi stress - Membentuk otot tubuh dan mengencangkan otot - Membakar lemak - Menghindarkan dari penyakit - Membuat organ tubuh lebih sehat - Meningkatkan stamina - Menghindari penuaan dini,"membuat suasan hati menjadi senang, menyehatkan jantung, menjaga metabolisme tubuh, menjaga fleksibilitas otot, menyehatkan paru-paru ",29.0,0.29,analisis_essay,analisis_essay-11
"Sebutkan 5 manfaat olahraga bagi tubuh. (Termasuk bagi pikiran, otot dan organ tubuh) ",-Mengurangi stress - Membentuk otot tubuh dan mengencangkan otot - Membakar lemak - Menghindarkan dari penyakit - Membuat organ tubuh lebih sehat - Meningkatkan stamina - Menghindari penuaan dini,-menjadi lebih sehat -terhindah dari penyakit -pikiran lebih jernih -punya banyak teman -otot lebih terbentuk,28.0,0.28,analisis_essay,analisis_essay-11
"Sebutkan 5 manfaat olahraga bagi tubuh. (Termasuk bagi pikiran, otot dan organ tubuh) ",-Mengurangi stress - Membentuk otot tubuh dan mengencangkan otot - Membakar lemak - Menghindarkan dari penyakit - Membuat organ tubuh lebih sehat - Meningkatkan stamina - Menghindari penuaan dini,"Menyehatkan badan, menyegarkan fikiran, melenturkan otot, menyegarkan organ tubuh, melancarkan peredaran darah. ",32.0,0.32,analisis_essay,analisis_essay-11
"Sebutkan 5 manfaat olahraga bagi tubuh. (Termasuk bagi pikiran, otot dan organ tubuh) ",-Mengurangi stress - Membentuk otot tubuh dan mengencangkan otot - Membakar lemak - Menghindarkan dari penyakit - Membuat organ tubuh lebih sehat - Meningkatkan stamina - Menghindari penuaan dini,"menyegarkan kita dalam berfikir, menyehatkan badan , melatih otot tubuh, membuat masa otot bertambah, melatih tubuh kita agar tidak mudah lemah lesu ",33.0,0.33,analisis_essay,analisis_essay-11
"Sebutkan 5 manfaat olahraga bagi tubuh. (Termasuk bagi pikiran, otot dan organ tubuh) ",-Mengurangi stress - Membentuk otot tubuh dan mengencangkan otot - Membakar lemak - Menghindarkan dari penyakit - Membuat organ tubuh lebih sehat - Meningkatkan stamina - Menghindari penuaan dini,-Membantu mengontrol berat badan -Olahraga Membantu meningkatkan mood -Manfaat Olahraga dalam Mencegah berbagai penyakit -meningkatkan Energi -meningkatkan memori,45.0,0.45,analisis_essay,analisis_essay-11
"Sebutkan 5 manfaat olahraga bagi tubuh. (Termasuk bagi pikiran, otot dan organ tubuh) ",-Mengurangi stress - Membentuk otot tubuh dan mengencangkan otot - Membakar lemak - Menghindarkan dari penyakit - Membuat organ tubuh lebih sehat - Meningkatkan stamina - Menghindari penuaan dini,- agar tubuh sehat - otot tidak tegang - saraf pada otak biar bekerja - peredaran darah lancar - kuat,21.0,0.21,analisis_essay,analisis_essay-11
"Sebutkan 5 manfaat olahraga bagi tubuh. (Termasuk bagi pikiran, otot dan organ tubuh) ",-Mengurangi stress - Membentuk otot tubuh dan mengencangkan otot - Membakar lemak - Menghindarkan dari penyakit - Membuat organ tubuh lebih sehat - Meningkatkan stamina - Menghindari penuaan dini,"menyehatkan tubuh , menguatkan otot tubuh , menyegarkan pikiran , membuat tubuh semangat , bisa menjadi pola hidup sehat ",41.0,0.41,analisis_essay,analisis_essay-11
"Sebutkan 5 manfaat olahraga bagi tubuh. (Termasuk bagi pikiran, otot dan organ tubuh) ",-Mengurangi stress - Membentuk otot tubuh dan mengencangkan otot - Membakar lemak - Menghindarkan dari penyakit - Membuat organ tubuh lebih sehat - Meningkatkan stamina - Menghindari penuaan dini,merefresh pikiran. melancarkan pernafasan. menjaga sirkulasi darah. menyehatkan jantung dan paru paru. ,19.0,0.19,analisis_essay,analisis_essay-11
"Sebutkan 5 manfaat olahraga bagi tubuh. (Termasuk bagi pikiran, otot dan organ tubuh) ",-Mengurangi stress - Membentuk otot tubuh dan mengencangkan otot - Membakar lemak - Menghindarkan dari penyakit - Membuat organ tubuh lebih sehat - Meningkatkan stamina - Menghindari penuaan dini,"menyegarkan, menyehatkan, agar sehat dan bugar, merefresh otak, membuat keadaan menjadi stabil ",22.0,0.22,analisis_essay,analisis_essay-11
"Sebutkan 5 manfaat olahraga bagi tubuh. (Termasuk bagi pikiran, otot dan organ tubuh) ",-Mengurangi stress - Membentuk otot tubuh dan mengencangkan otot - Membakar lemak - Menghindarkan dari penyakit - Membuat organ tubuh lebih sehat - Meningkatkan stamina - Menghindari penuaan dini,Menyegarkan pikiran menyegarkan otot relaksasi otot menyehatkan organ tubuh menyeimbangkan sistem dalam tubuh ,43.0,0.43,analisis_essay,analisis_essay-11
"Sebutkan 5 manfaat olahraga bagi tubuh. (Termasuk bagi pikiran, otot dan organ tubuh) ",-Mengurangi stress - Membentuk otot tubuh dan mengencangkan otot - Membakar lemak - Menghindarkan dari penyakit - Membuat organ tubuh lebih sehat - Meningkatkan stamina - Menghindari penuaan dini,membantu encerdaskan otak. memelihara kekebalan tubuh. membantu menambah energi dalam tubuh. mengurangi stress. membantu progam diet. ,48.0,0.48,analisis_essay,analisis_essay-11
"Sebutkan 5 manfaat olahraga bagi tubuh. (Termasuk bagi pikiran, otot dan organ tubuh) ",-Mengurangi stress - Membentuk otot tubuh dan mengencangkan otot - Membakar lemak - Menghindarkan dari penyakit - Membuat organ tubuh lebih sehat - Meningkatkan stamina - Menghindari penuaan dini,1. menambah kebugaran 2. kesehatan 3. membentuk otot 4. menjernihkan pikiran 5. sehat luar dalam ,45.0,0.45,analisis_essay,analisis_essay-11
"Sebutkan 5 manfaat olahraga bagi tubuh. (Termasuk bagi pikiran, otot dan organ tubuh) ",-Mengurangi stress - Membentuk otot tubuh dan mengencangkan otot - Membakar lemak - Menghindarkan dari penyakit - Membuat organ tubuh lebih sehat - Meningkatkan stamina - Menghindari penuaan dini,-sehat -tidak gampang lelah -tidak gampang sakit -baik untuk kesehatan -pikiran segar,26.0,0.26,analisis_essay,analisis_essay-11
"Jelaskan fungsi partai politik, berkaitan dengan kekuasaan pemerintahan. (Usahakan jawab dalam 2-4 kalimat) ","Partai politik sebagai organisasi resmi untuk menyalurkan aspirasi masyarakat. Partai politik memiliki kekuatan politik, serta ikut menentukan proses pembentukan kekuasaan pemerintah secara legal (diakui hukum) juga mempunyai hak beraktifitas merebut dan mempertahankan kekuasaan politik.",1. Untuk memperkenalkan nilai-nilai politik 2. Membawa warga Negara agar aktif dalam kegiatan politik 3. Komunikasi Politik 4. Untuk menghimpun aspirasi masyarakat ,45.0,0.45,analisis_essay,analisis_essay-21
"Jelaskan fungsi partai politik, berkaitan dengan kekuasaan pemerintahan. (Usahakan jawab dalam 2-4 kalimat) ","Partai politik sebagai organisasi resmi untuk menyalurkan aspirasi masyarakat. Partai politik memiliki kekuatan politik, serta ikut menentukan proses pembentukan kekuasaan pemerintah secara legal (diakui hukum) juga mempunyai hak beraktifitas merebut dan mempertahankan kekuasaan politik.",1. sebagai sarana komunikasi politik 2. sebagai sarana sosialisasi politik 3. sebagai sarana rekrutmen politik 4. sebagai sarana artikulasi kepentingan 5. Sarana Pengatur Konflik ,55.0,0.55,analisis_essay,analisis_essay-21
"Jelaskan fungsi partai politik, berkaitan dengan kekuasaan pemerintahan. (Usahakan jawab dalam 2-4 kalimat) ","Partai politik sebagai organisasi resmi untuk menyalurkan aspirasi masyarakat. Partai politik memiliki kekuatan politik, serta ikut menentukan proses pembentukan kekuasaan pemerintah secara legal (diakui hukum) juga mempunyai hak beraktifitas merebut dan mempertahankan kekuasaan politik.","sebagai penyalur aspirasi rakyat, sebagai tempat pel=milihan presiden ",26.0,0.26,analisis_essay,analisis_essay-21
"Jelaskan fungsi partai politik, berkaitan dengan kekuasaan pemerintahan. (Usahakan jawab dalam 2-4 kalimat) ","Partai politik sebagai organisasi resmi untuk menyalurkan aspirasi masyarakat. Partai politik memiliki kekuatan politik, serta ikut menentukan proses pembentukan kekuasaan pemerintah secara legal (diakui hukum) juga mempunyai hak beraktifitas merebut dan mempertahankan kekuasaan politik.",Untuk mengaspirasikan suara rakyat indonesia. ,21.0,0.21,analisis_essay,analisis_essay-21
"Jelaskan fungsi partai politik, berkaitan dengan kekuasaan pemerintahan. (Usahakan jawab dalam 2-4 kalimat) ","Partai politik sebagai organisasi resmi untuk menyalurkan aspirasi masyarakat. Partai politik memiliki kekuatan politik, serta ikut menentukan proses pembentukan kekuasaan pemerintah secara legal (diakui hukum) juga mempunyai hak beraktifitas merebut dan mempertahankan kekuasaan politik.","1.Cara untuk memperkenalkan nilai-nilai politik, sikap-sikap dan etika politik yang berlaku atau yang dianut oleh suatu Negara . 2. Parpol juga melayani masyarakat ",30.0,0.3,analisis_essay,analisis_essay-21
"Jelaskan fungsi partai politik, berkaitan dengan kekuasaan pemerintahan. (Usahakan jawab dalam 2-4 kalimat) ","Partai politik sebagai organisasi resmi untuk menyalurkan aspirasi masyarakat. Partai politik memiliki kekuatan politik, serta ikut menentukan proses pembentukan kekuasaan pemerintah secara legal (diakui hukum) juga mempunyai hak beraktifitas merebut dan mempertahankan kekuasaan politik.",Yang dimaksud fungsi partai politik sebagai sarana komunikasi politik.Partai politik menjalankan tugas menyalurkan berbagai pendapat dan aspirasi masyarakat kepada pemerintah. ,56.0,0.56,analisis_essay,analisis_essay-21
"Jelaskan fungsi partai politik, berkaitan dengan kekuasaan pemerintahan. (Usahakan jawab dalam 2-4 kalimat) ","Partai politik sebagai organisasi resmi untuk menyalurkan aspirasi masyarakat. Partai politik memiliki kekuatan politik, serta ikut menentukan proses pembentukan kekuasaan pemerintah secara legal (diakui hukum) juga mempunyai hak beraktifitas merebut dan mempertahankan kekuasaan politik.",partai politik berfungsi sebagai sarana menghimpun aspirasi masyarkat.serta sebagai komunikasi terhadap pemerintah ,48.0,0.48,analisis_essay,analisis_essay-21
"Jelaskan fungsi partai politik, berkaitan dengan kekuasaan pemerintahan. (Usahakan jawab dalam 2-4 kalimat) ","Partai politik sebagai organisasi resmi untuk menyalurkan aspirasi masyarakat. Partai politik memiliki kekuatan politik, serta ikut menentukan proses pembentukan kekuasaan pemerintah secara legal (diakui hukum) juga mempunyai hak beraktifitas merebut dan mempertahankan kekuasaan politik.","Fungsi partai politik sebagai jembatan merupakan fungsi yang sangat penting, karena di satu pihak kebijaksanaan pemerintah perlu dijelaskan kepada seluruh lapisan masyarakat dan di pihak lain pemerintah harus tanggap terhadap tuntutan masyarakat. ",31.0,0.31,analisis_essay,analisis_essay-21
"Jelaskan fungsi partai politik, berkaitan dengan kekuasaan pemerintahan. (Usahakan jawab dalam 2-4 kalimat) ","Partai politik sebagai organisasi resmi untuk menyalurkan aspirasi masyarakat. Partai politik memiliki kekuatan politik, serta ikut menentukan proses pembentukan kekuasaan pemerintah secara legal (diakui hukum) juga mempunyai hak beraktifitas merebut dan mempertahankan kekuasaan politik.","fungsi partai dalam politik adalah sebagai wadah dari seorang pejabat untuk mempromosikan dirinya, selain itu tempat dimana untuk mengangkat sipejabat tersebut ",23.0,0.23,analisis_essay,analisis_essay-21
"Jelaskan fungsi partai politik, berkaitan dengan kekuasaan pemerintahan. (Usahakan jawab dalam 2-4 kalimat) ","Partai politik sebagai organisasi resmi untuk menyalurkan aspirasi masyarakat. Partai politik memiliki kekuatan politik, serta ikut menentukan proses pembentukan kekuasaan pemerintah secara legal (diakui hukum) juga mempunyai hak beraktifitas merebut dan mempertahankan kekuasaan politik.","fungsi partai politik sebagai wadah bagi masyarakat yang ingin mencalonkan diri sebagai wakil rakyat, dan jika telah terpilih ia akan menjadi wakil dari masyarakat untuk mengutarakan aspirasi yang ada. ",44.0,0.44,analisis_essay,analisis_essay-21
"Jelaskan fungsi partai politik, berkaitan dengan kekuasaan pemerintahan. (Usahakan jawab dalam 2-4 kalimat) ","Partai politik sebagai organisasi resmi untuk menyalurkan aspirasi masyarakat. Partai politik memiliki kekuatan politik, serta ikut menentukan proses pembentukan kekuasaan pemerintah secara legal (diakui hukum) juga mempunyai hak beraktifitas merebut dan mempertahankan kekuasaan politik.",Partai politik merupakan suatu badan yang membantu pencalonan baik kepala pemerintahan maupun dewan. Partai politik ini yang membimbing dan mencalonkan kepala pemerintahan hingga dilantik sesuai dengan keyakinan partai politik tersebut ,31.0,0.31,analisis_essay,analisis_essay-21
"Jelaskan fungsi partai politik, berkaitan dengan kekuasaan pemerintahan. (Usahakan jawab dalam 2-4 kalimat) ","Partai politik sebagai organisasi resmi untuk menyalurkan aspirasi masyarakat. Partai politik memiliki kekuatan politik, serta ikut menentukan proses pembentukan kekuasaan pemerintah secara legal (diakui hukum) juga mempunyai hak beraktifitas merebut dan mempertahankan kekuasaan politik.","a. pendidikan politik bagi anggota dan masyarakat luas agar menjadi warga negara Indonesia yang sadar akan hak dan kewajibannya dalam kehidupan bermasyarakat, berbangsa, dan bernegara b. penciptaan iklim yang kondusif bagi persatuan dan kesatuan bangsa Indonesia untuk kesejahteraan masyarakat c. penyerap, penghimpun, dan penyalur aspirasi politik masyarakat dalam merumuskan dan menetapkan kebijakan negara; d. partisipasi politik warga negara Indonesia ",53.0,0.53,analisis_essay,analisis_essay-21
"Jelaskan fungsi partai politik, berkaitan dengan kekuasaan pemerintahan. (Usahakan jawab dalam 2-4 kalimat) ","Partai politik sebagai organisasi resmi untuk menyalurkan aspirasi masyarakat. Partai politik memiliki kekuatan politik, serta ikut menentukan proses pembentukan kekuasaan pemerintah secara legal (diakui hukum) juga mempunyai hak beraktifitas merebut dan mempertahankan kekuasaan politik.","membantu negara, mengatasi politik dalam negeri, dan menjaga kekuasaan tetap stabil di dalam negeri. ",29.0,0.29,analisis_essay,analisis_essay-21
"Jelaskan fungsi partai politik, berkaitan dengan kekuasaan pemerintahan. (Usahakan jawab dalam 2-4 kalimat) ","Partai politik sebagai organisasi resmi untuk menyalurkan aspirasi masyarakat. Partai politik memiliki kekuatan politik, serta ikut menentukan proses pembentukan kekuasaan pemerintah secara legal (diakui hukum) juga mempunyai hak beraktifitas merebut dan mempertahankan kekuasaan politik.",fungsi partai politik adalah untuk mengajukan beberapa kandidatnya untuk diajukan kepada pemerintahan yang haqiqi. ,28.0,0.28,analisis_essay,analisis_essay-21
"Jelaskan fungsi partai politik, berkaitan dengan kekuasaan pemerintahan. (Usahakan jawab dalam 2-4 kalimat) ","Partai politik sebagai organisasi resmi untuk menyalurkan aspirasi masyarakat. Partai politik memiliki kekuatan politik, serta ikut menentukan proses pembentukan kekuasaan pemerintah secara legal (diakui hukum) juga mempunyai hak beraktifitas merebut dan mempertahankan kekuasaan politik.",fungsi paratai politik untuk membantu pemerintahan dalam melakukan tugas-tugasnya ,27.0,0.27,analisis_essay,analisis_essay-21
"Jelaskan fungsi partai politik, berkaitan dengan kekuasaan pemerintahan. (Usahakan jawab dalam 2-4 kalimat) ","Partai politik sebagai organisasi resmi untuk menyalurkan aspirasi masyarakat. Partai politik memiliki kekuatan politik, serta ikut menentukan proses pembentukan kekuasaan pemerintah secara legal (diakui hukum) juga mempunyai hak beraktifitas merebut dan mempertahankan kekuasaan politik.",mengisi setiap kuota kursi dpr pada pemerintah ,9.0,0.09,analisis_essay,analisis_essay-21
"Jelaskan fungsi partai politik, berkaitan dengan kekuasaan pemerintahan. (Usahakan jawab dalam 2-4 kalimat) ","Partai politik sebagai organisasi resmi untuk menyalurkan aspirasi masyarakat. Partai politik memiliki kekuatan politik, serta ikut menentukan proses pembentukan kekuasaan pemerintah secara legal (diakui hukum) juga mempunyai hak beraktifitas merebut dan mempertahankan kekuasaan politik.","-Fungsi Sosialisasi politik, ketika seseorang sudah mampu menilai keputusan dan tindakannya. -Fungsi Mobilisasi politik, adalah Fungsi partai untuk membawa warga Negara kedalam kehidupan publik. -Fungsi Refresentasi politik adalah partai politik yang ikut pemilihan umum dan memenangkan sejumlah suara akan menempatkan wakilnya dalam parlemen. -Fungsi Partisipasi politik adalah dimana tugas partai politik untuk membawa warga Negara agar aktif dalam kegiatan politik.",54.0,0.54,analisis_essay,analisis_essay-21
"Jelaskan fungsi partai politik, berkaitan dengan kekuasaan pemerintahan. (Usahakan jawab dalam 2-4 kalimat) ","Partai politik sebagai organisasi resmi untuk menyalurkan aspirasi masyarakat. Partai politik memiliki kekuatan politik, serta ikut menentukan proses pembentukan kekuasaan pemerintah secara legal (diakui hukum) juga mempunyai hak beraktifitas merebut dan mempertahankan kekuasaan politik.","1.pendidikan politik bagi anggota dan masyarakat luas agar mencari warga negara indonesia, 2.menciptakan iklim yang kondusif bagi persatuan dan kesatuan, 3.menyalurkan aspirasi politik dalam masyarakan luas, 4.rekruitmen politik dalam proses pengisian jabatan ",57.0,0.57,analisis_essay,analisis_essay-21
"Jelaskan fungsi partai politik, berkaitan dengan kekuasaan pemerintahan. (Usahakan jawab dalam 2-4 kalimat) ","Partai politik sebagai organisasi resmi untuk menyalurkan aspirasi masyarakat. Partai politik memiliki kekuatan politik, serta ikut menentukan proses pembentukan kekuasaan pemerintah secara legal (diakui hukum) juga mempunyai hak beraktifitas merebut dan mempertahankan kekuasaan politik.","fungsi partai politik adalah sebagai stabilisator dalam melaksanakan kepemerintahan, dalam kehidupan berbegara partai politik sangat berperan penting dalam pengambilan keputusan dalam sebuah rapart kenegaraan. partai politik juga menjadi pondasi negara untuk melakukan kegiatan demokrasi , sosial , dan politik di negara tersebut. ",48.0,0.48,analisis_essay,analisis_essay-21
"Jelaskan fungsi partai politik, berkaitan dengan kekuasaan pemerintahan. (Usahakan jawab dalam 2-4 kalimat) ","Partai politik sebagai organisasi resmi untuk menyalurkan aspirasi masyarakat. Partai politik memiliki kekuatan politik, serta ikut menentukan proses pembentukan kekuasaan pemerintah secara legal (diakui hukum) juga mempunyai hak beraktifitas merebut dan mempertahankan kekuasaan politik.",menyejahterakan masyarakat ,9.0,0.09,analisis_essay,analisis_essay-21
"Jelaskan fungsi partai politik, berkaitan dengan kekuasaan pemerintahan. (Usahakan jawab dalam 2-4 kalimat) ","Partai politik sebagai organisasi resmi untuk menyalurkan aspirasi masyarakat. Partai politik memiliki kekuatan politik, serta ikut menentukan proses pembentukan kekuasaan pemerintah secara legal (diakui hukum) juga mempunyai hak beraktifitas merebut dan mempertahankan kekuasaan politik.","Peran sebagai mediator antara konstituennya ( masyarakat pada umnya) untuk menyalurkan aspirasi mereka kepada suprastruktur politik. Peran ini dilakukan melalui tindakan aktualisasi, yakni mengemas aspirasi tersebut secara nyata, menyatakannya diharpkan dapat membuat kebijakan-kebijakan yang sesuai dengan aspirasi masyarakat tersebut. Bentuk peran tersebut dapat saja dengan mengaktifkan fungsi-fungsi tersebut di atas secara nyata ( aksinya), seperti aksi-aksi partisipasi politik yang beraneka ragam dimensi dan intensitansya, kegiatan komunikasi politik, kampanye menjelang pemilu, dll. Atas dasar keterkaitan antara fungsi dan peran tersebutlah, banyak pendapat yang tidak membedakan antara peran dan fungsi parpol, tetapi menyatukannya sebagai rangkaian yang tidak terpisahkan satu dengan yang lain. ",48.0,0.48,analisis_essay,analisis_essay-21
"Jelaskan fungsi partai politik, berkaitan dengan kekuasaan pemerintahan. (Usahakan jawab dalam 2-4 kalimat) ","Partai politik sebagai organisasi resmi untuk menyalurkan aspirasi masyarakat. Partai politik memiliki kekuatan politik, serta ikut menentukan proses pembentukan kekuasaan pemerintah secara legal (diakui hukum) juga mempunyai hak beraktifitas merebut dan mempertahankan kekuasaan politik.","Sebagai jembatan merupakan fungsi yang sangat penting, karena di satu pihak kebijaksanaan pemerintah perlu dijelaskan kepada seluruh lapisan masyarakat dan di pihak lain pemerintah harus tanggap terhadap tuntutan masyarakat. Sebagai media atau perantara antara rakyat dengan pemerintah. Fungsi tersebut dilaksanakan dengan mendengarkan, menggabungkan, dan merumuskan aspirasi yang berasal dari masyarakat, lalu dituangkan dalam bentuk program partai. Perumusan dalam bentuk program tersebut mencerminkan inti dari aspirasi yang berasal dari masyarakat untuk diperjuangkan dalam proses pembuatan kebijaksanaan umum. Apabila fungsi ini tidak dapat terlaksana, maka akibatnya aspirasi dan kepentingan masyarakat akan hilang, atau bahkan dapat memunculkan konflik kepentingan antara masyarakat dengan pemerintah. Dengan demikian, partai politik menjadi penyalur aspirasi yang datang dari bawah (masyarakat). ",49.0,0.49,analisis_essay,analisis_essay-21
"Jelaskan fungsi partai politik, berkaitan dengan kekuasaan pemerintahan. (Usahakan jawab dalam 2-4 kalimat) ","Partai politik sebagai organisasi resmi untuk menyalurkan aspirasi masyarakat. Partai politik memiliki kekuatan politik, serta ikut menentukan proses pembentukan kekuasaan pemerintah secara legal (diakui hukum) juga mempunyai hak beraktifitas merebut dan mempertahankan kekuasaan politik.",Partai Politik merupakan suatu organisasi yang mengusung calon wakil rakyat dari partai masing-masing ,22.0,0.22,analisis_essay,analisis_essay-21
"Jelaskan fungsi partai politik, berkaitan dengan kekuasaan pemerintahan. (Usahakan jawab dalam 2-4 kalimat) ","Partai politik sebagai organisasi resmi untuk menyalurkan aspirasi masyarakat. Partai politik memiliki kekuatan politik, serta ikut menentukan proses pembentukan kekuasaan pemerintah secara legal (diakui hukum) juga mempunyai hak beraktifitas merebut dan mempertahankan kekuasaan politik.","Fungsi partai politik dalam pemerintahan adalah untuk mempermudah jalannya pemerintahan dimana dengan adanya partai politik diharapkan jika terjadi perbedaan pendapat antara perwakilan dari masing-masing partai politik, akan lebih mudah untuk mengenalinya sesuai dengan tujuan, misi, dan visi dari masing-masing partai politik. ",44.0,0.44,analisis_essay,analisis_essay-21
"Jelaskan fungsi partai politik, berkaitan dengan kekuasaan pemerintahan. (Usahakan jawab dalam 2-4 kalimat) ","Partai politik sebagai organisasi resmi untuk menyalurkan aspirasi masyarakat. Partai politik memiliki kekuatan politik, serta ikut menentukan proses pembentukan kekuasaan pemerintah secara legal (diakui hukum) juga mempunyai hak beraktifitas merebut dan mempertahankan kekuasaan politik.","Menurut saya, fungsi dari partai politik sebagai suatu perwakilan rakyat dan pelaksana dari tugas tugas dari pemerintahan didalam pemerintahan dalam konteks keuasaan pemerintahan partai politik sebagai pendukung pemerintahan yang sedang berlangsung. Sehingga partai politik yang tidak cuma terdiri dari satu partai politik namun beberapa partai memiliki hak dan kewajiban dalam suatu pemerintahan dan pendukung pemerintahan tersebut. ",42.0,0.42,analisis_essay,analisis_essay-21
"Jelaskan fungsi partai politik, berkaitan dengan kekuasaan pemerintahan. (Usahakan jawab dalam 2-4 kalimat) ","Partai politik sebagai organisasi resmi untuk menyalurkan aspirasi masyarakat. Partai politik memiliki kekuatan politik, serta ikut menentukan proses pembentukan kekuasaan pemerintah secara legal (diakui hukum) juga mempunyai hak beraktifitas merebut dan mempertahankan kekuasaan politik.",bertanggung jawab mengelola dan menyejahterakan masyarakat. ,10.0,0.1,analisis_essay,analisis_essay-21
"Jelaskan fungsi partai politik, berkaitan dengan kekuasaan pemerintahan. (Usahakan jawab dalam 2-4 kalimat) ","Partai politik sebagai organisasi resmi untuk menyalurkan aspirasi masyarakat. Partai politik memiliki kekuatan politik, serta ikut menentukan proses pembentukan kekuasaan pemerintah secara legal (diakui hukum) juga mempunyai hak beraktifitas merebut dan mempertahankan kekuasaan politik.","partai politik yang terpilih melalui pemilu, bertanggung jawab mengelola dan menyejahterakan semua golongan masyarakat dan menjaga tatanan aparatur negara sesuai perundang-undangan yang berlaku. ",26.0,0.26,analisis_essay,analisis_essay-21
"Jelaskan fungsi partai politik, berkaitan dengan kekuasaan pemerintahan. (Usahakan jawab dalam 2-4 kalimat) ","Partai politik sebagai organisasi resmi untuk menyalurkan aspirasi masyarakat. Partai politik memiliki kekuatan politik, serta ikut menentukan proses pembentukan kekuasaan pemerintah secara legal (diakui hukum) juga mempunyai hak beraktifitas merebut dan mempertahankan kekuasaan politik.","Tidak ada fungsinya, karena asal orang bekerja dengan jujur pasti fungsi negara akan berjalan dengan baik. ",8.0,0.08,analisis_essay,analisis_essay-21
"Jelaskan fungsi partai politik, berkaitan dengan kekuasaan pemerintahan. (Usahakan jawab dalam 2-4 kalimat) ","Partai politik sebagai organisasi resmi untuk menyalurkan aspirasi masyarakat. Partai politik memiliki kekuatan politik, serta ikut menentukan proses pembentukan kekuasaan pemerintah secara legal (diakui hukum) juga mempunyai hak beraktifitas merebut dan mempertahankan kekuasaan politik.","Partai Politik ialah suatu organisasi ketatanegaraan, mengenai pemerintahan. Partai Politik juga sebagai sarana untuk menampung aspirasi rakyat, meanmpung segala permasalahan negeri. Juga sebagai sarana seseorang yang ingin menjadi wakil rakyat. ",45.0,0.45,analisis_essay,analisis_essay-21
"Jelaskan fungsi partai politik, berkaitan dengan kekuasaan pemerintahan. (Usahakan jawab dalam 2-4 kalimat) ","Partai politik sebagai organisasi resmi untuk menyalurkan aspirasi masyarakat. Partai politik memiliki kekuatan politik, serta ikut menentukan proses pembentukan kekuasaan pemerintah secara legal (diakui hukum) juga mempunyai hak beraktifitas merebut dan mempertahankan kekuasaan politik.",- untuk mencari calon pemimpin yang berkualitas,7.0,0.07,analisis_essay,analisis_essay-21
"Jelaskan fungsi partai politik, berkaitan dengan kekuasaan pemerintahan. (Usahakan jawab dalam 2-4 kalimat) ","Partai politik sebagai organisasi resmi untuk menyalurkan aspirasi masyarakat. Partai politik memiliki kekuatan politik, serta ikut menentukan proses pembentukan kekuasaan pemerintah secara legal (diakui hukum) juga mempunyai hak beraktifitas merebut dan mempertahankan kekuasaan politik.",Untuk mencari dan mempertahankan kekuasaan guna melaksanakan atau mewujudkan program - program yang telah mereka susun sesuai dengan ideologi tertentu. ,29.0,0.29,analisis_essay,analisis_essay-21
"Jelaskan fungsi partai politik, berkaitan dengan kekuasaan pemerintahan. (Usahakan jawab dalam 2-4 kalimat) ","Partai politik sebagai organisasi resmi untuk menyalurkan aspirasi masyarakat. Partai politik memiliki kekuatan politik, serta ikut menentukan proses pembentukan kekuasaan pemerintah secara legal (diakui hukum) juga mempunyai hak beraktifitas merebut dan mempertahankan kekuasaan politik.",Fungsi partai politik yang berkaitan dengan kekuasaan pemerintahan adalah untuk mengatur kekuasaan pemerintahan. ,42.0,0.42,analisis_essay,analisis_essay-21
"Jelaskan fungsi partai politik, berkaitan dengan kekuasaan pemerintahan. (Usahakan jawab dalam 2-4 kalimat) ","Partai politik sebagai organisasi resmi untuk menyalurkan aspirasi masyarakat. Partai politik memiliki kekuatan politik, serta ikut menentukan proses pembentukan kekuasaan pemerintah secara legal (diakui hukum) juga mempunyai hak beraktifitas merebut dan mempertahankan kekuasaan politik.",1. Politik sebagai jembatan antara masyarakat dengan pemerintah 2. Politik sebagai penampung aspirasai masyarakat ,44.0,0.44,analisis_essay,analisis_essay-21
"Jelaskan fungsi partai politik, berkaitan dengan kekuasaan pemerintahan. (Usahakan jawab dalam 2-4 kalimat) ","Partai politik sebagai organisasi resmi untuk menyalurkan aspirasi masyarakat. Partai politik memiliki kekuatan politik, serta ikut menentukan proses pembentukan kekuasaan pemerintah secara legal (diakui hukum) juga mempunyai hak beraktifitas merebut dan mempertahankan kekuasaan politik.",Fungsi partai politik adalah sebagai awal dari penjembatan masyarakat terhadap pemerintah. Dimana anggota partai politik yang berasal dari masyarakat dikader sebagai calon dari pemimpin negara yang berkedudukan di pemerintahan baik itu di pusat maupun di daerah. Politik juga berfungsi sebagai taktik untuk mengatur masyarakat yang ada dalam pemerintahan tersebut. ,50.0,0.5,analisis_essay,analisis_essay-21
"Jelaskan fungsi partai politik, berkaitan dengan kekuasaan pemerintahan. (Usahakan jawab dalam 2-4 kalimat) ","Partai politik sebagai organisasi resmi untuk menyalurkan aspirasi masyarakat. Partai politik memiliki kekuatan politik, serta ikut menentukan proses pembentukan kekuasaan pemerintah secara legal (diakui hukum) juga mempunyai hak beraktifitas merebut dan mempertahankan kekuasaan politik.","Partai politik antara lain berfungsi sebagai sarana pendidikan politik bagi anggota dan masyarakat luas, penciptaan suasana yang kondusif bagi persatuan dan kesatuan bangsa Indonesia untuk kesejahteraan masyarakat, sarana partisipasi politik warga negara Indonesia, rekrutmen politik dalam proses pengisian jabatan politik melalui mekanisme demokrasi dengan memperhatikan kesetaraan dan keadilan gender. ",45.0,0.45,analisis_essay,analisis_essay-21
"Jelaskan fungsi partai politik, berkaitan dengan kekuasaan pemerintahan. (Usahakan jawab dalam 2-4 kalimat) ","Partai politik sebagai organisasi resmi untuk menyalurkan aspirasi masyarakat. Partai politik memiliki kekuatan politik, serta ikut menentukan proses pembentukan kekuasaan pemerintah secara legal (diakui hukum) juga mempunyai hak beraktifitas merebut dan mempertahankan kekuasaan politik.",partai politik berfungsi sebagai sarana politik bagi masyarakat dan bagi anggotanya. juga mewakili suara masyarakat ke pemerintahan. partai politik juga akan membuat negara lebih baik karena akan membuat solusi dari permasalahan negara. ,40.0,0.4,analisis_essay,analisis_essay-21
"Jelaskan fungsi partai politik, berkaitan dengan kekuasaan pemerintahan. (Usahakan jawab dalam 2-4 kalimat) ","Partai politik sebagai organisasi resmi untuk menyalurkan aspirasi masyarakat. Partai politik memiliki kekuatan politik, serta ikut menentukan proses pembentukan kekuasaan pemerintah secara legal (diakui hukum) juga mempunyai hak beraktifitas merebut dan mempertahankan kekuasaan politik.",Sarana bagi masyarakat untuk ikut membangun negara melalui pemerintahan untuk lebih baik. :* ,23.0,0.23,analisis_essay,analisis_essay-21
"Jelaskan fungsi partai politik, berkaitan dengan kekuasaan pemerintahan. (Usahakan jawab dalam 2-4 kalimat) ","Partai politik sebagai organisasi resmi untuk menyalurkan aspirasi masyarakat. Partai politik memiliki kekuatan politik, serta ikut menentukan proses pembentukan kekuasaan pemerintah secara legal (diakui hukum) juga mempunyai hak beraktifitas merebut dan mempertahankan kekuasaan politik.",partai politik adalah organisasi yang bersifat nasional dab dibentuk oleh sekelompok warga indonesia secara sukarela atas dasar kesamaan kehendak dan cita - cita negara ,28.0,0.28,analisis_essay,analisis_essay-21
"Jelaskan fungsi partai politik, berkaitan dengan kekuasaan pemerintahan. (Usahakan jawab dalam 2-4 kalimat) ","Partai politik sebagai organisasi resmi untuk menyalurkan aspirasi masyarakat. Partai politik memiliki kekuatan politik, serta ikut menentukan proses pembentukan kekuasaan pemerintah secara legal (diakui hukum) juga mempunyai hak beraktifitas merebut dan mempertahankan kekuasaan politik.",partai politik sebagai sarana komunikasi politik adalah partai politik menjalankan tugas menyalurkan berbagai pendapat dan aspirasi masyarakat kepada pemerintah. dengan mengumpulkan samua pendapat maupun aspirasi-aspirasi masyarakat dan diseleksi untuk diserahkan kepada pemerintah. ,49.0,0.49,analisis_essay,analisis_essay-21
"Jelaskan fungsi partai politik, berkaitan dengan kekuasaan pemerintahan. (Usahakan jawab dalam 2-4 kalimat) ","Partai politik sebagai organisasi resmi untuk menyalurkan aspirasi masyarakat. Partai politik memiliki kekuatan politik, serta ikut menentukan proses pembentukan kekuasaan pemerintah secara legal (diakui hukum) juga mempunyai hak beraktifitas merebut dan mempertahankan kekuasaan politik.","Partai politik sebagai lahan mencari kekuasaan. Terkadang juga digunakan untuk memperkaya dirinya sendiri. Partai politik hanya sekitar 40% yang memang serius ingin mensejahterakan masyarakat tetapi jika sudah berhasil, para politikus sudah lupa akan janji yang sudah mereka berikan kepada masyarakat. ",55.0,0.55,analisis_essay,analisis_essay-21
"Jelaskan fungsi partai politik, berkaitan dengan kekuasaan pemerintahan. (Usahakan jawab dalam 2-4 kalimat) ","Partai politik sebagai organisasi resmi untuk menyalurkan aspirasi masyarakat. Partai politik memiliki kekuatan politik, serta ikut menentukan proses pembentukan kekuasaan pemerintah secara legal (diakui hukum) juga mempunyai hak beraktifitas merebut dan mempertahankan kekuasaan politik.",fungsi partai politik adalah sebagai pendukung pemerintah dalam menangani semua masalah negara ,30.0,0.3,analisis_essay,analisis_essay-21
"Jelaskan fungsi partai politik, berkaitan dengan kekuasaan pemerintahan. (Usahakan jawab dalam 2-4 kalimat) ","Partai politik sebagai organisasi resmi untuk menyalurkan aspirasi masyarakat. Partai politik memiliki kekuatan politik, serta ikut menentukan proses pembentukan kekuasaan pemerintah secara legal (diakui hukum) juga mempunyai hak beraktifitas merebut dan mempertahankan kekuasaan politik.",Fungsi dari partai politik itu dalam kekuasaan pemerintahan untuk mengatur suatu negara menjadi lebih baik dari masa kemasa sehingga menajdi negara yang maju ,44.0,0.44,analisis_essay,analisis_essay-21
"Jelaskan fungsi partai politik, berkaitan dengan kekuasaan pemerintahan. (Usahakan jawab dalam 2-4 kalimat) ","Partai politik sebagai organisasi resmi untuk menyalurkan aspirasi masyarakat. Partai politik memiliki kekuatan politik, serta ikut menentukan proses pembentukan kekuasaan pemerintah secara legal (diakui hukum) juga mempunyai hak beraktifitas merebut dan mempertahankan kekuasaan politik.",Untuk berkumpulnya anggota ploitik ,7.0,0.07,analisis_essay,analisis_essay-21
"Jelaskan fungsi partai politik, berkaitan dengan kekuasaan pemerintahan. (Usahakan jawab dalam 2-4 kalimat) ","Partai politik sebagai organisasi resmi untuk menyalurkan aspirasi masyarakat. Partai politik memiliki kekuatan politik, serta ikut menentukan proses pembentukan kekuasaan pemerintah secara legal (diakui hukum) juga mempunyai hak beraktifitas merebut dan mempertahankan kekuasaan politik.",Partai politik berfungsi sebagai media pendukung maupun jembatan antara pemerintahan dengan rakyat. ,22.0,0.22,analisis_essay,analisis_essay-21
"Jelaskan fungsi partai politik, berkaitan dengan kekuasaan pemerintahan. (Usahakan jawab dalam 2-4 kalimat) ","Partai politik sebagai organisasi resmi untuk menyalurkan aspirasi masyarakat. Partai politik memiliki kekuatan politik, serta ikut menentukan proses pembentukan kekuasaan pemerintah secara legal (diakui hukum) juga mempunyai hak beraktifitas merebut dan mempertahankan kekuasaan politik.","fungsi partai politik dalam pemerintahan adalah sebagai wadah dalam kita sebagai warga negara menyampaikan aspirasi dan pendapat dalam ikatan partai ,dan adanya partai politik juga dapat berguna membantu dalam pemilihan kepala daerah maupun presiden. ",44.0,0.44,analisis_essay,analisis_essay-21
"Jelaskan fungsi partai politik, berkaitan dengan kekuasaan pemerintahan. (Usahakan jawab dalam 2-4 kalimat) ","Partai politik sebagai organisasi resmi untuk menyalurkan aspirasi masyarakat. Partai politik memiliki kekuatan politik, serta ikut menentukan proses pembentukan kekuasaan pemerintah secara legal (diakui hukum) juga mempunyai hak beraktifitas merebut dan mempertahankan kekuasaan politik.",sebagai tiang penegak negera ,7.0,0.07,analisis_essay,analisis_essay-21
"Jelaskan fungsi partai politik, berkaitan dengan kekuasaan pemerintahan. (Usahakan jawab dalam 2-4 kalimat) ","Partai politik sebagai organisasi resmi untuk menyalurkan aspirasi masyarakat. Partai politik memiliki kekuatan politik, serta ikut menentukan proses pembentukan kekuasaan pemerintah secara legal (diakui hukum) juga mempunyai hak beraktifitas merebut dan mempertahankan kekuasaan politik.",untuk menyatukan kebersamaan masyarakat ,9.0,0.09,analisis_essay,analisis_essay-21
"Jelaskan fungsi partai politik, berkaitan dengan kekuasaan pemerintahan. (Usahakan jawab dalam 2-4 kalimat) ","Partai politik sebagai organisasi resmi untuk menyalurkan aspirasi masyarakat. Partai politik memiliki kekuatan politik, serta ikut menentukan proses pembentukan kekuasaan pemerintah secara legal (diakui hukum) juga mempunyai hak beraktifitas merebut dan mempertahankan kekuasaan politik.",partai politik sebagai jembatan untuk seseorang memasuki pemerintahan dan sebagai tiang pemerintahan ,19.0,0.19,analisis_essay,analisis_essay-21
"Jelaskan fungsi partai politik, berkaitan dengan kekuasaan pemerintahan. (Usahakan jawab dalam 2-4 kalimat) ","Partai politik sebagai organisasi resmi untuk menyalurkan aspirasi masyarakat. Partai politik memiliki kekuatan politik, serta ikut menentukan proses pembentukan kekuasaan pemerintah secara legal (diakui hukum) juga mempunyai hak beraktifitas merebut dan mempertahankan kekuasaan politik.",partai politik digunakan untuk memberikan calon pemilik kursi dalam sebuah pemilu. biasanya partai politik yang sudah mempunyai nama besar di kalangan masyarakat memberikan calon legislatif yang berkualitas. tapi tidak menutup kemungkinan partai politik yang belum mempunyai nama besar tidak bisa mendapat tempat di wakil rakyat ,31.0,0.31,analisis_essay,analisis_essay-21
"Jelaskan fungsi partai politik, berkaitan dengan kekuasaan pemerintahan. (Usahakan jawab dalam 2-4 kalimat) ","Partai politik sebagai organisasi resmi untuk menyalurkan aspirasi masyarakat. Partai politik memiliki kekuatan politik, serta ikut menentukan proses pembentukan kekuasaan pemerintah secara legal (diakui hukum) juga mempunyai hak beraktifitas merebut dan mempertahankan kekuasaan politik.",Partai politik sebagai wadah aspirasi masyarakat untuk menyalurkan calon-calon pemimpin terutama dalam kepemimpinan negara. Mengusung calon-calon pemimpin bangsa melalui pemilihan dan kampanye. Dengan adanya partai politik maka akan terpilih bibit individual yang di usung untuk menjadi calon pemimpin. ,29.0,0.29,analisis_essay,analisis_essay-21
"Jelaskan fungsi partai politik, berkaitan dengan kekuasaan pemerintahan. (Usahakan jawab dalam 2-4 kalimat) ","Partai politik sebagai organisasi resmi untuk menyalurkan aspirasi masyarakat. Partai politik memiliki kekuatan politik, serta ikut menentukan proses pembentukan kekuasaan pemerintah secara legal (diakui hukum) juga mempunyai hak beraktifitas merebut dan mempertahankan kekuasaan politik.","1. Fungsi Partai politik yaitu sebagai wadah masyarakat dalam berpolitik, berdemokrasi dalam sistem pemerintahan, dan sebagai tolak ukur keberhasilan politik di sistem pemerintahan ",28.0,0.28,analisis_essay,analisis_essay-21
"Jelaskan fungsi partai politik, berkaitan dengan kekuasaan pemerintahan. (Usahakan jawab dalam 2-4 kalimat) ","Partai politik sebagai organisasi resmi untuk menyalurkan aspirasi masyarakat. Partai politik memiliki kekuatan politik, serta ikut menentukan proses pembentukan kekuasaan pemerintah secara legal (diakui hukum) juga mempunyai hak beraktifitas merebut dan mempertahankan kekuasaan politik.","sebagai sarana Pendidikan Politik bagi anggota dan masyarakat luas agar menjadi warga Negara Indonesia yang sadar akan hak dan kewajibannya dalam kehidupan bermasyarakat, berbangsa dan bernegara. Penyerap, penghimpun, dan penyalur aspirasi politik masyarakat dalam merumuskan dan menetapkan kebijakan Negara. dan menciptaan iklim yang kondusif bagi persatuan dan kesatuan bangsa Indonesia untuk kesejahteraan masyarakat. ",52.0,0.52,analisis_essay,analisis_essay-21
"Jelaskan fungsi partai politik, berkaitan dengan kekuasaan pemerintahan. (Usahakan jawab dalam 2-4 kalimat) ","Partai politik sebagai organisasi resmi untuk menyalurkan aspirasi masyarakat. Partai politik memiliki kekuatan politik, serta ikut menentukan proses pembentukan kekuasaan pemerintah secara legal (diakui hukum) juga mempunyai hak beraktifitas merebut dan mempertahankan kekuasaan politik.",partai politik kekuasaan dibawah presiden ,10.0,0.1,analisis_essay,analisis_essay-21
"Jelaskan fungsi partai politik, berkaitan dengan kekuasaan pemerintahan. (Usahakan jawab dalam 2-4 kalimat) ","Partai politik sebagai organisasi resmi untuk menyalurkan aspirasi masyarakat. Partai politik memiliki kekuatan politik, serta ikut menentukan proses pembentukan kekuasaan pemerintah secara legal (diakui hukum) juga mempunyai hak beraktifitas merebut dan mempertahankan kekuasaan politik.",masa depan pemerintahan ,7.0,0.07,analisis_essay,analisis_essay-21
Apa yang dimaksud dengan komputer? (Jawab dalam 1-3 kalimat) ,Komputer adalah rangkaian mesin elektronik yang dapat bekerja sama. Sistem ini digunakan untuk memudahkan pekerjaan manusia. Komputer bekerja otomatis berdasarkan urutan instruksi atau program yang diberikan.,"Komputer adalah serangkaian ataupun sekelompok mesin elektronik yang terdiri dari ribuan bahkan jutaan komponen yang dapat saling bekerja sama, serta membentuk sebuah sistem kerja yang rapi dan teliti. Sistem ini kemudian dapat digunakan untuk melaksanakan serangkaian pekerjaan secara otomatis, berdasar urutan instruksi ataupun program yang diberikan kepadanya. ",77.0,0.77,analisis_essay,analisis_essay-31
Apa yang dimaksud dengan komputer? (Jawab dalam 1-3 kalimat) ,Komputer adalah rangkaian mesin elektronik yang dapat bekerja sama. Sistem ini digunakan untuk memudahkan pekerjaan manusia. Komputer bekerja otomatis berdasarkan urutan instruksi atau program yang diberikan.,komputer adalah mesin penghitung ,12.0,0.12,analisis_essay,analisis_essay-31
Apa yang dimaksud dengan komputer? (Jawab dalam 1-3 kalimat) ,Komputer adalah rangkaian mesin elektronik yang dapat bekerja sama. Sistem ini digunakan untuk memudahkan pekerjaan manusia. Komputer bekerja otomatis berdasarkan urutan instruksi atau program yang diberikan.,mesin yang membantu manusia untuk menjalankan segara pekerjaan ,25.0,0.25,analisis_essay,analisis_essay-31
Apa yang dimaksud dengan komputer? (Jawab dalam 1-3 kalimat) ,Komputer adalah rangkaian mesin elektronik yang dapat bekerja sama. Sistem ini digunakan untuk memudahkan pekerjaan manusia. Komputer bekerja otomatis berdasarkan urutan instruksi atau program yang diberikan.,"Komputer adalah alat komputasi yang diciptakan untuk menghitung tambah, kurang, kali, bagi. ",11.0,0.11,analisis_essay,analisis_essay-31
Apa yang dimaksud dengan komputer? (Jawab dalam 1-3 kalimat) ,Komputer adalah rangkaian mesin elektronik yang dapat bekerja sama. Sistem ini digunakan untuk memudahkan pekerjaan manusia. Komputer bekerja otomatis berdasarkan urutan instruksi atau program yang diberikan.,alat untuk memudahkan masnusia ,11.0,0.11,analisis_essay,analisis_essay-31
Apa yang dimaksud dengan komputer? (Jawab dalam 1-3 kalimat) ,Komputer adalah rangkaian mesin elektronik yang dapat bekerja sama. Sistem ini digunakan untuk memudahkan pekerjaan manusia. Komputer bekerja otomatis berdasarkan urutan instruksi atau program yang diberikan.,"Komputer adalah alat yang dipakai untuk mengolah data menurut prosedur yang telah dirumuskan. Kata computer pada awalnya dipergunakan untuk menggambarkan orang yang perkerjaannya melakukan perhitungan aritmatika, dengan atau tanpa alat bantu, tetapi arti kata ini kemudian dipindahkan kepada mesin itu sendiri. Asal mulanya, pengolahan informasi hampir eksklusif berhubungan dengan masalah aritmetika, tetapi komputer modern dipakai untuk banyak tugas yang tidak berhubungan dengan matematika. ",25.0,0.25,analisis_essay,analisis_essay-31
Apa yang dimaksud dengan komputer? (Jawab dalam 1-3 kalimat) ,Komputer adalah rangkaian mesin elektronik yang dapat bekerja sama. Sistem ini digunakan untuk memudahkan pekerjaan manusia. Komputer bekerja otomatis berdasarkan urutan instruksi atau program yang diberikan.,komputer merupakan alat untuk mengolah data. melakukan perhitungan aritmatika dan melakukan segala pekerjaan yang dapat memudahkan manusia ,43.0,0.43,analisis_essay,analisis_essay-31
Apa yang dimaksud dengan komputer? (Jawab dalam 1-3 kalimat) ,Komputer adalah rangkaian mesin elektronik yang dapat bekerja sama. Sistem ini digunakan untuk memudahkan pekerjaan manusia. Komputer bekerja otomatis berdasarkan urutan instruksi atau program yang diberikan.,"Komputer adalah alat yang dipakai untuk mengolah data menurut prosedur yang telah dirumuskan. Kata computer pada awalnya dipergunakan untuk menggambarkan orang yang perkerjaannya melakukan perhitungan aritmatika, dengan atau tanpa alat bantu, tetapi arti kata ini kemudian dipindahkan kepada mesin itu sendiri. ",29.0,0.29,analisis_essay,analisis_essay-31
Apa yang dimaksud dengan komputer? (Jawab dalam 1-3 kalimat) ,Komputer adalah rangkaian mesin elektronik yang dapat bekerja sama. Sistem ini digunakan untuk memudahkan pekerjaan manusia. Komputer bekerja otomatis berdasarkan urutan instruksi atau program yang diberikan.,"Komputer adalah alat yang dipakai untuk mengolah data menurut prosedur yang telah dirumuskan. Kata computer pada awalnya dipergunakan untuk menggambarkan orang yang perkerjaannya melakukan perhitungan aritmatika, dengan atau tanpa alat bantu, tetapi arti kata ini kemudian dipindahkan kepada mesin itu sendiri. ",29.0,0.29,analisis_essay,analisis_essay-31
Apa yang dimaksud dengan komputer? (Jawab dalam 1-3 kalimat) ,Komputer adalah rangkaian mesin elektronik yang dapat bekerja sama. Sistem ini digunakan untuk memudahkan pekerjaan manusia. Komputer bekerja otomatis berdasarkan urutan instruksi atau program yang diberikan.,"Komputer adalah serangkaian ataupun sekelompok mesin elektronik yang terdiri dari ribuan bahkan jutaan komponen yang dapat saling bekerja sama, serta membentuk sebuah sistem kerja yang rapi dan teliti. Sistem ini kemudian dapat digunakan untuk melaksanakan serangkaian pekerjaan secara otomatis, berdasar urutan instruksi ataupun program yang diberikan kepadanya. ",60.0,0.6,analisis_essay,analisis_essay-31
Apa yang dimaksud dengan komputer? (Jawab dalam 1-3 kalimat) ,Komputer adalah rangkaian mesin elektronik yang dapat bekerja sama. Sistem ini digunakan untuk memudahkan pekerjaan manusia. Komputer bekerja otomatis berdasarkan urutan instruksi atau program yang diberikan.,"Komputer adalah alat yang dipakai untuk mengolah data menurut prosedur yang telah dirumuskan. Kata komputer pada awalnya dipergunakan untuk menggambarkan orang yang perkerjaannya melakukan perhitungan aritmatika, dengan atau tanpa alat bantu, tetapi arti kata ini kemudian dipindahkan kepada mesin itu sendiri ",39.0,0.39,analisis_essay,analisis_essay-31
Apa yang dimaksud dengan komputer? (Jawab dalam 1-3 kalimat) ,Komputer adalah rangkaian mesin elektronik yang dapat bekerja sama. Sistem ini digunakan untuk memudahkan pekerjaan manusia. Komputer bekerja otomatis berdasarkan urutan instruksi atau program yang diberikan.,alat yang dipakai untuk mengolah data menurut prosedur yang telah dirumuskan ,25.0,0.25,analisis_essay,analisis_essay-31
Apa yang dimaksud dengan komputer? (Jawab dalam 1-3 kalimat) ,Komputer adalah rangkaian mesin elektronik yang dapat bekerja sama. Sistem ini digunakan untuk memudahkan pekerjaan manusia. Komputer bekerja otomatis berdasarkan urutan instruksi atau program yang diberikan.,komputer adalah barang elektronik pintar yang semakin tahun dikembangkan dengan menambahkan banyak fitur dan komponen tambahan yang kemudian disatu padukan menjadi bentuk. ,19.0,0.19,analisis_essay,analisis_essay-31
Apa yang dimaksud dengan komputer? (Jawab dalam 1-3 kalimat) ,Komputer adalah rangkaian mesin elektronik yang dapat bekerja sama. Sistem ini digunakan untuk memudahkan pekerjaan manusia. Komputer bekerja otomatis berdasarkan urutan instruksi atau program yang diberikan.,"Komputer adalah alat yang dipakai untuk mengolah data menurut prosedur yang telah dirumuskan. Kata computer pada awalnya dipergunakan untuk menggambarkan orang yang perkerjaannya melakukan perhitungan aritmatika, dengan atau tanpa alat bantu, tetapi arti kata ini kemudian dipindahkan kepada mesin itu sendiri. ",31.0,0.31,analisis_essay,analisis_essay-31
Apa yang dimaksud dengan komputer? (Jawab dalam 1-3 kalimat) ,Komputer adalah rangkaian mesin elektronik yang dapat bekerja sama. Sistem ini digunakan untuk memudahkan pekerjaan manusia. Komputer bekerja otomatis berdasarkan urutan instruksi atau program yang diberikan.,alat bantu untuk mempermudah pekerjaan manusia ,28.0,0.28,analisis_essay,analisis_essay-31
Apa yang dimaksud dengan komputer? (Jawab dalam 1-3 kalimat) ,Komputer adalah rangkaian mesin elektronik yang dapat bekerja sama. Sistem ini digunakan untuk memudahkan pekerjaan manusia. Komputer bekerja otomatis berdasarkan urutan instruksi atau program yang diberikan.,komputer adalah alat untuk mempermudah manusia dalam melakukan aktivitas shari hari ,28.0,0.28,analisis_essay,analisis_essay-31
Apa yang dimaksud dengan komputer? (Jawab dalam 1-3 kalimat) ,Komputer adalah rangkaian mesin elektronik yang dapat bekerja sama. Sistem ini digunakan untuk memudahkan pekerjaan manusia. Komputer bekerja otomatis berdasarkan urutan instruksi atau program yang diberikan.,Komputer adalah sebuah perangkat yang saat ini digunakan untuk berbagai keperluan. Fungsi komputer sendiri banyak namun pada dasarnya komputer digunakan sebagai alat berhitung dan mengolah informasi. Komputer bisa menerima inputan dari perangkat inputan seperti keyboard dan mouse kemudian mengeluarkan hasil melalui perangkat output seperti printer dan juga monitor ,28.0,0.28,analisis_essay,analisis_essay-31
Apa yang dimaksud dengan komputer? (Jawab dalam 1-3 kalimat) ,Komputer adalah rangkaian mesin elektronik yang dapat bekerja sama. Sistem ini digunakan untuk memudahkan pekerjaan manusia. Komputer bekerja otomatis berdasarkan urutan instruksi atau program yang diberikan.,serangkaian atau sekelompok mesin elektronik yang terdiri dari ratusan komponen yang saling bekerja sama ,32.0,0.32,analisis_essay,analisis_essay-31
Apa yang dimaksud dengan komputer? (Jawab dalam 1-3 kalimat) ,Komputer adalah rangkaian mesin elektronik yang dapat bekerja sama. Sistem ini digunakan untuk memudahkan pekerjaan manusia. Komputer bekerja otomatis berdasarkan urutan instruksi atau program yang diberikan.,"Komputer adalah serangkaian ataupun sekelompok mesin elektronik yang terdiri dari ribuan bahkan jutaan komponen yang dapat saling bekerja sama, serta membentuk sebuah sistem kerja yang rapi dan teliti. Sistem ini kemudian dapat digunakan untuk melaksanakan serangkaian pekerjaan secara otomatis, berdasar urutan instruksi ataupun program yang diberikan kepadanya. ",60.0,0.6,analisis_essay,analisis_essay-31
Apa yang dimaksud dengan komputer? (Jawab dalam 1-3 kalimat) ,Komputer adalah rangkaian mesin elektronik yang dapat bekerja sama. Sistem ini digunakan untuk memudahkan pekerjaan manusia. Komputer bekerja otomatis berdasarkan urutan instruksi atau program yang diberikan.,alat yang membantu manusia untuk mengerjakan pekerjaan ,25.0,0.25,analisis_essay,analisis_essay-31
Apa yang dimaksud dengan komputer? (Jawab dalam 1-3 kalimat) ,Komputer adalah rangkaian mesin elektronik yang dapat bekerja sama. Sistem ini digunakan untuk memudahkan pekerjaan manusia. Komputer bekerja otomatis berdasarkan urutan instruksi atau program yang diberikan.,"Komputer adalah alat yang dipakai untuk mengolah data menurut prosedur yang telah dirumuskan. Kata computer pada awalnya dipergunakan untuk menggambarkan orang yang perkerjaannya melakukan perhitungan aritmatika, dengan atau tanpa alat bantu, tetapi arti kata ini kemudian dipindahkan kepada mesin itu sendiri. ",30.0,0.3,analisis_essay,analisis_essay-31
Apa yang dimaksud dengan komputer? (Jawab dalam 1-3 kalimat) ,Komputer adalah rangkaian mesin elektronik yang dapat bekerja sama. Sistem ini digunakan untuk memudahkan pekerjaan manusia. Komputer bekerja otomatis berdasarkan urutan instruksi atau program yang diberikan.,Apa yang dimaksud dengan komputer? (Jawab dalam 1-3 kalimat) ,6.0,0.06,analisis_essay,analisis_essay-31
Apa yang dimaksud dengan komputer? (Jawab dalam 1-3 kalimat) ,Komputer adalah rangkaian mesin elektronik yang dapat bekerja sama. Sistem ini digunakan untuk memudahkan pekerjaan manusia. Komputer bekerja otomatis berdasarkan urutan instruksi atau program yang diberikan.,"Komputer adalah alat yang dapat digunakan untuk mengolah suatu data menurut prosedur yang telah dirumuskan dalam komputer itu sendiri. komputer juga dapat digunakan untuk membantu perhitungan aritmetika, serta untuk pengolahan suatu informasi. ",32.0,0.32,analisis_essay,analisis_essay-31
Apa yang dimaksud dengan komputer? (Jawab dalam 1-3 kalimat) ,Komputer adalah rangkaian mesin elektronik yang dapat bekerja sama. Sistem ini digunakan untuk memudahkan pekerjaan manusia. Komputer bekerja otomatis berdasarkan urutan instruksi atau program yang diberikan.,suatu mesin yang bisa mengerti saya ,5.0,0.05,analisis_essay,analisis_essay-31
Apa yang dimaksud dengan komputer? (Jawab dalam 1-3 kalimat) ,Komputer adalah rangkaian mesin elektronik yang dapat bekerja sama. Sistem ini digunakan untuk memudahkan pekerjaan manusia. Komputer bekerja otomatis berdasarkan urutan instruksi atau program yang diberikan.,komputer adalah alat pengolah data menurut prosedur yang telah di rumuskan ,25.0,0.25,analisis_essay,analisis_essay-31
Apa yang dimaksud dengan komputer? (Jawab dalam 1-3 kalimat) ,Komputer adalah rangkaian mesin elektronik yang dapat bekerja sama. Sistem ini digunakan untuk memudahkan pekerjaan manusia. Komputer bekerja otomatis berdasarkan urutan instruksi atau program yang diberikan.,"komputer adalah alat elektronik yang memiliki komputasi yang sangat tinggi dengan spesifikasi seperti menggunakan windows 10 untuk kerjaan kantor, bermain game, menonton film. ",22.0,0.22,analisis_essay,analisis_essay-31
Apa yang dimaksud dengan komputer? (Jawab dalam 1-3 kalimat) ,Komputer adalah rangkaian mesin elektronik yang dapat bekerja sama. Sistem ini digunakan untuk memudahkan pekerjaan manusia. Komputer bekerja otomatis berdasarkan urutan instruksi atau program yang diberikan.,"Komputer adalah alat bantu hitung manusia, yang sekarang sudah dikembangkan dapat membantu banyak tugas manusia. ",30.0,0.3,analisis_essay,analisis_essay-31
Apa yang dimaksud dengan komputer? (Jawab dalam 1-3 kalimat) ,Komputer adalah rangkaian mesin elektronik yang dapat bekerja sama. Sistem ini digunakan untuk memudahkan pekerjaan manusia. Komputer bekerja otomatis berdasarkan urutan instruksi atau program yang diberikan.,"alat elektronik yang dapat menghitung dan menganalisa data secara cepat dan cermat, dapat juga menjalankan aplikasi multimedia. ",21.0,0.21,analisis_essay,analisis_essay-31
Apa yang dimaksud dengan komputer? (Jawab dalam 1-3 kalimat) ,Komputer adalah rangkaian mesin elektronik yang dapat bekerja sama. Sistem ini digunakan untuk memudahkan pekerjaan manusia. Komputer bekerja otomatis berdasarkan urutan instruksi atau program yang diberikan.,alat yang dipakai untuk mengelola data ,11.0,0.11,analisis_essay,analisis_essay-31
Apa yang dimaksud dengan komputer? (Jawab dalam 1-3 kalimat) ,Komputer adalah rangkaian mesin elektronik yang dapat bekerja sama. Sistem ini digunakan untuk memudahkan pekerjaan manusia. Komputer bekerja otomatis berdasarkan urutan instruksi atau program yang diberikan.,"adalah alat yang dipakai untuk mengolah data menurut prosedur yang telah dirumuskan. Kata computer pada awalnya dipergunakan untuk menggambarkan orang yang perkerjaannya melakukan perhitungan aritmatika, dengan atau tanpa alat bantu, tetapi arti kata ini kemudian dipindahkan kepada mesin itu sendiri. Asal mulanya, pengolahan informasi hampir eksklusif berhubungan dengan masalah aritmetika, tetapi komputer modern dipakai untuk banyak tugas yang tidak berhubungan dengan matematika. ",39.0,0.39,analisis_essay,analisis_essay-31
Apa yang dimaksud dengan komputer? (Jawab dalam 1-3 kalimat) ,Komputer adalah rangkaian mesin elektronik yang dapat bekerja sama. Sistem ini digunakan untuk memudahkan pekerjaan manusia. Komputer bekerja otomatis berdasarkan urutan instruksi atau program yang diberikan.,"pada awal komputer adalah mesin hitung untuk memudahkan pekerjaan manusia. saat ini komputer dapat digunakan untuk hal lain seperti bermain game, bekerja, mendengarkan musik dll. ",26.0,0.26,analisis_essay,analisis_essay-31
Apa yang dimaksud dengan komputer? (Jawab dalam 1-3 kalimat) ,Komputer adalah rangkaian mesin elektronik yang dapat bekerja sama. Sistem ini digunakan untuk memudahkan pekerjaan manusia. Komputer bekerja otomatis berdasarkan urutan instruksi atau program yang diberikan.,Komputer adalah mesin hitung. komputer digunakan untuk mengolah data dengan menggunakn mesin. Komputer saat ini sudah berkembang secara pesat. ,21.0,0.21,analisis_essay,analisis_essay-31
Apa yang dimaksud dengan komputer? (Jawab dalam 1-3 kalimat) ,Komputer adalah rangkaian mesin elektronik yang dapat bekerja sama. Sistem ini digunakan untuk memudahkan pekerjaan manusia. Komputer bekerja otomatis berdasarkan urutan instruksi atau program yang diberikan.,"Komputer adalah alat yang dipakai untuk mengolah data menurut prosedur yang telah dirumuskan. Kata computer pada awalnya dipergunakan untuk menggambarkan orang yang perkerjaannya melakukan perhitungan aritmatika, dengan atau tanpa alat bantu, tetapi arti kata ini kemudian dipindahkan kepada mesin itu sendiri. Asal mulanya, pengolahan informasi hampir eksklusif berhubungan dengan masalah aritmetika, tetapi komputer modern dipakai untuk banyak tugas yang tidak berhubungan dengan matematika. ",41.0,0.41,analisis_essay,analisis_essay-31
Apa yang dimaksud dengan komputer? (Jawab dalam 1-3 kalimat) ,Komputer adalah rangkaian mesin elektronik yang dapat bekerja sama. Sistem ini digunakan untuk memudahkan pekerjaan manusia. Komputer bekerja otomatis berdasarkan urutan instruksi atau program yang diberikan.,alat yang dipakai untuk mengolah data menurut prosedur yang telah dirumuskan dimana komputer itu sendiri merupakan perangkat elektronik yang terdiri dari beberapa komponen yang saling bekerja sama membentuk sebuah sistem kerja yang dapat menjalankan pekerjaan secara otomatis berdasar urutan instruksi ataupun program yang diberikan kepadanya sehingga dapat menghasilkan suatu informasi berdasarkan program dan data yang ada. ,29.0,0.29,analisis_essay,analisis_essay-31
Apa yang dimaksud dengan komputer? (Jawab dalam 1-3 kalimat) ,Komputer adalah rangkaian mesin elektronik yang dapat bekerja sama. Sistem ini digunakan untuk memudahkan pekerjaan manusia. Komputer bekerja otomatis berdasarkan urutan instruksi atau program yang diberikan.,Secara umum komputer adalah sekumpulan alat elektronik dimana satu dengan yang lainnya saling bekerja sama terkoordinasi dibawah kontrol program dengan kemampuan dapat menerima data dan mengolah data. ,28.0,0.28,analisis_essay,analisis_essay-31
Apa yang dimaksud dengan komputer? (Jawab dalam 1-3 kalimat) ,Komputer adalah rangkaian mesin elektronik yang dapat bekerja sama. Sistem ini digunakan untuk memudahkan pekerjaan manusia. Komputer bekerja otomatis berdasarkan urutan instruksi atau program yang diberikan.,"Komputer adalah alat yang dipakai untuk mengolah data menurut prosedur yang telah dirumuskan. Kata computer pada awalnya dipergunakan untuk menggambarkan orang yang perkerjaannya melakukan perhitungan aritmatika, dengan atau tanpa alat bantu, tetapi arti kata ini kemudian dipindahkan kepada mesin itu sendiri. ",29.0,0.29,analisis_essay,analisis_essay-31
Apa yang dimaksud dengan komputer? (Jawab dalam 1-3 kalimat) ,Komputer adalah rangkaian mesin elektronik yang dapat bekerja sama. Sistem ini digunakan untuk memudahkan pekerjaan manusia. Komputer bekerja otomatis berdasarkan urutan instruksi atau program yang diberikan.,"Komputer adalah alat yang dipakai untuk mengolah data menurut prosedur yang telah dirumuskan. Kata computer pada awalnya dipergunakan untuk menggambarkan orang yang perkerjaannya melakukan perhitungan aritmatika, dengan atau tanpa alat bantu, tetapi arti kata ini kemudian dipindahkan kepada mesin itu sendiri. Asal mulanya, pengolahan informasi hampir eksklusif berhubungan dengan masalah aritmetika, tetapi komputer modern dipakai untuk banyak tugas yang tidak berhubungan dengan matematika. ",40.0,0.4,analisis_essay,analisis_essay-31
Apa yang dimaksud dengan komputer? (Jawab dalam 1-3 kalimat) ,Komputer adalah rangkaian mesin elektronik yang dapat bekerja sama. Sistem ini digunakan untuk memudahkan pekerjaan manusia. Komputer bekerja otomatis berdasarkan urutan instruksi atau program yang diberikan.,Komputer adalah alat yang dipakai untuk mengolah data menurut prosedur yang telah dirumuskan ,27.0,0.27,analisis_essay,analisis_essay-31
Apa yang dimaksud dengan komputer? (Jawab dalam 1-3 kalimat) ,Komputer adalah rangkaian mesin elektronik yang dapat bekerja sama. Sistem ini digunakan untuk memudahkan pekerjaan manusia. Komputer bekerja otomatis berdasarkan urutan instruksi atau program yang diberikan.,"adalah alat yang dipakai untuk mengolah data menurut prosedur yang telah dirumuskan. Kata computer pada awalnya dipergunakan untuk menggambarkan orang yang perkerjaannya melakukan perhitungan aritmatika, dengan atau tanpa alat bantu, tetapi arti kata ini kemudian dipindahkan kepada mesin itu sendiri. ",28.0,0.28,analisis_essay,analisis_essay-31
Apa yang dimaksud dengan komputer? (Jawab dalam 1-3 kalimat) ,Komputer adalah rangkaian mesin elektronik yang dapat bekerja sama. Sistem ini digunakan untuk memudahkan pekerjaan manusia. Komputer bekerja otomatis berdasarkan urutan instruksi atau program yang diberikan.,"menerima, mengolah dan memberikan informasi ",7.0,0.07,analisis_essay,analisis_essay-31
Apa yang dimaksud dengan komputer? (Jawab dalam 1-3 kalimat) ,Komputer adalah rangkaian mesin elektronik yang dapat bekerja sama. Sistem ini digunakan untuk memudahkan pekerjaan manusia. Komputer bekerja otomatis berdasarkan urutan instruksi atau program yang diberikan.,tempat menerima dan mengolah data ,6.0,0.06,analisis_essay,analisis_essay-31
Apa yang dimaksud dengan komputer? (Jawab dalam 1-3 kalimat) ,Komputer adalah rangkaian mesin elektronik yang dapat bekerja sama. Sistem ini digunakan untuk memudahkan pekerjaan manusia. Komputer bekerja otomatis berdasarkan urutan instruksi atau program yang diberikan.,"Komputer adalah sebuah alat yang digunakan untuk manipulasi data, komputer berisi hardware, software, dan brainware. ",12.0,0.12,analisis_essay,analisis_essay-31
Apa yang dimaksud dengan komputer? (Jawab dalam 1-3 kalimat) ,Komputer adalah rangkaian mesin elektronik yang dapat bekerja sama. Sistem ini digunakan untuk memudahkan pekerjaan manusia. Komputer bekerja otomatis berdasarkan urutan instruksi atau program yang diberikan.,"komputer adalah sebuah mesin yang berfungsi untuk mempermudah pekerjaan manusia yang berawal dari mesin ketik biasa, komputer menggunakan bahasa mesin. ",25.0,0.25,analisis_essay,analisis_essay-31
Apa yang dimaksud dengan komputer? (Jawab dalam 1-3 kalimat) ,Komputer adalah rangkaian mesin elektronik yang dapat bekerja sama. Sistem ini digunakan untuk memudahkan pekerjaan manusia. Komputer bekerja otomatis berdasarkan urutan instruksi atau program yang diberikan.,mesin pegolah kata ,6.0,0.06,analisis_essay,analisis_essay-31
Apa yang dimaksud dengan komputer? (Jawab dalam 1-3 kalimat) ,Komputer adalah rangkaian mesin elektronik yang dapat bekerja sama. Sistem ini digunakan untuk memudahkan pekerjaan manusia. Komputer bekerja otomatis berdasarkan urutan instruksi atau program yang diberikan.,komputer adalah sebuah hardware yg berfungsi membantu manusia untuk bekerja ,22.0,0.22,analisis_essay,analisis_essay-31
Apa yang dimaksud dengan komputer? (Jawab dalam 1-3 kalimat) ,Komputer adalah rangkaian mesin elektronik yang dapat bekerja sama. Sistem ini digunakan untuk memudahkan pekerjaan manusia. Komputer bekerja otomatis berdasarkan urutan instruksi atau program yang diberikan.,alat untuk mempermudah pekerjaan manusia. alat untuk mempersingkat waktu dalam pekerjaan ,22.0,0.22,analisis_essay,analisis_essay-31
Apa yang dimaksud dengan komputer? (Jawab dalam 1-3 kalimat) ,Komputer adalah rangkaian mesin elektronik yang dapat bekerja sama. Sistem ini digunakan untuk memudahkan pekerjaan manusia. Komputer bekerja otomatis berdasarkan urutan instruksi atau program yang diberikan.,komputer adalah alat bantu manusia yang dapat digunakan untuk mempermudah pekerjaan manusia ,25.0,0.25,analisis_essay,analisis_essay-31
Apa yang dimaksud dengan komputer? (Jawab dalam 1-3 kalimat) ,Komputer adalah rangkaian mesin elektronik yang dapat bekerja sama. Sistem ini digunakan untuk memudahkan pekerjaan manusia. Komputer bekerja otomatis berdasarkan urutan instruksi atau program yang diberikan.,"komputer adalah alat komputasi elektronik. yang mana berguna untuk meringankan pekerjaan manusia dalam proses perhitungan, pengolahan data, dan lainnya. ",24.0,0.24,analisis_essay,analisis_essay-31
Apa yang dimaksud dengan komputer? (Jawab dalam 1-3 kalimat) ,Komputer adalah rangkaian mesin elektronik yang dapat bekerja sama. Sistem ini digunakan untuk memudahkan pekerjaan manusia. Komputer bekerja otomatis berdasarkan urutan instruksi atau program yang diberikan.,"alat yang dipakai untuk mengolah data menurut prosedur yang telah dirumuskan. Kata computer pada awalnya dipergunakan untuk menggambarkan orang yang perkerjaannya melakukan perhitungan aritmatika, dengan atau tanpa alat bantu, tetapi arti kata ini kemudian dipindahkan kepada mesin itu sendiri. ",29.0,0.29,analisis_essay,analisis_essay-31
Apa yang dimaksud dengan komputer? (Jawab dalam 1-3 kalimat) ,Komputer adalah rangkaian mesin elektronik yang dapat bekerja sama. Sistem ini digunakan untuk memudahkan pekerjaan manusia. Komputer bekerja otomatis berdasarkan urutan instruksi atau program yang diberikan.,"Serangkaian ataupun sekelompok mesin elektronik yang terdiri dari ribuan bahkan jutaan komponen yang dapat saling bekerja sama, serta membentuk sebuah sistem kerja yang rapi dan teliti. ",27.0,0.27,analisis_essay,analisis_essay-31
Apa yang dimaksud dengan komputer? (Jawab dalam 1-3 kalimat) ,Komputer adalah rangkaian mesin elektronik yang dapat bekerja sama. Sistem ini digunakan untuk memudahkan pekerjaan manusia. Komputer bekerja otomatis berdasarkan urutan instruksi atau program yang diberikan.,komputer adalah alat yang digunakan untuk mengolah data dan angka ,11.0,0.11,analisis_essay,analisis_essay-31
Apa yang dimaksud dengan komputer? (Jawab dalam 1-3 kalimat) ,Komputer adalah rangkaian mesin elektronik yang dapat bekerja sama. Sistem ini digunakan untuk memudahkan pekerjaan manusia. Komputer bekerja otomatis berdasarkan urutan instruksi atau program yang diberikan.,alat elektronik yang terdiri dari hardware dan software untuk mejalankan atau melakukan tugas tertentu ,12.0,0.12,analisis_essay,analisis_essay-31
