question,reference_answer,answer,score,normalized_score,dataset,dataset_num
Jelaskan kegunaan karbohidrat untuk tubuh kita.,"Fungsi karbohidrat adalah sebagai pemasok energi, dapat memperlancar proses pada pencernaan, memberikan efek kenyang dengan kandungan selulosa-nya dan penyeimbang asam dan basa dalam tubuh","sumber tenaga, pemanis alami, menjaga sistem imun, dan sebagai keseimbangan tubuh ",27.0,0.27,analisis_essay,analisis_essay-1
Jelaskan kegunaan karbohidrat untuk tubuh kita.,"Fungsi karbohidrat adalah sebagai pemasok energi, dapat memperlancar proses pada pencernaan, memberikan efek kenyang dengan kandungan selulosa-nya dan penyeimbang asam dan basa dalam tubuh","sebagai sumber energi, pemanis alami, menjaga sistem imun tubuh, mengoptimalkan kerja protein ",21.0,0.21,analisis_essay,analisis_essay-1
Jelaskan kegunaan karbohidrat untuk tubuh kita.,"Fungsi karbohidrat adalah sebagai pemasok energi, dapat memperlancar proses pada pencernaan, memberikan efek kenyang dengan kandungan selulosa-nya dan penyeimbang asam dan basa dalam tubuh",1. Sebagai energi. 2. Sebagai memperlancaar pencernaan. 3. Sebagai sistem imun. 4. Sebagai cadangan lemak. ,42.0,0.42,analisis_essay,analisis_essay-1
Jelaskan kegunaan karbohidrat untuk tubuh kita.,"Fungsi karbohidrat adalah sebagai pemasok energi, dapat memperlancar proses pada pencernaan, memberikan efek kenyang dengan kandungan selulosa-nya dan penyeimbang asam dan basa dalam tubuh","untuk membuat kenyang, agar tidak lapar, agar kuat dan sehat, dapat melakukan aktivitas ",18.0,0.18,analisis_essay,analisis_essay-1
Jelaskan kegunaan karbohidrat untuk tubuh kita.,"Fungsi karbohidrat adalah sebagai pemasok energi, dapat memperlancar proses pada pencernaan, memberikan efek kenyang dengan kandungan selulosa-nya dan penyeimbang asam dan basa dalam tubuh",Karbohidrat mempunyai peran penting untuk proses metabolisme atau proses yang berfungsi sebagai penyeimbang asam dan basa dalam tubuh. Karbohidrat dapat mencegah terjadinya ketidaksempurnaan proses oksidasi lemak. Fungsi karbohidrat yang utama adalah sebagai pemasok energi. Makanan berkarbohidrat dan serat tinggi dapat membantu memperlancar proses pada pencernaan. ,82.0,0.82,analisis_essay,analisis_essay-1
Jelaskan kegunaan karbohidrat untuk tubuh kita.,"Fungsi karbohidrat adalah sebagai pemasok energi, dapat memperlancar proses pada pencernaan, memberikan efek kenyang dengan kandungan selulosa-nya dan penyeimbang asam dan basa dalam tubuh",1. untuk menjaga sistem imun tubuh 2. untuk proses metabolisme penyeimbang asam dan basa didalam tubuh 3. mencegah terjadinya ketidaksempurnaan untuk proses oksidasi lemak 4. pemasok energi ,47.0,0.47,analisis_essay,analisis_essay-1
Jelaskan kegunaan karbohidrat untuk tubuh kita.,"Fungsi karbohidrat adalah sebagai pemasok energi, dapat memperlancar proses pada pencernaan, memberikan efek kenyang dengan kandungan selulosa-nya dan penyeimbang asam dan basa dalam tubuh",1. untuk menjaga sistem imun tubuh 2. untuk proses metabolisme penyeimbang asam dan basa didalam tubuh 3. mencegah terjadinya ketidaksempurnaan untuk proses oksidasi lemak 4. pemasok energi ,50.0,0.5,analisis_essay,analisis_essay-1
Jelaskan kegunaan karbohidrat untuk tubuh kita.,"Fungsi karbohidrat adalah sebagai pemasok energi, dapat memperlancar proses pada pencernaan, memberikan efek kenyang dengan kandungan selulosa-nya dan penyeimbang asam dan basa dalam tubuh","Menambah energi dalam tubuh, untuk proses metabolisme, memperlancar proses pencernaan, untuk mengoptimalkan kerja protein. ",35.0,0.35,analisis_essay,analisis_essay-1
Jelaskan kegunaan karbohidrat untuk tubuh kita.,"Fungsi karbohidrat adalah sebagai pemasok energi, dapat memperlancar proses pada pencernaan, memberikan efek kenyang dengan kandungan selulosa-nya dan penyeimbang asam dan basa dalam tubuh","kegunaan karbohidrat untuk tubuh kita adalah menambah energi, proses metabolisme dalam tubuh, memperlancar proses pencernaan, dan berfungsi untuk mengoptimalkan kerja protein dalam tubuh. ",48.0,0.48,analisis_essay,analisis_essay-1
Jelaskan kegunaan karbohidrat untuk tubuh kita.,"Fungsi karbohidrat adalah sebagai pemasok energi, dapat memperlancar proses pada pencernaan, memberikan efek kenyang dengan kandungan selulosa-nya dan penyeimbang asam dan basa dalam tubuh",sebagai sumber energi bagi tubuh penghasil gula darah penghasil enzim yang baik bagi lambung menyehatkan usus ,22.0,0.22,analisis_essay,analisis_essay-1
Jelaskan kegunaan karbohidrat untuk tubuh kita.,"Fungsi karbohidrat adalah sebagai pemasok energi, dapat memperlancar proses pada pencernaan, memberikan efek kenyang dengan kandungan selulosa-nya dan penyeimbang asam dan basa dalam tubuh",1. sebagai sumber energi pada tubuh 2. sebagai penghasil gula darah 3. sebagai sumber tenaga 4. sebagai pemenuh kebutuhan tubuh ,28.0,0.28,analisis_essay,analisis_essay-1
Jelaskan kegunaan karbohidrat untuk tubuh kita.,"Fungsi karbohidrat adalah sebagai pemasok energi, dapat memperlancar proses pada pencernaan, memberikan efek kenyang dengan kandungan selulosa-nya dan penyeimbang asam dan basa dalam tubuh","Untuk sumber energi, Untuk pembentuk sel, Sebagai sumber tenaga, Sebagai pembentuk daging ",19.0,0.19,analisis_essay,analisis_essay-1
Jelaskan kegunaan karbohidrat untuk tubuh kita.,"Fungsi karbohidrat adalah sebagai pemasok energi, dapat memperlancar proses pada pencernaan, memberikan efek kenyang dengan kandungan selulosa-nya dan penyeimbang asam dan basa dalam tubuh",1) Kegunaannya untuk memberikan tenaga bagi tubuh kita 2) memberikan energi 3) memberikan lemak 4) memberikan efek kenyang bagi tubuh kita ,52.0,0.52,analisis_essay,analisis_essay-1
Jelaskan kegunaan karbohidrat untuk tubuh kita.,"Fungsi karbohidrat adalah sebagai pemasok energi, dapat memperlancar proses pada pencernaan, memberikan efek kenyang dengan kandungan selulosa-nya dan penyeimbang asam dan basa dalam tubuh",kesehetan pertumbuhan ,3.0,0.03,analisis_essay,analisis_essay-1
Jelaskan kegunaan karbohidrat untuk tubuh kita.,"Fungsi karbohidrat adalah sebagai pemasok energi, dapat memperlancar proses pada pencernaan, memberikan efek kenyang dengan kandungan selulosa-nya dan penyeimbang asam dan basa dalam tubuh","menjaga metabolisme tubuh, menjaga, menjaga stamina tetap stabil, membuat seseorang bergairah, dan menjaga keseimbangan tubuh terutama keasaman tubuh ",13.0,0.13,analisis_essay,analisis_essay-1
Jelaskan kegunaan karbohidrat untuk tubuh kita.,"Fungsi karbohidrat adalah sebagai pemasok energi, dapat memperlancar proses pada pencernaan, memberikan efek kenyang dengan kandungan selulosa-nya dan penyeimbang asam dan basa dalam tubuh",1.Tenaga 2.Energi 3.Makanan 4.Nasi ,13.0,0.13,analisis_essay,analisis_essay-1
Jelaskan kegunaan karbohidrat untuk tubuh kita.,"Fungsi karbohidrat adalah sebagai pemasok energi, dapat memperlancar proses pada pencernaan, memberikan efek kenyang dengan kandungan selulosa-nya dan penyeimbang asam dan basa dalam tubuh",ntuk menambah energ ,12.0,0.12,analisis_essay,analisis_essay-1
Jelaskan kegunaan karbohidrat untuk tubuh kita.,"Fungsi karbohidrat adalah sebagai pemasok energi, dapat memperlancar proses pada pencernaan, memberikan efek kenyang dengan kandungan selulosa-nya dan penyeimbang asam dan basa dalam tubuh","membuat tubuh tahan banting, agar membuat tubuh terlihat bugar, agar badan tidak lemas, agar tetap sehat ",7.0,0.07,analisis_essay,analisis_essay-1
Jelaskan kegunaan karbohidrat untuk tubuh kita.,"Fungsi karbohidrat adalah sebagai pemasok energi, dapat memperlancar proses pada pencernaan, memberikan efek kenyang dengan kandungan selulosa-nya dan penyeimbang asam dan basa dalam tubuh",Sumber tenaga. Sumber kalori. Membentuk massa otot. Memperkuat tulang ,15.0,0.15,analisis_essay,analisis_essay-1
Jelaskan kegunaan karbohidrat untuk tubuh kita.,"Fungsi karbohidrat adalah sebagai pemasok energi, dapat memperlancar proses pada pencernaan, memberikan efek kenyang dengan kandungan selulosa-nya dan penyeimbang asam dan basa dalam tubuh","tenaga, kesehatan, tulang, dan tubuh ",8.0,0.08,analisis_essay,analisis_essay-1
Jelaskan kegunaan karbohidrat untuk tubuh kita.,"Fungsi karbohidrat adalah sebagai pemasok energi, dapat memperlancar proses pada pencernaan, memberikan efek kenyang dengan kandungan selulosa-nya dan penyeimbang asam dan basa dalam tubuh",nutrisi untuk tubuh menambah kekuatan mochi macho ,5.0,0.05,analisis_essay,analisis_essay-1
Jelaskan kegunaan karbohidrat untuk tubuh kita.,"Fungsi karbohidrat adalah sebagai pemasok energi, dapat memperlancar proses pada pencernaan, memberikan efek kenyang dengan kandungan selulosa-nya dan penyeimbang asam dan basa dalam tubuh","sebagai tenaga, untuk mengganjel perut, untuk kesehatan, agar tidak kelaparan ",28.0,0.28,analisis_essay,analisis_essay-1
Jelaskan kegunaan karbohidrat untuk tubuh kita.,"Fungsi karbohidrat adalah sebagai pemasok energi, dapat memperlancar proses pada pencernaan, memberikan efek kenyang dengan kandungan selulosa-nya dan penyeimbang asam dan basa dalam tubuh",1. menambah tenaga ,13.0,0.13,analisis_essay,analisis_essay-1
Jelaskan kegunaan karbohidrat untuk tubuh kita.,"Fungsi karbohidrat adalah sebagai pemasok energi, dapat memperlancar proses pada pencernaan, memberikan efek kenyang dengan kandungan selulosa-nya dan penyeimbang asam dan basa dalam tubuh",mendapat tenaga ,13.0,0.13,analisis_essay,analisis_essay-1
Jelaskan kegunaan karbohidrat untuk tubuh kita.,"Fungsi karbohidrat adalah sebagai pemasok energi, dapat memperlancar proses pada pencernaan, memberikan efek kenyang dengan kandungan selulosa-nya dan penyeimbang asam dan basa dalam tubuh",1. Sumber Energi Tubuh 2. Mengendalikan Berat Badan 3. Karbohidrat untuk Mencegah Penyakit 4. Memelihara Kesehatan Jantung 5. Mendukung Fungsi Pencernaan 6. Meningkatkan Penyerapan Nutrisi 7. Mencegah Kerusakan Jaringan Otot 8. Mengatur Kenaikan Kadar Gula dalam Darah 9. Mencukupi Kebutuhan Fitonutrien 10. Mendukung Fungsi Otak 11. Mengatasi Kecemasan ,57.0,0.57,analisis_essay,analisis_essay-1
Jelaskan kegunaan karbohidrat untuk tubuh kita.,"Fungsi karbohidrat adalah sebagai pemasok energi, dapat memperlancar proses pada pencernaan, memberikan efek kenyang dengan kandungan selulosa-nya dan penyeimbang asam dan basa dalam tubuh",Karbohidrat merupakan salah satu komponen sebagai sumber tenaga dalam tubuh kita ,21.0,0.21,analisis_essay,analisis_essay-1
Jelaskan kegunaan karbohidrat untuk tubuh kita.,"Fungsi karbohidrat adalah sebagai pemasok energi, dapat memperlancar proses pada pencernaan, memberikan efek kenyang dengan kandungan selulosa-nya dan penyeimbang asam dan basa dalam tubuh",Kegunaan karbohidrat: -sumber energi -pengendalian berat badan -pencegahan penyakit ,18.0,0.18,analisis_essay,analisis_essay-1
Jelaskan kegunaan karbohidrat untuk tubuh kita.,"Fungsi karbohidrat adalah sebagai pemasok energi, dapat memperlancar proses pada pencernaan, memberikan efek kenyang dengan kandungan selulosa-nya dan penyeimbang asam dan basa dalam tubuh","Karbohidrat digunakan untuk nutrisi tubuh, sumber energi, sebagai glukosa, dan memberikan tenaga cadangan. ",23.0,0.23,analisis_essay,analisis_essay-1
Jelaskan kegunaan karbohidrat untuk tubuh kita.,"Fungsi karbohidrat adalah sebagai pemasok energi, dapat memperlancar proses pada pencernaan, memberikan efek kenyang dengan kandungan selulosa-nya dan penyeimbang asam dan basa dalam tubuh",karbohidrat sebagai sumber energi bagi tubuh manusia ,19.0,0.19,analisis_essay,analisis_essay-1
Jelaskan kegunaan karbohidrat untuk tubuh kita.,"Fungsi karbohidrat adalah sebagai pemasok energi, dapat memperlancar proses pada pencernaan, memberikan efek kenyang dengan kandungan selulosa-nya dan penyeimbang asam dan basa dalam tubuh",karbohidrat berfungsi sebagai energi bagi tubuh dengan membakar karbohidrat menjadi kalori. ,25.0,0.25,analisis_essay,analisis_essay-1
Jelaskan kegunaan karbohidrat untuk tubuh kita.,"Fungsi karbohidrat adalah sebagai pemasok energi, dapat memperlancar proses pada pencernaan, memberikan efek kenyang dengan kandungan selulosa-nya dan penyeimbang asam dan basa dalam tubuh","Menambah energi, Membuat kenyang, Membuat gemuk. ",32.0,0.32,analisis_essay,analisis_essay-1
Jelaskan kegunaan karbohidrat untuk tubuh kita.,"Fungsi karbohidrat adalah sebagai pemasok energi, dapat memperlancar proses pada pencernaan, memberikan efek kenyang dengan kandungan selulosa-nya dan penyeimbang asam dan basa dalam tubuh",Sebagai sumber energi dalam tubuh kita. ,18.0,0.18,analisis_essay,analisis_essay-1
Jelaskan kegunaan karbohidrat untuk tubuh kita.,"Fungsi karbohidrat adalah sebagai pemasok energi, dapat memperlancar proses pada pencernaan, memberikan efek kenyang dengan kandungan selulosa-nya dan penyeimbang asam dan basa dalam tubuh",sumber energi tubuh mengendalikan berat badan ,15.0,0.15,analisis_essay,analisis_essay-1
Jelaskan kegunaan karbohidrat untuk tubuh kita.,"Fungsi karbohidrat adalah sebagai pemasok energi, dapat memperlancar proses pada pencernaan, memberikan efek kenyang dengan kandungan selulosa-nya dan penyeimbang asam dan basa dalam tubuh",- Sebagai sumber energi tubuh - Mengendalikan Berat Badan. - Karbohidrat untuk mencegah penyakit - Memelihara Kesehatan Jantung - Mendukung fungsi pencernaan - Meningkatkan penyerapan nutrisi - mencegah kerusakan otot - Mengatur kenaikan kadar gula dalam darah - Mencukupi kebutuhan fitonutrien - Mendukung fungsi otak - Mengatasi kecemasan,53.0,0.53,analisis_essay,analisis_essay-1
Jelaskan kegunaan karbohidrat untuk tubuh kita.,"Fungsi karbohidrat adalah sebagai pemasok energi, dapat memperlancar proses pada pencernaan, memberikan efek kenyang dengan kandungan selulosa-nya dan penyeimbang asam dan basa dalam tubuh",sebagai sumber energi dalam tubuh ,18.0,0.18,analisis_essay,analisis_essay-1
Jelaskan kegunaan karbohidrat untuk tubuh kita.,"Fungsi karbohidrat adalah sebagai pemasok energi, dapat memperlancar proses pada pencernaan, memberikan efek kenyang dengan kandungan selulosa-nya dan penyeimbang asam dan basa dalam tubuh",Sebagai energi ,9.0,0.09,analisis_essay,analisis_essay-1
Jelaskan kegunaan karbohidrat untuk tubuh kita.,"Fungsi karbohidrat adalah sebagai pemasok energi, dapat memperlancar proses pada pencernaan, memberikan efek kenyang dengan kandungan selulosa-nya dan penyeimbang asam dan basa dalam tubuh",Kegunaan karbohidrat bagi tubuh adalah sebagai sumber energi bagi tubuh untuk melakukan aktivitas sehari hari. ,23.0,0.23,analisis_essay,analisis_essay-1
Jelaskan kegunaan karbohidrat untuk tubuh kita.,"Fungsi karbohidrat adalah sebagai pemasok energi, dapat memperlancar proses pada pencernaan, memberikan efek kenyang dengan kandungan selulosa-nya dan penyeimbang asam dan basa dalam tubuh","karbohidrat memiliki bermacam-macam manfaat yaitu sebagai sumber energi tubuh, mengendalikan berat badan, mendukung fungsi pencernaan, mengatur kenaikan kadar gula dalam darah dan melancarkan fungsi pencernaan ",58.0,0.58,analisis_essay,analisis_essay-1
Jelaskan kegunaan karbohidrat untuk tubuh kita.,"Fungsi karbohidrat adalah sebagai pemasok energi, dapat memperlancar proses pada pencernaan, memberikan efek kenyang dengan kandungan selulosa-nya dan penyeimbang asam dan basa dalam tubuh",karbohidrat berguna sebagai pemberi energi agar tubuh kita memiliki tenaga dalam melakukan aktivitas sehari - hari. ,24.0,0.24,analisis_essay,analisis_essay-1
Jelaskan kegunaan karbohidrat untuk tubuh kita.,"Fungsi karbohidrat adalah sebagai pemasok energi, dapat memperlancar proses pada pencernaan, memberikan efek kenyang dengan kandungan selulosa-nya dan penyeimbang asam dan basa dalam tubuh","- Mempunyai peran penting untuk proses metabolisme, atau proses yang berfungsi sebagai penyeimbang asam dan basa di dalam tubuh, serta proses untuk membentuk jaringan sel, struktur dan juga organ-organ dalam tubuh. - Karbohidrat dapat mencegah terjadinya ",33.0,0.33,analisis_essay,analisis_essay-1
Jelaskan kegunaan karbohidrat untuk tubuh kita.,"Fungsi karbohidrat adalah sebagai pemasok energi, dapat memperlancar proses pada pencernaan, memberikan efek kenyang dengan kandungan selulosa-nya dan penyeimbang asam dan basa dalam tubuh",kegunaannya adalah sebagai pemasok energi. Dalam 1 gram karbohidrat mampu menghasilkan 4 kkalori yang melalui proses pembakaran kimiawi di dalam tubuh akan menjadi sumber energi. ,26.0,0.26,analisis_essay,analisis_essay-1
Jelaskan kegunaan karbohidrat untuk tubuh kita.,"Fungsi karbohidrat adalah sebagai pemasok energi, dapat memperlancar proses pada pencernaan, memberikan efek kenyang dengan kandungan selulosa-nya dan penyeimbang asam dan basa dalam tubuh",- sumber energi tubuh - Mengendalikan Berat Badan - Karbohidrat untuk mencegah penyakit - Memelihara Kesehatan Jantung - Mendukung fungsi pencernaan - Meningkatkan penyerapan nutrisi - mencegah kerusakan jaringan otot - Mengatur kenaikan kadar gula dalam darah - Mencukupi kebutuhan fitonutrien - Mendukung fungsi otak - Mengatasi kecemasan,54.0,0.54,analisis_essay,analisis_essay-1
Jelaskan kegunaan karbohidrat untuk tubuh kita.,"Fungsi karbohidrat adalah sebagai pemasok energi, dapat memperlancar proses pada pencernaan, memberikan efek kenyang dengan kandungan selulosa-nya dan penyeimbang asam dan basa dalam tubuh",kegunaan karbohidrat adalah sebagai sumber energi bagi tubuh agar bisa melaksanakan aktivitas dengan lancar ,22.0,0.22,analisis_essay,analisis_essay-1
Jelaskan kegunaan karbohidrat untuk tubuh kita.,"Fungsi karbohidrat adalah sebagai pemasok energi, dapat memperlancar proses pada pencernaan, memberikan efek kenyang dengan kandungan selulosa-nya dan penyeimbang asam dan basa dalam tubuh",Mangan ,3.0,0.03,analisis_essay,analisis_essay-1
Jelaskan kegunaan karbohidrat untuk tubuh kita.,"Fungsi karbohidrat adalah sebagai pemasok energi, dapat memperlancar proses pada pencernaan, memberikan efek kenyang dengan kandungan selulosa-nya dan penyeimbang asam dan basa dalam tubuh",Untuk penambah stamina dalam tubuh kita dan untuk pencernaan. ,17.0,0.17,analisis_essay,analisis_essay-1
Jelaskan kegunaan karbohidrat untuk tubuh kita.,"Fungsi karbohidrat adalah sebagai pemasok energi, dapat memperlancar proses pada pencernaan, memberikan efek kenyang dengan kandungan selulosa-nya dan penyeimbang asam dan basa dalam tubuh",untuk menggantikan energi yang sudah terkuras ,15.0,0.15,analisis_essay,analisis_essay-1
Jelaskan kegunaan karbohidrat untuk tubuh kita.,"Fungsi karbohidrat adalah sebagai pemasok energi, dapat memperlancar proses pada pencernaan, memberikan efek kenyang dengan kandungan selulosa-nya dan penyeimbang asam dan basa dalam tubuh",Sebagai sumber energi. ,15.0,0.15,analisis_essay,analisis_essay-1
Jelaskan kegunaan karbohidrat untuk tubuh kita.,"Fungsi karbohidrat adalah sebagai pemasok energi, dapat memperlancar proses pada pencernaan, memberikan efek kenyang dengan kandungan selulosa-nya dan penyeimbang asam dan basa dalam tubuh",karbohidrat untuk tubuh kita berguna untuk sumber tenaga dan sebagai penyuplai energi agar badan selalu merasa segar dan bertenga. ,21.0,0.21,analisis_essay,analisis_essay-1
Jelaskan kegunaan karbohidrat untuk tubuh kita.,"Fungsi karbohidrat adalah sebagai pemasok energi, dapat memperlancar proses pada pencernaan, memberikan efek kenyang dengan kandungan selulosa-nya dan penyeimbang asam dan basa dalam tubuh",Manfaat karbohidrat yang utama yaitu sebagai sumber energi tubuh. ,21.0,0.21,analisis_essay,analisis_essay-1
Jelaskan kegunaan karbohidrat untuk tubuh kita.,"Fungsi karbohidrat adalah sebagai pemasok energi, dapat memperlancar proses pada pencernaan, memberikan efek kenyang dengan kandungan selulosa-nya dan penyeimbang asam dan basa dalam tubuh","agar tubuh menjadi bersemangat dan sehat, kuat ",10.0,0.1,analisis_essay,analisis_essay-1
Jelaskan kegunaan karbohidrat untuk tubuh kita.,"Fungsi karbohidrat adalah sebagai pemasok energi, dapat memperlancar proses pada pencernaan, memberikan efek kenyang dengan kandungan selulosa-nya dan penyeimbang asam dan basa dalam tubuh",karbohidrat untuk menambah energi bagi tubuh kita ,20.0,0.2,analisis_essay,analisis_essay-1
Jelaskan kegunaan karbohidrat untuk tubuh kita.,"Fungsi karbohidrat adalah sebagai pemasok energi, dapat memperlancar proses pada pencernaan, memberikan efek kenyang dengan kandungan selulosa-nya dan penyeimbang asam dan basa dalam tubuh","sebagai asupan yang dapat menambah energi, dan untuk mengatur kestabilan tubuh apabila dikonsumsi tidak berlebihan ",33.0,0.33,analisis_essay,analisis_essay-1
Jelaskan kegunaan karbohidrat untuk tubuh kita.,"Fungsi karbohidrat adalah sebagai pemasok energi, dapat memperlancar proses pada pencernaan, memberikan efek kenyang dengan kandungan selulosa-nya dan penyeimbang asam dan basa dalam tubuh",Untuk suplay energi. ,15.0,0.15,analisis_essay,analisis_essay-1
Jelaskan kegunaan karbohidrat untuk tubuh kita.,"Fungsi karbohidrat adalah sebagai pemasok energi, dapat memperlancar proses pada pencernaan, memberikan efek kenyang dengan kandungan selulosa-nya dan penyeimbang asam dan basa dalam tubuh","Mempunyai peran penting untuk proses metabolisme, atau proses yang berfungsi sebagai penyeimbang asam dan basa di dalam tubuh, serta proses untuk membentuk jaringan sel, struktur dan juga organ-organ dalam tubuh. Karbohidrat dapat mencegah terjadinya ketidaksempurnaan proses oksidasi lemak Fungsi karbohidrat yang utama adalah sebagai pemasok energi. Dalam 1 gram karbohidrat mampu menghasilkan 4 kkalori yang melalui proses pembakaran kimiawi di dalam tubuh akan menjadi sumber energi. ,Makanan ber-karbohidrat dan serat tinggi dapat membantu memperlancar proses pada pencernaan Karena sifat kandungan yang ada dalam karbohidrat yang manis, maka fungsi karbohidrat kali ini adalah sebagai pemanis alami, khususnya dengan kandungan monosakarida dan disakarida Fungsi karbohidrat juga berperan penting untuk mengoptimalkan kerja protein. Karena apabila tubuh mengalami kekurangan asupan karbohidrat, maka protein akan menggantikan fungsi karbohidrat sebagai penghasil energi dan zat pembentuk tubuh. ",79.0,0.79,analisis_essay,analisis_essay-1
Jelaskan kegunaan karbohidrat untuk tubuh kita.,"Fungsi karbohidrat adalah sebagai pemasok energi, dapat memperlancar proses pada pencernaan, memberikan efek kenyang dengan kandungan selulosa-nya dan penyeimbang asam dan basa dalam tubuh",membuat tubuh tidak lapar. ,18.0,0.18,analisis_essay,analisis_essay-1
Jelaskan kegunaan karbohidrat untuk tubuh kita.,"Fungsi karbohidrat adalah sebagai pemasok energi, dapat memperlancar proses pada pencernaan, memberikan efek kenyang dengan kandungan selulosa-nya dan penyeimbang asam dan basa dalam tubuh",karbohidrat berguna untuk menambah energi pada tubuh kita ,20.0,0.2,analisis_essay,analisis_essay-1
Jelaskan kegunaan karbohidrat untuk tubuh kita.,"Fungsi karbohidrat adalah sebagai pemasok energi, dapat memperlancar proses pada pencernaan, memberikan efek kenyang dengan kandungan selulosa-nya dan penyeimbang asam dan basa dalam tubuh",karbohidrak untuk tubuh manusia berguna untuk memberikan energi bagi tubuh kita. ,21.0,0.21,analisis_essay,analisis_essay-1
"Sebutkan 5 manfaat olahraga bagi tubuh. (Termasuk bagi pikiran, otot dan organ tubuh) ",-Mengurangi stress - Membentuk otot tubuh dan mengencangkan otot - Membakar lemak - Menghindarkan dari penyakit - Membuat organ tubuh lebih sehat - Meningkatkan stamina - Menghindari penuaan dini,- Menyehatkan tubuh - Memperkuat otot-otot - Menjernihkan pikiran - Terhindar dari berbagai penyakit - Membentuk Metabolisme tubuh,47.0,0.47,analisis_essay,analisis_essay-11
"Sebutkan 5 manfaat olahraga bagi tubuh. (Termasuk bagi pikiran, otot dan organ tubuh) ",-Mengurangi stress - Membentuk otot tubuh dan mengencangkan otot - Membakar lemak - Menghindarkan dari penyakit - Membuat organ tubuh lebih sehat - Meningkatkan stamina - Menghindari penuaan dini,1. Meringankan Kerja Jantung. 2. Melancarkan Aliran Darah. 3. Mencegah Terjadinya Obesitas. 4. Meningkatkan Pertumbuhan Tulang Dan Gigi. 5. Meningkatkan Sistem Imun ,20.0,0.2,analisis_essay,analisis_essay-11
"Sebutkan 5 manfaat olahraga bagi tubuh. (Termasuk bagi pikiran, otot dan organ tubuh) ",-Mengurangi stress - Membentuk otot tubuh dan mengencangkan otot - Membakar lemak - Menghindarkan dari penyakit - Membuat organ tubuh lebih sehat - Meningkatkan stamina - Menghindari penuaan dini,"refresing, kesehatan otot, syaraf-syaraf mejadi semakit rilexs,pembentukan fisik,kelincahan bergerak ",23.0,0.23,analisis_essay,analisis_essay-11
"Sebutkan 5 manfaat olahraga bagi tubuh. (Termasuk bagi pikiran, otot dan organ tubuh) ",-Mengurangi stress - Membentuk otot tubuh dan mengencangkan otot - Membakar lemak - Menghindarkan dari penyakit - Membuat organ tubuh lebih sehat - Meningkatkan stamina - Menghindari penuaan dini,1. Menjaga kondisi fisik tetap prima. 2. Menghilangkan stress. 3. Mengurangi lemak. 4. Melancarkan sistem pencernaan. 5. Membentuk tubuh ideal. ,28.0,0.28,analisis_essay,analisis_essay-11
"Sebutkan 5 manfaat olahraga bagi tubuh. (Termasuk bagi pikiran, otot dan organ tubuh) ",-Mengurangi stress - Membentuk otot tubuh dan mengencangkan otot - Membakar lemak - Menghindarkan dari penyakit - Membuat organ tubuh lebih sehat - Meningkatkan stamina - Menghindari penuaan dini,sehat ,6.0,0.06,analisis_essay,analisis_essay-11
"Sebutkan 5 manfaat olahraga bagi tubuh. (Termasuk bagi pikiran, otot dan organ tubuh) ",-Mengurangi stress - Membentuk otot tubuh dan mengencangkan otot - Membakar lemak - Menghindarkan dari penyakit - Membuat organ tubuh lebih sehat - Meningkatkan stamina - Menghindari penuaan dini,"Membantu mengontrol berat badan, Meningkatkan energi, Manfaat olahraga dalam mencegah berbagai penyakit, Memelihara kekebalan tubuh, Membantu meningkatkan kecerdasan otak. ",32.0,0.32,analisis_essay,analisis_essay-11
"Sebutkan 5 manfaat olahraga bagi tubuh. (Termasuk bagi pikiran, otot dan organ tubuh) ",-Mengurangi stress - Membentuk otot tubuh dan mengencangkan otot - Membakar lemak - Menghindarkan dari penyakit - Membuat organ tubuh lebih sehat - Meningkatkan stamina - Menghindari penuaan dini,"untuk memperlancar sistem peredaran darah, memberi energi pada tubuh, menghilangkan racun dalam tubuh, serta melatih otot tubuh agar tetap kuat, dan menghilangkan stress ",44.0,0.44,analisis_essay,analisis_essay-11
"Sebutkan 5 manfaat olahraga bagi tubuh. (Termasuk bagi pikiran, otot dan organ tubuh) ",-Mengurangi stress - Membentuk otot tubuh dan mengencangkan otot - Membakar lemak - Menghindarkan dari penyakit - Membuat organ tubuh lebih sehat - Meningkatkan stamina - Menghindari penuaan dini,"Manfaat olahraga untuk kesehatan tubuh kita memang sudah lama terbukti. Latihan olahraga penting tidak hanya penting untuk memelihara kebugaran fisik tetapi juga kesehatan mental. Sekarang daftar efek positif dari olahraga akan bertambah panjang lagi dengan adanya temuan bukti baru dari Daniel M. Landers, profesor ilmu kesehatan fisik dan olahraga dari Univeritas Arizona. Cukup dengan menggerakkan tubuh selama 10 menit setiap hari kesehatan mental kita akan meningkat cepat. Selain itu daya pikir akan bertambah jernih dan yang menggembirakan dapat mengurangi ketegangan alias stress serta membuat perasaan menjadi riang selalu. Menurut Landers ada lima manfaat olahraga yang dapat menyehatkan mental kita. Mari kita simak satu per satu. ",23.0,0.23,analisis_essay,analisis_essay-11
"Sebutkan 5 manfaat olahraga bagi tubuh. (Termasuk bagi pikiran, otot dan organ tubuh) ",-Mengurangi stress - Membentuk otot tubuh dan mengencangkan otot - Membakar lemak - Menghindarkan dari penyakit - Membuat organ tubuh lebih sehat - Meningkatkan stamina - Menghindari penuaan dini,Melancarkan Aliran Darah Meningkatkan Pertumbuhan Tulang Dan Gigi Mencegah Terjadinya Obesitas Menjaga Keseimbangan Tubuh Menjaga Fleksibilitas Otot ,22.0,0.22,analisis_essay,analisis_essay-11
"Sebutkan 5 manfaat olahraga bagi tubuh. (Termasuk bagi pikiran, otot dan organ tubuh) ",-Mengurangi stress - Membentuk otot tubuh dan mengencangkan otot - Membakar lemak - Menghindarkan dari penyakit - Membuat organ tubuh lebih sehat - Meningkatkan stamina - Menghindari penuaan dini,1. Berolahraga akan Meningkatkan Kapasitas Otak Anda 2. Menggerakkan Tubuh Membantu Mencairkan Stres Anda 3. Berolahraga akan Memberikan Energi 4. Tidak Sulit Mencari Waktu Untuk Berolahraga 5. Berolahraga akan Membina Hubungan ,26.0,0.26,analisis_essay,analisis_essay-11
"Sebutkan 5 manfaat olahraga bagi tubuh. (Termasuk bagi pikiran, otot dan organ tubuh) ",-Mengurangi stress - Membentuk otot tubuh dan mengencangkan otot - Membakar lemak - Menghindarkan dari penyakit - Membuat organ tubuh lebih sehat - Meningkatkan stamina - Menghindari penuaan dini,"menjaga kesehatan tulang, menurunkan berat badan, menyahatkan otot, melatih ketahanan tubuh, menjaga kesehatan tulang ",29.0,0.29,analisis_essay,analisis_essay-11
"Sebutkan 5 manfaat olahraga bagi tubuh. (Termasuk bagi pikiran, otot dan organ tubuh) ",-Mengurangi stress - Membentuk otot tubuh dan mengencangkan otot - Membakar lemak - Menghindarkan dari penyakit - Membuat organ tubuh lebih sehat - Meningkatkan stamina - Menghindari penuaan dini,"menjaga metabolisme tubuh,menambah daya ingat otak,melatih tubuh untuk melakukan gerak ",19.0,0.19,analisis_essay,analisis_essay-11
"Sebutkan 5 manfaat olahraga bagi tubuh. (Termasuk bagi pikiran, otot dan organ tubuh) ",-Mengurangi stress - Membentuk otot tubuh dan mengencangkan otot - Membakar lemak - Menghindarkan dari penyakit - Membuat organ tubuh lebih sehat - Meningkatkan stamina - Menghindari penuaan dini,"Menyehatkan jantung,,merampingkan tubuh,mambakar lemak,membuat panjangf umur ",22.0,0.22,analisis_essay,analisis_essay-11
"Sebutkan 5 manfaat olahraga bagi tubuh. (Termasuk bagi pikiran, otot dan organ tubuh) ",-Mengurangi stress - Membentuk otot tubuh dan mengencangkan otot - Membakar lemak - Menghindarkan dari penyakit - Membuat organ tubuh lebih sehat - Meningkatkan stamina - Menghindari penuaan dini,"membuat otot tubuh menjadi rilex, membuat tubuh sehat, membuat otak lebih bersinergi, memperkuat kekebalan tubuh, fisik bisa sesuai dengan idaman. ",29.0,0.29,analisis_essay,analisis_essay-11
"Sebutkan 5 manfaat olahraga bagi tubuh. (Termasuk bagi pikiran, otot dan organ tubuh) ",-Mengurangi stress - Membentuk otot tubuh dan mengencangkan otot - Membakar lemak - Menghindarkan dari penyakit - Membuat organ tubuh lebih sehat - Meningkatkan stamina - Menghindari penuaan dini,1. Untuk menyehatkan badan 2. Supaya terhindar dari berbagai macam penyakit. 3. Membuat badan tetap bugar 4. Membuat otot lebih kuat ,51.0,0.51,analisis_essay,analisis_essay-11
"Sebutkan 5 manfaat olahraga bagi tubuh. (Termasuk bagi pikiran, otot dan organ tubuh) ",-Mengurangi stress - Membentuk otot tubuh dan mengencangkan otot - Membakar lemak - Menghindarkan dari penyakit - Membuat organ tubuh lebih sehat - Meningkatkan stamina - Menghindari penuaan dini,"untuk menyegarkan pikiran , organ tubuh menjadi sehat , otot menjadi kuat , menyehatkan tubuh ",47.0,0.47,analisis_essay,analisis_essay-11
"Sebutkan 5 manfaat olahraga bagi tubuh. (Termasuk bagi pikiran, otot dan organ tubuh) ",-Mengurangi stress - Membentuk otot tubuh dan mengencangkan otot - Membakar lemak - Menghindarkan dari penyakit - Membuat organ tubuh lebih sehat - Meningkatkan stamina - Menghindari penuaan dini,"menjaga kesehatan, menambah daya tahan tubuh, memperbaiki otot yang bermasalah, memperlancar peredaran darah, refresh otak ",66.0,0.66,analisis_essay,analisis_essay-11
"Sebutkan 5 manfaat olahraga bagi tubuh. (Termasuk bagi pikiran, otot dan organ tubuh) ",-Mengurangi stress - Membentuk otot tubuh dan mengencangkan otot - Membakar lemak - Menghindarkan dari penyakit - Membuat organ tubuh lebih sehat - Meningkatkan stamina - Menghindari penuaan dini,-Membuat suasana hati menjadi senang. -Membakar kalori. -Menyehatkan jantung. -Membuat Metabolisme tubuh meningkat. -Merampingkan tubuh.,48.0,0.48,analisis_essay,analisis_essay-11
"Sebutkan 5 manfaat olahraga bagi tubuh. (Termasuk bagi pikiran, otot dan organ tubuh) ",-Mengurangi stress - Membentuk otot tubuh dan mengencangkan otot - Membakar lemak - Menghindarkan dari penyakit - Membuat organ tubuh lebih sehat - Meningkatkan stamina - Menghindari penuaan dini,"Meringankan Kerja Jantung, Melancarkan Aliran Darah, Meningkatkan Pertumbuhan Tulang Dan Gigi, Menjaga Kepadatan Tulang dan Mencegah Terjadinya Obesitas ",12.0,0.12,analisis_essay,analisis_essay-11
"Sebutkan 5 manfaat olahraga bagi tubuh. (Termasuk bagi pikiran, otot dan organ tubuh) ",-Mengurangi stress - Membentuk otot tubuh dan mengencangkan otot - Membakar lemak - Menghindarkan dari penyakit - Membuat organ tubuh lebih sehat - Meningkatkan stamina - Menghindari penuaan dini,"dapat membantu meningkatkat kecerdasan otak, dapat membantu memelihara kekebalan tubuh, membantu menambah energy di dalam tubuh, membantu mencairkan rasa stress, membantu program diet ",28.0,0.28,analisis_essay,analisis_essay-11
"Sebutkan 5 manfaat olahraga bagi tubuh. (Termasuk bagi pikiran, otot dan organ tubuh) ",-Mengurangi stress - Membentuk otot tubuh dan mengencangkan otot - Membakar lemak - Menghindarkan dari penyakit - Membuat organ tubuh lebih sehat - Meningkatkan stamina - Menghindari penuaan dini,1. menjadikan badan kembali bugar 2. pikiran menjadi fresh kembali 3. otot pada tubuh kencang kembali karena digunakan olahraga 4. badan menjadi sehat 5. tidak stress ,43.0,0.43,analisis_essay,analisis_essay-11
"Sebutkan 5 manfaat olahraga bagi tubuh. (Termasuk bagi pikiran, otot dan organ tubuh) ",-Mengurangi stress - Membentuk otot tubuh dan mengencangkan otot - Membakar lemak - Menghindarkan dari penyakit - Membuat organ tubuh lebih sehat - Meningkatkan stamina - Menghindari penuaan dini,"1. untuk menyegargan badan dan pikiran 2. menyehatkan tubuh 3. mengurangi lemak pada tubuh 4. mengeluarkan racun dalam tubuh 5. mengencangkan otot"" ",51.0,0.51,analisis_essay,analisis_essay-11
"Sebutkan 5 manfaat olahraga bagi tubuh. (Termasuk bagi pikiran, otot dan organ tubuh) ",-Mengurangi stress - Membentuk otot tubuh dan mengencangkan otot - Membakar lemak - Menghindarkan dari penyakit - Membuat organ tubuh lebih sehat - Meningkatkan stamina - Menghindari penuaan dini,membantu mengontrol berat badan. membantu meningkatkan mood baik. mencegah berbagai penyakit. meningkatkan enargi. meningkatkan memori. ,45.0,0.45,analisis_essay,analisis_essay-11
"Sebutkan 5 manfaat olahraga bagi tubuh. (Termasuk bagi pikiran, otot dan organ tubuh) ",-Mengurangi stress - Membentuk otot tubuh dan mengencangkan otot - Membakar lemak - Menghindarkan dari penyakit - Membuat organ tubuh lebih sehat - Meningkatkan stamina - Menghindari penuaan dini,"Berolahraga akan Meningkatkan Kapasitas Otak Anda , Menggerakkan Tubuh Membantu Mencairkan Stres Anda , Berolahraga akan Memberikan Energi , Tidak Sulit Mencari Waktu Untuk Berolahraga , Berolahraga akan Membina Hubungan , Berolahraga akan Melawan Penyakit , Berolahraga akan Memompa Jantung Anda Lebih Baik , Berolahraga akan Memperbaiki Diet Anda , Berolahraga Meningkatkan Stamina Anda , Penurunan Berat Badan Bukan Tujuan Utama ",67.0,0.67,analisis_essay,analisis_essay-11
"Sebutkan 5 manfaat olahraga bagi tubuh. (Termasuk bagi pikiran, otot dan organ tubuh) ",-Mengurangi stress - Membentuk otot tubuh dan mengencangkan otot - Membakar lemak - Menghindarkan dari penyakit - Membuat organ tubuh lebih sehat - Meningkatkan stamina - Menghindari penuaan dini,-Membantu mengontrol berat badan -Mencegah berbagai penyakit -Membakar kalori dalam tubuh -meningkatkan kinerja otot -meningkatkan sistem imun,43.0,0.43,analisis_essay,analisis_essay-11
"Sebutkan 5 manfaat olahraga bagi tubuh. (Termasuk bagi pikiran, otot dan organ tubuh) ",-Mengurangi stress - Membentuk otot tubuh dan mengencangkan otot - Membakar lemak - Menghindarkan dari penyakit - Membuat organ tubuh lebih sehat - Meningkatkan stamina - Menghindari penuaan dini,-untuk menyegarkan pikiran -untuk melepas stress karena lingkungan kerja atau sekolah -untuk kesehatan otot tubuh terutama untuk perkembangan otot dan tulang -untuk memelihara kesehatan organ dalam tubuh -menjaga kesehatan jantung,45.0,0.45,analisis_essay,analisis_essay-11
"Sebutkan 5 manfaat olahraga bagi tubuh. (Termasuk bagi pikiran, otot dan organ tubuh) ",-Mengurangi stress - Membentuk otot tubuh dan mengencangkan otot - Membakar lemak - Menghindarkan dari penyakit - Membuat organ tubuh lebih sehat - Meningkatkan stamina - Menghindari penuaan dini,"Lima manfaat olahraga bagi tubuh adalah yakni, - menjadikan tubuh atau badan lebih sehat dan bugar - merengangkan atau merilekskan otot - otot tubuh atau badan yang kaku - menjadikan kinerja organ tubuh lancar termasuk dalam peredaran darah - menjernihkan pikiran dan rilex karena penat dari perkerjaan - menjaga keseimbangan dan menjaga stamina ",30.0,0.3,analisis_essay,analisis_essay-11
"Sebutkan 5 manfaat olahraga bagi tubuh. (Termasuk bagi pikiran, otot dan organ tubuh) ",-Mengurangi stress - Membentuk otot tubuh dan mengencangkan otot - Membakar lemak - Menghindarkan dari penyakit - Membuat organ tubuh lebih sehat - Meningkatkan stamina - Menghindari penuaan dini,"Sebutkan 5 manfaat olahraga bagi tubuh. (Termasuk bagi pikiran, otot dan organ tubuh) ",8.0,0.08,analisis_essay,analisis_essay-11
"Sebutkan 5 manfaat olahraga bagi tubuh. (Termasuk bagi pikiran, otot dan organ tubuh) ",-Mengurangi stress - Membentuk otot tubuh dan mengencangkan otot - Membakar lemak - Menghindarkan dari penyakit - Membuat organ tubuh lebih sehat - Meningkatkan stamina - Menghindari penuaan dini,"pikiran menjadi fresh, otot terlatih dengan baik, otot menjadi kuat, badan segar, pencernaan lebih terjaga. ",23.0,0.23,analisis_essay,analisis_essay-11
"Sebutkan 5 manfaat olahraga bagi tubuh. (Termasuk bagi pikiran, otot dan organ tubuh) ",-Mengurangi stress - Membentuk otot tubuh dan mengencangkan otot - Membakar lemak - Menghindarkan dari penyakit - Membuat organ tubuh lebih sehat - Meningkatkan stamina - Menghindari penuaan dini,"Segar, Sehat, Bugar, Bertenaga, Tidak mudah lemas. ",12.0,0.12,analisis_essay,analisis_essay-11
"Sebutkan 5 manfaat olahraga bagi tubuh. (Termasuk bagi pikiran, otot dan organ tubuh) ",-Mengurangi stress - Membentuk otot tubuh dan mengencangkan otot - Membakar lemak - Menghindarkan dari penyakit - Membuat organ tubuh lebih sehat - Meningkatkan stamina - Menghindari penuaan dini,-meningkatkan pembentukan otot tubuh. -menjadikan kulit lebih sehat dan cerah. -meningkatkan daya ingat otak. -tubuh menjadi lebih bugar dan kuat. -mental juga menjadi lebih kuat dan terlatih.,31.0,0.31,analisis_essay,analisis_essay-11
"Sebutkan 5 manfaat olahraga bagi tubuh. (Termasuk bagi pikiran, otot dan organ tubuh) ",-Mengurangi stress - Membentuk otot tubuh dan mengencangkan otot - Membakar lemak - Menghindarkan dari penyakit - Membuat organ tubuh lebih sehat - Meningkatkan stamina - Menghindari penuaan dini,- Menyehatkan tubuh - mengisi waktu luang - mebuat pikiran menjadi segar dan fresh - melatih seluruh bagian otot,29.0,0.29,analisis_essay,analisis_essay-11
"Sebutkan 5 manfaat olahraga bagi tubuh. (Termasuk bagi pikiran, otot dan organ tubuh) ",-Mengurangi stress - Membentuk otot tubuh dan mengencangkan otot - Membakar lemak - Menghindarkan dari penyakit - Membuat organ tubuh lebih sehat - Meningkatkan stamina - Menghindari penuaan dini,- merefresh pikiran - menambah stamina kita - meregangkan otot agar tidak mudah cidera - baik untuk diet - Membentuk tubuh sesuai keinginan,41.0,0.41,analisis_essay,analisis_essay-11
"Sebutkan 5 manfaat olahraga bagi tubuh. (Termasuk bagi pikiran, otot dan organ tubuh) ",-Mengurangi stress - Membentuk otot tubuh dan mengencangkan otot - Membakar lemak - Menghindarkan dari penyakit - Membuat organ tubuh lebih sehat - Meningkatkan stamina - Menghindari penuaan dini,- Membakar kolesterol - menguatkan otot - menyegarkan badan - menyegarkan pikiran - Mencegah penyakit,55.0,0.55,analisis_essay,analisis_essay-11
"Sebutkan 5 manfaat olahraga bagi tubuh. (Termasuk bagi pikiran, otot dan organ tubuh) ",-Mengurangi stress - Membentuk otot tubuh dan mengencangkan otot - Membakar lemak - Menghindarkan dari penyakit - Membuat organ tubuh lebih sehat - Meningkatkan stamina - Menghindari penuaan dini,-Sebagai anti struk -agar tubuh sehat -agar fikiran fresh,13.0,0.13,analisis_essay,analisis_essay-11
"Sebutkan 5 manfaat olahraga bagi tubuh. (Termasuk bagi pikiran, otot dan organ tubuh) ",-Mengurangi stress - Membentuk otot tubuh dan mengencangkan otot - Membakar lemak - Menghindarkan dari penyakit - Membuat organ tubuh lebih sehat - Meningkatkan stamina - Menghindari penuaan dini,- meningkatkan daya tahan tubuh - meningkatkan kemampuan otak - Membakar lemak - mengurangi stres - Mencegah penuaan dini,68.0,0.68,analisis_essay,analisis_essay-11
"Sebutkan 5 manfaat olahraga bagi tubuh. (Termasuk bagi pikiran, otot dan organ tubuh) ",-Mengurangi stress - Membentuk otot tubuh dan mengencangkan otot - Membakar lemak - Menghindarkan dari penyakit - Membuat organ tubuh lebih sehat - Meningkatkan stamina - Menghindari penuaan dini,- Menggerakkan tubuh Membantu Mencairkan stres Anda - Berolahraga akan meningkatkan Kapasitas otak Anda - Menggerakkan tubuh Membantu Mencairkan stres Anda - Berolahraga akan Memberikan Energi - Berolahraga akan Memompa jantung Anda lebih baik,50.0,0.5,analisis_essay,analisis_essay-11
"Sebutkan 5 manfaat olahraga bagi tubuh. (Termasuk bagi pikiran, otot dan organ tubuh) ",-Mengurangi stress - Membentuk otot tubuh dan mengencangkan otot - Membakar lemak - Menghindarkan dari penyakit - Membuat organ tubuh lebih sehat - Meningkatkan stamina - Menghindari penuaan dini,-memfokuskan pikiran -Membentuk otot agar semakin kencang -organ dalam akan terlatih -sisa sisa pembakaran yang tidak berguna akan bisa di keluarkan melalui keringat jika Berolahraga -Membuat kita semakin sehat,30.0,0.3,analisis_essay,analisis_essay-11
"Sebutkan 5 manfaat olahraga bagi tubuh. (Termasuk bagi pikiran, otot dan organ tubuh) ",-Mengurangi stress - Membentuk otot tubuh dan mengencangkan otot - Membakar lemak - Menghindarkan dari penyakit - Membuat organ tubuh lebih sehat - Meningkatkan stamina - Menghindari penuaan dini,- Berolahraga akan meningkatkan Kapasitas otak Anda - Menggerakkan tubuh Membantu Mencairkan stres Anda - Berolahraga akan Memberikan Energi - tidak Sulit Mencari waktu untuk Berolahraga - Berolahraga akan Membina Hubungan,40.0,0.4,analisis_essay,analisis_essay-11
"Sebutkan 5 manfaat olahraga bagi tubuh. (Termasuk bagi pikiran, otot dan organ tubuh) ",-Mengurangi stress - Membentuk otot tubuh dan mengencangkan otot - Membakar lemak - Menghindarkan dari penyakit - Membuat organ tubuh lebih sehat - Meningkatkan stamina - Menghindari penuaan dini,"membantu meningkatan kecerdasaan otak,membantu memelihara kekebalan tubuh,membantu menambah energy didalam tubuh,dengan berolahraga dapat membantu mencairkan rasa stress,dapat membantu program diet ",46.0,0.46,analisis_essay,analisis_essay-11
"Sebutkan 5 manfaat olahraga bagi tubuh. (Termasuk bagi pikiran, otot dan organ tubuh) ",-Mengurangi stress - Membentuk otot tubuh dan mengencangkan otot - Membakar lemak - Menghindarkan dari penyakit - Membuat organ tubuh lebih sehat - Meningkatkan stamina - Menghindari penuaan dini,- Membuat tubuh yang lebih sehat - memiliki daya tahan tubuh yang baik - jantung menjadi lebih stabil - pikiran menjadi lebih rileks - otot tubuh menjadi lebih lemas tidak kaku,52.0,0.52,analisis_essay,analisis_essay-11
"Sebutkan 5 manfaat olahraga bagi tubuh. (Termasuk bagi pikiran, otot dan organ tubuh) ",-Mengurangi stress - Membentuk otot tubuh dan mengencangkan otot - Membakar lemak - Menghindarkan dari penyakit - Membuat organ tubuh lebih sehat - Meningkatkan stamina - Menghindari penuaan dini,- Menyehatkan jantung - Membuat Metabolisme tubuh meningkat - menormalkan tekanan darah - Membakar kalori di dalam tubuh - menormalkan kadar kolesterol di dalam tubuh,31.0,0.31,analisis_essay,analisis_essay-11
"Sebutkan 5 manfaat olahraga bagi tubuh. (Termasuk bagi pikiran, otot dan organ tubuh) ",-Mengurangi stress - Membentuk otot tubuh dan mengencangkan otot - Membakar lemak - Menghindarkan dari penyakit - Membuat organ tubuh lebih sehat - Meningkatkan stamina - Menghindari penuaan dini,-Menyehatkan jantung -Membuat Metabolisme tubuh meningkat -Merampingkan tubuh -menormalkan tekanan darah -Membakar kalori dalam tubuh,42.0,0.42,analisis_essay,analisis_essay-11
"Sebutkan 5 manfaat olahraga bagi tubuh. (Termasuk bagi pikiran, otot dan organ tubuh) ",-Mengurangi stress - Membentuk otot tubuh dan mengencangkan otot - Membakar lemak - Menghindarkan dari penyakit - Membuat organ tubuh lebih sehat - Meningkatkan stamina - Menghindari penuaan dini,"membuat suasan hati menjadi senang, menyehatkan jantung, menjaga metabolisme tubuh, menjaga fleksibilitas otot, menyehatkan paru-paru ",29.0,0.29,analisis_essay,analisis_essay-11
"Sebutkan 5 manfaat olahraga bagi tubuh. (Termasuk bagi pikiran, otot dan organ tubuh) ",-Mengurangi stress - Membentuk otot tubuh dan mengencangkan otot - Membakar lemak - Menghindarkan dari penyakit - Membuat organ tubuh lebih sehat - Meningkatkan stamina - Menghindari penuaan dini,-menjadi lebih sehat -terhindah dari penyakit -pikiran lebih jernih -punya banyak teman -otot lebih terbentuk,28.0,0.28,analisis_essay,analisis_essay-11
"Sebutkan 5 manfaat olahraga bagi tubuh. (Termasuk bagi pikiran, otot dan organ tubuh) ",-Mengurangi stress - Membentuk otot tubuh dan mengencangkan otot - Membakar lemak - Menghindarkan dari penyakit - Membuat organ tubuh lebih sehat - Meningkatkan stamina - Menghindari penuaan dini,"Menyehatkan badan, menyegarkan fikiran, melenturkan otot, menyegarkan organ tubuh, melancarkan peredaran darah. ",32.0,0.32,analisis_essay,analisis_essay-11
"Sebutkan 5 manfaat olahraga bagi tubuh. (Termasuk bagi pikiran, otot dan organ tubuh) ",-Mengurangi stress - Membentuk otot tubuh dan mengencangkan otot - Membakar lemak - Menghindarkan dari penyakit - Membuat organ tubuh lebih sehat - Meningkatkan stamina - Menghindari penuaan dini,"menyegarkan kita dalam berfikir, menyehatkan badan , melatih otot tubuh, membuat masa otot bertambah, melatih tubuh kita agar tidak mudah lemah lesu ",33.0,0.33,analisis_essay,analisis_essay-11
"Sebutkan 5 manfaat olahraga bagi tubuh. (Termasuk bagi pikiran, otot dan organ tubuh) ",-Mengurangi stress - Membentuk otot tubuh dan mengencangkan otot - Membakar lemak - Menghindarkan dari penyakit - Membuat organ tubuh lebih sehat - Meningkatkan stamina - Menghindari penuaan dini,-Membantu mengontrol berat badan -Olahraga Membantu meningkatkan mood -Manfaat Olahraga dalam Mencegah berbagai penyakit -meningkatkan Energi -meningkatkan memori,45.0,0.45,analisis_essay,analisis_essay-11
"Sebutkan 5 manfaat olahraga bagi tubuh. (Termasuk bagi pikiran, otot dan organ tubuh) ",-Mengurangi stress - Membentuk otot tubuh dan mengencangkan otot - Membakar lemak - Menghindarkan dari penyakit - Membuat organ tubuh lebih sehat - Meningkatkan stamina - Menghindari penuaan dini,- agar tubuh sehat - otot tidak tegang - saraf pada otak biar bekerja - peredaran darah lancar - kuat,21.0,0.21,analisis_essay,analisis_essay-11
"Sebutkan 5 manfaat olahraga bagi tubuh. (Termasuk bagi pikiran, otot dan organ tubuh) ",-Mengurangi stress - Membentuk otot tubuh dan mengencangkan otot - Membakar lemak - Menghindarkan dari penyakit - Membuat organ tubuh lebih sehat - Meningkatkan stamina - Menghindari penuaan dini,"menyehatkan tubuh , menguatkan otot tubuh , menyegarkan pikiran , membuat tubuh semangat , bisa menjadi pola hidup sehat ",41.0,0.41,analisis_essay,analisis_essay-11
"Sebutkan 5 manfaat olahraga bagi tubuh. (Termasuk bagi pikiran, otot dan organ tubuh) ",-Mengurangi stress - Membentuk otot tubuh dan mengencangkan otot - Membakar lemak - Menghindarkan dari penyakit - Membuat organ tubuh lebih sehat - Meningkatkan stamina - Menghindari penuaan dini,merefresh pikiran. melancarkan pernafasan. menjaga sirkulasi darah. menyehatkan jantung dan paru paru. ,19.0,0.19,analisis_essay,analisis_essay-11
"Sebutkan 5 manfaat olahraga bagi tubuh. (Termasuk bagi pikiran, otot dan organ tubuh) ",-Mengurangi stress - Membentuk otot tubuh dan mengencangkan otot - Membakar lemak - Menghindarkan dari penyakit - Membuat organ tubuh lebih sehat - Meningkatkan stamina - Menghindari penuaan dini,"menyegarkan, menyehatkan, agar sehat dan bugar, merefresh otak, membuat keadaan menjadi stabil ",22.0,0.22,analisis_essay,analisis_essay-11
"Sebutkan 5 manfaat olahraga bagi tubuh. (Termasuk bagi pikiran, otot dan organ tubuh) ",-Mengurangi stress - Membentuk otot tubuh dan mengencangkan otot - Membakar lemak - Menghindarkan dari penyakit - Membuat organ tubuh lebih sehat - Meningkatkan stamina - Menghindari penuaan dini,Menyegarkan pikiran menyegarkan otot relaksasi otot menyehatkan organ tubuh menyeimbangkan sistem dalam tubuh ,43.0,0.43,analisis_essay,analisis_essay-11
"Sebutkan 5 manfaat olahraga bagi tubuh. (Termasuk bagi pikiran, otot dan organ tubuh) ",-Mengurangi stress - Membentuk otot tubuh dan mengencangkan otot - Membakar lemak - Menghindarkan dari penyakit - Membuat organ tubuh lebih sehat - Meningkatkan stamina - Menghindari penuaan dini,membantu encerdaskan otak. memelihara kekebalan tubuh. membantu menambah energi dalam tubuh. mengurangi stress. membantu progam diet. ,48.0,0.48,analisis_essay,analisis_essay-11
"Sebutkan 5 manfaat olahraga bagi tubuh. (Termasuk bagi pikiran, otot dan organ tubuh) ",-Mengurangi stress - Membentuk otot tubuh dan mengencangkan otot - Membakar lemak - Menghindarkan dari penyakit - Membuat organ tubuh lebih sehat - Meningkatkan stamina - Menghindari penuaan dini,1. menambah kebugaran 2. kesehatan 3. membentuk otot 4. menjernihkan pikiran 5. sehat luar dalam ,45.0,0.45,analisis_essay,analisis_essay-11
"Sebutkan 5 manfaat olahraga bagi tubuh. (Termasuk bagi pikiran, otot dan organ tubuh) ",-Mengurangi stress - Membentuk otot tubuh dan mengencangkan otot - Membakar lemak - Menghindarkan dari penyakit - Membuat organ tubuh lebih sehat - Meningkatkan stamina - Menghindari penuaan dini,-sehat -tidak gampang lelah -tidak gampang sakit -baik untuk kesehatan -pikiran segar,26.0,0.26,analisis_essay,analisis_essay-11
"Jelaskan fungsi partai politik, berkaitan dengan kekuasaan pemerintahan. (Usahakan jawab dalam 2-4 kalimat) ","Partai politik sebagai organisasi resmi untuk menyalurkan aspirasi masyarakat. Partai politik memiliki kekuatan politik, serta ikut menentukan proses pembentukan kekuasaan pemerintah secara legal (diakui hukum) juga mempunyai hak beraktifitas merebut dan mempertahankan kekuasaan politik.",1. Untuk memperkenalkan nilai-nilai politik 2. Membawa warga Negara agar aktif dalam kegiatan politik 3. Komunikasi Politik 4. Untuk menghimpun aspirasi masyarakat ,45.0,0.45,analisis_essay,analisis_essay-21
"Jelaskan fungsi partai politik, berkaitan dengan kekuasaan pemerintahan. (Usahakan jawab dalam 2-4 kalimat) ","Partai politik sebagai organisasi resmi untuk menyalurkan aspirasi masyarakat. Partai politik memiliki kekuatan politik, serta ikut menentukan proses pembentukan kekuasaan pemerintah secara legal (diakui hukum) juga mempunyai hak beraktifitas merebut dan mempertahankan kekuasaan politik.",1. sebagai sarana komunikasi politik 2. sebagai sarana sosialisasi politik 3. sebagai sarana rekrutmen politik 4. sebagai sarana artikulasi kepentingan 5. Sarana Pengatur Konflik ,55.0,0.55,analisis_essay,analisis_essay-21
"Jelaskan fungsi partai politik, berkaitan dengan kekuasaan pemerintahan. (Usahakan jawab dalam 2-4 kalimat) ","Partai politik sebagai organisasi resmi untuk menyalurkan aspirasi masyarakat. Partai politik memiliki kekuatan politik, serta ikut menentukan proses pembentukan kekuasaan pemerintah secara legal (diakui hukum) juga mempunyai hak beraktifitas merebut dan mempertahankan kekuasaan politik.","sebagai penyalur aspirasi rakyat, sebagai tempat pel=milihan presiden ",26.0,0.26,analisis_essay,analisis_essay-21
"Jelaskan fungsi partai politik, berkaitan dengan kekuasaan pemerintahan. (Usahakan jawab dalam 2-4 kalimat) ","Partai politik sebagai organisasi resmi untuk menyalurkan aspirasi masyarakat. Partai politik memiliki kekuatan politik, serta ikut menentukan proses pembentukan kekuasaan pemerintah secara legal (diakui hukum) juga mempunyai hak beraktifitas merebut dan mempertahankan kekuasaan politik.",Untuk mengaspirasikan suara rakyat indonesia. ,21.0,0.21,analisis_essay,analisis_essay-21
"Jelaskan fungsi partai politik, berkaitan dengan kekuasaan pemerintahan. (Usahakan jawab dalam 2-4 kalimat) ","Partai politik sebagai organisasi resmi untuk menyalurkan aspirasi masyarakat. Partai politik memiliki kekuatan politik, serta ikut menentukan proses pembentukan kekuasaan pemerintah secara legal (diakui hukum) juga mempunyai hak beraktifitas merebut dan mempertahankan kekuasaan politik.","1.Cara untuk memperkenalkan nilai-nilai politik, sikap-sikap dan etika politik yang berlaku atau yang dianut oleh suatu Negara . 2. Parpol juga melayani masyarakat ",30.0,0.3,analisis_essay,analisis_essay-21
"Jelaskan fungsi partai politik, berkaitan dengan kekuasaan pemerintahan. (Usahakan jawab dalam 2-4 kalimat) ","Partai politik sebagai organisasi resmi untuk menyalurkan aspirasi masyarakat. Partai politik memiliki kekuatan politik, serta ikut menentukan proses pembentukan kekuasaan pemerintah secara legal (diakui hukum) juga mempunyai hak beraktifitas merebut dan mempertahankan kekuasaan politik.",Yang dimaksud fungsi partai politik sebagai sarana komunikasi politik.Partai politik menjalankan tugas menyalurkan berbagai pendapat dan aspirasi masyarakat kepada pemerintah. ,56.0,0.56,analisis_essay,analisis_essay-21
"Jelaskan fungsi partai politik, berkaitan dengan kekuasaan pemerintahan. (Usahakan jawab dalam 2-4 kalimat) ","Partai politik sebagai organisasi resmi untuk menyalurkan aspirasi masyarakat. Partai politik memiliki kekuatan politik, serta ikut menentukan proses pembentukan kekuasaan pemerintah secara legal (diakui hukum) juga mempunyai hak beraktifitas merebut dan mempertahankan kekuasaan politik.",partai politik berfungsi sebagai sarana menghimpun aspirasi masyarkat.serta sebagai komunikasi terhadap pemerintah ,48.0,0.48,analisis_essay,analisis_essay-21
"Jelaskan fungsi partai politik, berkaitan dengan kekuasaan pemerintahan. (Usahakan jawab dalam 2-4 kalimat) ","Partai politik sebagai organisasi resmi untuk menyalurkan aspirasi masyarakat. Partai politik memiliki kekuatan politik, serta ikut menentukan proses pembentukan kekuasaan pemerintah secara legal (diakui hukum) juga mempunyai hak beraktifitas merebut dan mempertahankan kekuasaan politik.","Fungsi partai politik sebagai jembatan merupakan fungsi yang sangat penting, karena di satu pihak kebijaksanaan pemerintah perlu dijelaskan kepada seluruh lapisan masyarakat dan di pihak lain pemerintah harus tanggap terhadap tuntutan masyarakat. ",31.0,0.31,analisis_essay,analisis_essay-21
"Jelaskan fungsi partai politik, berkaitan dengan kekuasaan pemerintahan. (Usahakan jawab dalam 2-4 kalimat) ","Partai politik sebagai organisasi resmi untuk menyalurkan aspirasi masyarakat. Partai politik memiliki kekuatan politik, serta ikut menentukan proses pembentukan kekuasaan pemerintah secara legal (diakui hukum) juga mempunyai hak beraktifitas merebut dan mempertahankan kekuasaan politik.","fungsi partai dalam politik adalah sebagai wadah dari seorang pejabat untuk mempromosikan dirinya, selain itu tempat dimana untuk mengangkat sipejabat tersebut ",23.0,0.23,analisis_essay,analisis_essay-21
"Jelaskan fungsi partai politik, berkaitan dengan kekuasaan pemerintahan. (Usahakan jawab dalam 2-4 kalimat) ","Partai politik sebagai organisasi resmi untuk menyalurkan aspirasi masyarakat. Partai politik memiliki kekuatan politik, serta ikut menentukan proses pembentukan kekuasaan pemerintah secara legal (diakui hukum) juga mempunyai hak beraktifitas merebut dan mempertahankan kekuasaan politik.","fungsi partai politik sebagai wadah bagi masyarakat yang ingin mencalonkan diri sebagai wakil rakyat, dan jika telah terpilih ia akan menjadi wakil dari masyarakat untuk mengutarakan aspirasi yang ada. ",44.0,0.44,analisis_essay,analisis_essay-21
"Jelaskan fungsi partai politik, berkaitan dengan kekuasaan pemerintahan. (Usahakan jawab dalam 2-4 kalimat) ","Partai politik sebagai organisasi resmi untuk menyalurkan aspirasi masyarakat. Partai politik memiliki kekuatan politik, serta ikut menentukan proses pembentukan kekuasaan pemerintah secara legal (diakui hukum) juga mempunyai hak beraktifitas merebut dan mempertahankan kekuasaan politik.",Partai politik merupakan suatu badan yang membantu pencalonan baik kepala pemerintahan maupun dewan. Partai politik ini yang membimbing dan mencalonkan kepala pemerintahan hingga dilantik sesuai dengan keyakinan partai politik tersebut ,31.0,0.31,analisis_essay,analisis_essay-21
"Jelaskan fungsi partai politik, berkaitan dengan kekuasaan pemerintahan. (Usahakan jawab dalam 2-4 kalimat) ","Partai politik sebagai organisasi resmi untuk menyalurkan aspirasi masyarakat. Partai politik memiliki kekuatan politik, serta ikut menentukan proses pembentukan kekuasaan pemerintah secara legal (diakui hukum) juga mempunyai hak beraktifitas merebut dan mempertahankan kekuasaan politik.","a. pendidikan politik bagi anggota dan masyarakat luas agar menjadi warga negara Indonesia yang sadar akan hak dan kewajibannya dalam kehidupan bermasyarakat, berbangsa, dan bernegara b. penciptaan iklim yang kondusif bagi persatuan dan kesatuan bangsa Indonesia untuk kesejahteraan masyarakat c. penyerap, penghimpun, dan penyalur aspirasi politik masyarakat dalam merumuskan dan menetapkan kebijakan negara; d. partisipasi politik warga negara Indonesia ",53.0,0.53,analisis_essay,analisis_essay-21
"Jelaskan fungsi partai politik, berkaitan dengan kekuasaan pemerintahan. (Usahakan jawab dalam 2-4 kalimat) ","Partai politik sebagai organisasi resmi untuk menyalurkan aspirasi masyarakat. Partai politik memiliki kekuatan politik, serta ikut menentukan proses pembentukan kekuasaan pemerintah secara legal (diakui hukum) juga mempunyai hak beraktifitas merebut dan mempertahankan kekuasaan politik.","membantu negara, mengatasi politik dalam negeri, dan menjaga kekuasaan tetap stabil di dalam negeri. ",29.0,0.29,analisis_essay,analisis_essay-21
"Jelaskan fungsi partai politik, berkaitan dengan kekuasaan pemerintahan. (Usahakan jawab dalam 2-4 kalimat) ","Partai politik sebagai organisasi resmi untuk menyalurkan aspirasi masyarakat. Partai politik memiliki kekuatan politik, serta ikut menentukan proses pembentukan kekuasaan pemerintah secara legal (diakui hukum) juga mempunyai hak beraktifitas merebut dan mempertahankan kekuasaan politik.",fungsi partai politik adalah untuk mengajukan beberapa kandidatnya untuk diajukan kepada pemerintahan yang haqiqi. ,28.0,0.28,analisis_essay,analisis_essay-21
"Jelaskan fungsi partai politik, berkaitan dengan kekuasaan pemerintahan. (Usahakan jawab dalam 2-4 kalimat) ","Partai politik sebagai organisasi resmi untuk menyalurkan aspirasi masyarakat. Partai politik memiliki kekuatan politik, serta ikut menentukan proses pembentukan kekuasaan pemerintah secara legal (diakui hukum) juga mempunyai hak beraktifitas merebut dan mempertahankan kekuasaan politik.",fungsi paratai politik untuk membantu pemerintahan dalam melakukan tugas-tugasnya ,27.0,0.27,analisis_essay,analisis_essay-21
"Jelaskan fungsi partai politik, berkaitan dengan kekuasaan pemerintahan. (Usahakan jawab dalam 2-4 kalimat) ","Partai politik sebagai organisasi resmi untuk menyalurkan aspirasi masyarakat. Partai politik memiliki kekuatan politik, serta ikut menentukan proses pembentukan kekuasaan pemerintah secara legal (diakui hukum) juga mempunyai hak beraktifitas merebut dan mempertahankan kekuasaan politik.",mengisi setiap kuota kursi dpr pada pemerintah ,9.0,0.09,analisis_essay,analisis_essay-21
"Jelaskan fungsi partai politik, berkaitan dengan kekuasaan pemerintahan. (Usahakan jawab dalam 2-4 kalimat) ","Partai politik sebagai organisasi resmi untuk menyalurkan aspirasi masyarakat. Partai politik memiliki kekuatan politik, serta ikut menentukan proses pembentukan kekuasaan pemerintah secara legal (diakui hukum) juga mempunyai hak beraktifitas merebut dan mempertahankan kekuasaan politik.","-Fungsi Sosialisasi politik, ketika seseorang sudah mampu menilai keputusan dan tindakannya. -Fungsi Mobilisasi politik, adalah Fungsi partai untuk membawa warga Negara kedalam kehidupan publik. -Fungsi Refresentasi politik adalah partai politik yang ikut pemilihan umum dan memenangkan sejumlah suara akan menempatkan wakilnya dalam parlemen. -Fungsi Partisipasi politik adalah dimana tugas partai politik untuk membawa warga Negara agar aktif dalam kegiatan politik.",54.0,0.54,analisis_essay,analisis_essay-21
"Jelaskan fungsi partai politik, berkaitan dengan kekuasaan pemerintahan. (Usahakan jawab dalam 2-4 kalimat) ","Partai politik sebagai organisasi resmi untuk menyalurkan aspirasi masyarakat. Partai politik memiliki kekuatan politik, serta ikut menentukan proses pembentukan kekuasaan pemerintah secara legal (diakui hukum) juga mempunyai hak beraktifitas merebut dan mempertahankan kekuasaan politik.","1.pendidikan politik bagi anggota dan masyarakat luas agar mencari warga negara indonesia, 2.menciptakan iklim yang kondusif bagi persatuan dan kesatuan, 3.menyalurkan aspirasi politik dalam masyarakan luas, 4.rekruitmen politik dalam proses pengisian jabatan ",57.0,0.57,analisis_essay,analisis_essay-21
"Jelaskan fungsi partai politik, berkaitan dengan kekuasaan pemerintahan. (Usahakan jawab dalam 2-4 kalimat) ","Partai politik sebagai organisasi resmi untuk menyalurkan aspirasi masyarakat. Partai politik memiliki kekuatan politik, serta ikut menentukan proses pembentukan kekuasaan pemerintah secara legal (diakui hukum) juga mempunyai hak beraktifitas merebut dan mempertahankan kekuasaan politik.","fungsi partai politik adalah sebagai stabilisator dalam melaksanakan kepemerintahan, dalam kehidupan berbegara partai politik sangat berperan penting dalam pengambilan keputusan dalam sebuah rapart kenegaraan. partai politik juga menjadi pondasi negara untuk melakukan kegiatan demokrasi , sosial , dan politik di negara tersebut. ",48.0,0.48,analisis_essay,analisis_essay-21
"Jelaskan fungsi partai politik, berkaitan dengan kekuasaan pemerintahan. (Usahakan jawab dalam 2-4 kalimat) ","Partai politik sebagai organisasi resmi untuk menyalurkan aspirasi masyarakat. Partai politik memiliki kekuatan politik, serta ikut menentukan proses pembentukan kekuasaan pemerintah secara legal (diakui hukum) juga mempunyai hak beraktifitas merebut dan mempertahankan kekuasaan politik.",menyejahterakan masyarakat ,9.0,0.09,analisis_essay,analisis_essay-21
"Jelaskan fungsi partai politik, berkaitan dengan kekuasaan pemerintahan. (Usahakan jawab dalam 2-4 kalimat) ","Partai politik sebagai organisasi resmi untuk menyalurkan aspirasi masyarakat. Partai politik memiliki kekuatan politik, serta ikut menentukan proses pembentukan kekuasaan pemerintah secara legal (diakui hukum) juga mempunyai hak beraktifitas merebut dan mempertahankan kekuasaan politik.","Peran sebagai mediator antara konstituennya ( masyarakat pada umnya) untuk menyalurkan aspirasi mereka kepada suprastruktur politik. Peran ini dilakukan melalui tindakan aktualisasi, yakni mengemas aspirasi tersebut secara nyata, menyatakannya diharpkan dapat membuat kebijakan-kebijakan yang sesuai dengan aspirasi masyarakat tersebut. Bentuk peran tersebut dapat saja dengan mengaktifkan fungsi-fungsi tersebut di atas secara nyata ( aksinya), seperti aksi-aksi partisipasi politik yang beraneka ragam dimensi dan intensitansya, kegiatan komunikasi politik, kampanye menjelang pemilu, dll. Atas dasar keterkaitan antara fungsi dan peran tersebutlah, banyak pendapat yang tidak membedakan antara peran dan fungsi parpol, tetapi menyatukannya sebagai rangkaian yang tidak terpisahkan satu dengan yang lain. ",48.0,0.48,analisis_essay,analisis_essay-21
"Jelaskan fungsi partai politik, berkaitan dengan kekuasaan pemerintahan. (Usahakan jawab dalam 2-4 kalimat) ","Partai politik sebagai organisasi resmi untuk menyalurkan aspirasi masyarakat. Partai politik memiliki kekuatan politik, serta ikut menentukan proses pembentukan kekuasaan pemerintah secara legal (diakui hukum) juga mempunyai hak beraktifitas merebut dan mempertahankan kekuasaan politik.","Sebagai jembatan merupakan fungsi yang sangat penting, karena di satu pihak kebijaksanaan pemerintah perlu dijelaskan kepada seluruh lapisan masyarakat dan di pihak lain pemerintah harus tanggap terhadap tuntutan masyarakat. Sebagai media atau perantara antara rakyat dengan pemerintah. Fungsi tersebut dilaksanakan dengan mendengarkan, menggabungkan, dan merumuskan aspirasi yang berasal dari masyarakat, lalu dituangkan dalam bentuk program partai. Perumusan dalam bentuk program tersebut mencerminkan inti dari aspirasi yang berasal dari masyarakat untuk diperjuangkan dalam proses pembuatan kebijaksanaan umum. Apabila fungsi ini tidak dapat terlaksana, maka akibatnya aspirasi dan kepentingan masyarakat akan hilang, atau bahkan dapat memunculkan konflik kepentingan antara masyarakat dengan pemerintah. Dengan demikian, partai politik menjadi penyalur aspirasi yang datang dari bawah (masyarakat). ",49.0,0.49,analisis_essay,analisis_essay-21
"Jelaskan fungsi partai politik, berkaitan dengan kekuasaan pemerintahan. (Usahakan jawab dalam 2-4 kalimat) ","Partai politik sebagai organisasi resmi untuk menyalurkan aspirasi masyarakat. Partai politik memiliki kekuatan politik, serta ikut menentukan proses pembentukan kekuasaan pemerintah secara legal (diakui hukum) juga mempunyai hak beraktifitas merebut dan mempertahankan kekuasaan politik.",Partai Politik merupakan suatu organisasi yang mengusung calon wakil rakyat dari partai masing-masing ,22.0,0.22,analisis_essay,analisis_essay-21
"Jelaskan fungsi partai politik, berkaitan dengan kekuasaan pemerintahan. (Usahakan jawab dalam 2-4 kalimat) ","Partai politik sebagai organisasi resmi untuk menyalurkan aspirasi masyarakat. Partai politik memiliki kekuatan politik, serta ikut menentukan proses pembentukan kekuasaan pemerintah secara legal (diakui hukum) juga mempunyai hak beraktifitas merebut dan mempertahankan kekuasaan politik.","Fungsi partai politik dalam pemerintahan adalah untuk mempermudah jalannya pemerintahan dimana dengan adanya partai politik diharapkan jika terjadi perbedaan pendapat antara perwakilan dari masing-masing partai politik, akan lebih mudah untuk mengenalinya sesuai dengan tujuan, misi, dan visi dari masing-masing partai politik. ",44.0,0.44,analisis_essay,analisis_essay-21
"Jelaskan fungsi partai politik, berkaitan dengan kekuasaan pemerintahan. (Usahakan jawab dalam 2-4 kalimat) ","Partai politik sebagai organisasi resmi untuk menyalurkan aspirasi masyarakat. Partai politik memiliki kekuatan politik, serta ikut menentukan proses pembentukan kekuasaan pemerintah secara legal (diakui hukum) juga mempunyai hak beraktifitas merebut dan mempertahankan kekuasaan politik.","Menurut saya, fungsi dari partai politik sebagai suatu perwakilan rakyat dan pelaksana dari tugas tugas dari pemerintahan didalam pemerintahan dalam konteks keuasaan pemerintahan partai politik sebagai pendukung pemerintahan yang sedang berlangsung. Sehingga partai politik yang tidak cuma terdiri dari satu partai politik namun beberapa partai memiliki hak dan kewajiban dalam suatu pemerintahan dan pendukung pemerintahan tersebut. ",42.0,0.42,analisis_essay,analisis_essay-21
"Jelaskan fungsi partai politik, berkaitan dengan kekuasaan pemerintahan. (Usahakan jawab dalam 2-4 kalimat) ","Partai politik sebagai organisasi resmi untuk menyalurkan aspirasi masyarakat. Partai politik memiliki kekuatan politik, serta ikut menentukan proses pembentukan kekuasaan pemerintah secara legal (diakui hukum) juga mempunyai hak beraktifitas merebut dan mempertahankan kekuasaan politik.",bertanggung jawab mengelola dan menyejahterakan masyarakat. ,10.0,0.1,analisis_essay,analisis_essay-21
"Jelaskan fungsi partai politik, berkaitan dengan kekuasaan pemerintahan. (Usahakan jawab dalam 2-4 kalimat) ","Partai politik sebagai organisasi resmi untuk menyalurkan aspirasi masyarakat. Partai politik memiliki kekuatan politik, serta ikut menentukan proses pembentukan kekuasaan pemerintah secara legal (diakui hukum) juga mempunyai hak beraktifitas merebut dan mempertahankan kekuasaan politik.","partai politik yang terpilih melalui pemilu, bertanggung jawab mengelola dan menyejahterakan semua golongan masyarakat dan menjaga tatanan aparatur negara sesuai perundang-undangan yang berlaku. ",26.0,0.26,analisis_essay,analisis_essay-21
"Jelaskan fungsi partai politik, berkaitan dengan kekuasaan pemerintahan. (Usahakan jawab dalam 2-4 kalimat) ","Partai politik sebagai organisasi resmi untuk menyalurkan aspirasi masyarakat. Partai politik memiliki kekuatan politik, serta ikut menentukan proses pembentukan kekuasaan pemerintah secara legal (diakui hukum) juga mempunyai hak beraktifitas merebut dan mempertahankan kekuasaan politik.","Tidak ada fungsinya, karena asal orang bekerja dengan jujur pasti fungsi negara akan berjalan dengan baik. ",8.0,0.08,analisis_essay,analisis_essay-21
"Jelaskan fungsi partai politik, berkaitan dengan kekuasaan pemerintahan. (Usahakan jawab dalam 2-4 kalimat) ","Partai politik sebagai organisasi resmi untuk menyalurkan aspirasi masyarakat. Partai politik memiliki kekuatan politik, serta ikut menentukan proses pembentukan kekuasaan pemerintah secara legal (diakui hukum) juga mempunyai hak beraktifitas merebut dan mempertahankan kekuasaan politik.","Partai Politik ialah suatu organisasi ketatanegaraan, mengenai pemerintahan. Partai Politik juga sebagai sarana untuk menampung aspirasi rakyat, meanmpung segala permasalahan negeri. Juga sebagai sarana seseorang yang ingin menjadi wakil rakyat. ",45.0,0.45,analisis_essay,analisis_essay-21
"Jelaskan fungsi partai politik, berkaitan dengan kekuasaan pemerintahan. (Usahakan jawab dalam 2-4 kalimat) ","Partai politik sebagai organisasi resmi untuk menyalurkan aspirasi masyarakat. Partai politik memiliki kekuatan politik, serta ikut menentukan proses pembentukan kekuasaan pemerintah secara legal (diakui hukum) juga mempunyai hak beraktifitas merebut dan mempertahankan kekuasaan politik.",- untuk mencari calon pemimpin yang berkualitas,7.0,0.07,analisis_essay,analisis_essay-21
"Jelaskan fungsi partai politik, berkaitan dengan kekuasaan pemerintahan. (Usahakan jawab dalam 2-4 kalimat) ","Partai politik sebagai organisasi resmi untuk menyalurkan aspirasi masyarakat. Partai politik memiliki kekuatan politik, serta ikut menentukan proses pembentukan kekuasaan pemerintah secara legal (diakui hukum) juga mempunyai hak beraktifitas merebut dan mempertahankan kekuasaan politik.",Untuk mencari dan mempertahankan kekuasaan guna melaksanakan atau mewujudkan program - program yang telah mereka susun sesuai dengan ideologi tertentu. ,29.0,0.29,analisis_essay,analisis_essay-21
"Jelaskan fungsi partai politik, berkaitan dengan kekuasaan pemerintahan. (Usahakan jawab dalam 2-4 kalimat) ","Partai politik sebagai organisasi resmi untuk menyalurkan aspirasi masyarakat. Partai politik memiliki kekuatan politik, serta ikut menentukan proses pembentukan kekuasaan pemerintah secara legal (diakui hukum) juga mempunyai hak beraktifitas merebut dan mempertahankan kekuasaan politik.",Fungsi partai politik yang berkaitan dengan kekuasaan pemerintahan adalah untuk mengatur kekuasaan pemerintahan. ,42.0,0.42,analisis_essay,analisis_essay-21
"Jelaskan fungsi partai politik, berkaitan dengan kekuasaan pemerintahan. (Usahakan jawab dalam 2-4 kalimat) ","Partai politik sebagai organisasi resmi untuk menyalurkan aspirasi masyarakat. Partai politik memiliki kekuatan politik, serta ikut menentukan proses pembentukan kekuasaan pemerintah secara legal (diakui hukum) juga mempunyai hak beraktifitas merebut dan mempertahankan kekuasaan politik.",1. Politik sebagai jembatan antara masyarakat dengan pemerintah 2. Politik sebagai penampung aspirasai masyarakat ,44.0,0.44,analisis_essay,analisis_essay-21
"Jelaskan fungsi partai politik, berkaitan dengan kekuasaan pemerintahan. (Usahakan jawab dalam 2-4 kalimat) ","Partai politik sebagai organisasi resmi untuk menyalurkan aspirasi masyarakat. Partai politik memiliki kekuatan politik, serta ikut menentukan proses pembentukan kekuasaan pemerintah secara legal (diakui hukum) juga mempunyai hak beraktifitas merebut dan mempertahankan kekuasaan politik.",Fungsi partai politik adalah sebagai awal dari penjembatan masyarakat terhadap pemerintah. Dimana anggota partai politik yang berasal dari masyarakat dikader sebagai calon dari pemimpin negara yang berkedudukan di pemerintahan baik itu di pusat maupun di daerah. Politik juga berfungsi sebagai taktik untuk mengatur masyarakat yang ada dalam pemerintahan tersebut. ,50.0,0.5,analisis_essay,analisis_essay-21
"Jelaskan fungsi partai politik, berkaitan dengan kekuasaan pemerintahan. (Usahakan jawab dalam 2-4 kalimat) ","Partai politik sebagai organisasi resmi untuk menyalurkan aspirasi masyarakat. Partai politik memiliki kekuatan politik, serta ikut menentukan proses pembentukan kekuasaan pemerintah secara legal (diakui hukum) juga mempunyai hak beraktifitas merebut dan mempertahankan kekuasaan politik.","Partai politik antara lain berfungsi sebagai sarana pendidikan politik bagi anggota dan masyarakat luas, penciptaan suasana yang kondusif bagi persatuan dan kesatuan bangsa Indonesia untuk kesejahteraan masyarakat, sarana partisipasi politik warga negara Indonesia, rekrutmen politik dalam proses pengisian jabatan politik melalui mekanisme demokrasi dengan memperhatikan kesetaraan dan keadilan gender. ",45.0,0.45,analisis_essay,analisis_essay-21
"Jelaskan fungsi partai politik, berkaitan dengan kekuasaan pemerintahan. (Usahakan jawab dalam 2-4 kalimat) ","Partai politik sebagai organisasi resmi untuk menyalurkan aspirasi masyarakat. Partai politik memiliki kekuatan politik, serta ikut menentukan proses pembentukan kekuasaan pemerintah secara legal (diakui hukum) juga mempunyai hak beraktifitas merebut dan mempertahankan kekuasaan politik.",partai politik berfungsi sebagai sarana politik bagi masyarakat dan bagi anggotanya. juga mewakili suara masyarakat ke pemerintahan. partai politik juga akan membuat negara lebih baik karena akan membuat solusi dari permasalahan negara. ,40.0,0.4,analisis_essay,analisis_essay-21
"Jelaskan fungsi partai politik, berkaitan dengan kekuasaan pemerintahan. (Usahakan jawab dalam 2-4 kalimat) ","Partai politik sebagai organisasi resmi untuk menyalurkan aspirasi masyarakat. Partai politik memiliki kekuatan politik, serta ikut menentukan proses pembentukan kekuasaan pemerintah secara legal (diakui hukum) juga mempunyai hak beraktifitas merebut dan mempertahankan kekuasaan politik.",Sarana bagi masyarakat untuk ikut membangun negara melalui pemerintahan untuk lebih baik. :* ,23.0,0.23,analisis_essay,analisis_essay-21
"Jelaskan fungsi partai politik, berkaitan dengan kekuasaan pemerintahan. (Usahakan jawab dalam 2-4 kalimat) ","Partai politik sebagai organisasi resmi untuk menyalurkan aspirasi masyarakat. Partai politik memiliki kekuatan politik, serta ikut menentukan proses pembentukan kekuasaan pemerintah secara legal (diakui hukum) juga mempunyai hak beraktifitas merebut dan mempertahankan kekuasaan politik.",partai politik adalah organisasi yang bersifat nasional dab dibentuk oleh sekelompok warga indonesia secara sukarela atas dasar kesamaan kehendak dan cita - cita negara ,28.0,0.28,analisis_essay,analisis_essay-21
"Jelaskan fungsi partai politik, berkaitan dengan kekuasaan pemerintahan. (Usahakan jawab dalam 2-4 kalimat) ","Partai politik sebagai organisasi resmi untuk menyalurkan aspirasi masyarakat. Partai politik memiliki kekuatan politik, serta ikut menentukan proses pembentukan kekuasaan pemerintah secara legal (diakui hukum) juga mempunyai hak beraktifitas merebut dan mempertahankan kekuasaan politik.",partai politik sebagai sarana komunikasi politik adalah partai politik menjalankan tugas menyalurkan berbagai pendapat dan aspirasi masyarakat kepada pemerintah. dengan mengumpulkan samua pendapat maupun aspirasi-aspirasi masyarakat dan diseleksi untuk diserahkan kepada pemerintah. ,49.0,0.49,analisis_essay,analisis_essay-21
"Jelaskan fungsi partai politik, berkaitan dengan kekuasaan pemerintahan. (Usahakan jawab dalam 2-4 kalimat) ","Partai politik sebagai organisasi resmi untuk menyalurkan aspirasi masyarakat. Partai politik memiliki kekuatan politik, serta ikut menentukan proses pembentukan kekuasaan pemerintah secara legal (diakui hukum) juga mempunyai hak beraktifitas merebut dan mempertahankan kekuasaan politik.","Partai politik sebagai lahan mencari kekuasaan. Terkadang juga digunakan untuk memperkaya dirinya sendiri. Partai politik hanya sekitar 40% yang memang serius ingin mensejahterakan masyarakat tetapi jika sudah berhasil, para politikus sudah lupa akan janji yang sudah mereka berikan kepada masyarakat. ",55.0,0.55,analisis_essay,analisis_essay-21
"Jelaskan fungsi partai politik, berkaitan dengan kekuasaan pemerintahan. (Usahakan jawab dalam 2-4 kalimat) ","Partai politik sebagai organisasi resmi untuk menyalurkan aspirasi masyarakat. Partai politik memiliki kekuatan politik, serta ikut menentukan proses pembentukan kekuasaan pemerintah secara legal (diakui hukum) juga mempunyai hak beraktifitas merebut dan mempertahankan kekuasaan politik.",fungsi partai politik adalah sebagai pendukung pemerintah dalam menangani semua masalah negara ,30.0,0.3,analisis_essay,analisis_essay-21
"Jelaskan fungsi partai politik, berkaitan dengan kekuasaan pemerintahan. (Usahakan jawab dalam 2-4 kalimat) ","Partai politik sebagai organisasi resmi untuk menyalurkan aspirasi masyarakat. Partai politik memiliki kekuatan politik, serta ikut menentukan proses pembentukan kekuasaan pemerintah secara legal (diakui hukum) juga mempunyai hak beraktifitas merebut dan mempertahankan kekuasaan politik.",Fungsi dari partai politik itu dalam kekuasaan pemerintahan untuk mengatur suatu negara menjadi lebih baik dari masa kemasa sehingga menajdi negara yang maju ,44.0,0.44,analisis_essay,analisis_essay-21
"Jelaskan fungsi partai politik, berkaitan dengan kekuasaan pemerintahan. (Usahakan jawab dalam 2-4 kalimat) ","Partai politik sebagai organisasi resmi untuk menyalurkan aspirasi masyarakat. Partai politik memiliki kekuatan politik, serta ikut menentukan proses pembentukan kekuasaan pemerintah secara legal (diakui hukum) juga mempunyai hak beraktifitas merebut dan mempertahankan kekuasaan politik.",Untuk berkumpulnya anggota ploitik ,7.0,0.07,analisis_essay,analisis_essay-21
"Jelaskan fungsi partai politik, berkaitan dengan kekuasaan pemerintahan. (Usahakan jawab dalam 2-4 kalimat) ","Partai politik sebagai organisasi resmi untuk menyalurkan aspirasi masyarakat. Partai politik memiliki kekuatan politik, serta ikut menentukan proses pembentukan kekuasaan pemerintah secara legal (diakui hukum) juga mempunyai hak beraktifitas merebut dan mempertahankan kekuasaan politik.",Partai politik berfungsi sebagai media pendukung maupun jembatan antara pemerintahan dengan rakyat. ,22.0,0.22,analisis_essay,analisis_essay-21
"Jelaskan fungsi partai politik, berkaitan dengan kekuasaan pemerintahan. (Usahakan jawab dalam 2-4 kalimat) ","Partai politik sebagai organisasi resmi untuk menyalurkan aspirasi masyarakat. Partai politik memiliki kekuatan politik, serta ikut menentukan proses pembentukan kekuasaan pemerintah secara legal (diakui hukum) juga mempunyai hak beraktifitas merebut dan mempertahankan kekuasaan politik.","fungsi partai politik dalam pemerintahan adalah sebagai wadah dalam kita sebagai warga negara menyampaikan aspirasi dan pendapat dalam ikatan partai ,dan adanya partai politik juga dapat berguna membantu dalam pemilihan kepala daerah maupun presiden. ",44.0,0.44,analisis_essay,analisis_essay-21
"Jelaskan fungsi partai politik, berkaitan dengan kekuasaan pemerintahan. (Usahakan jawab dalam 2-4 kalimat) ","Partai politik sebagai organisasi resmi untuk menyalurkan aspirasi masyarakat. Partai politik memiliki kekuatan politik, serta ikut menentukan proses pembentukan kekuasaan pemerintah secara legal (diakui hukum) juga mempunyai hak beraktifitas merebut dan mempertahankan kekuasaan politik.",sebagai tiang penegak negera ,7.0,0.07,analisis_essay,analisis_essay-21
"Jelaskan fungsi partai politik, berkaitan dengan kekuasaan pemerintahan. (Usahakan jawab dalam 2-4 kalimat) ","Partai politik sebagai organisasi resmi untuk menyalurkan aspirasi masyarakat. Partai politik memiliki kekuatan politik, serta ikut menentukan proses pembentukan kekuasaan pemerintah secara legal (diakui hukum) juga mempunyai hak beraktifitas merebut dan mempertahankan kekuasaan politik.",untuk menyatukan kebersamaan masyarakat ,9.0,0.09,analisis_essay,analisis_essay-21
"Jelaskan fungsi partai politik, berkaitan dengan kekuasaan pemerintahan. (Usahakan jawab dalam 2-4 kalimat) ","Partai politik sebagai organisasi resmi untuk menyalurkan aspirasi masyarakat. Partai politik memiliki kekuatan politik, serta ikut menentukan proses pembentukan kekuasaan pemerintah secara legal (diakui hukum) juga mempunyai hak beraktifitas merebut dan mempertahankan kekuasaan politik.",partai politik sebagai jembatan untuk seseorang memasuki pemerintahan dan sebagai tiang pemerintahan ,19.0,0.19,analisis_essay,analisis_essay-21
"Jelaskan fungsi partai politik, berkaitan dengan kekuasaan pemerintahan. (Usahakan jawab dalam 2-4 kalimat) ","Partai politik sebagai organisasi resmi untuk menyalurkan aspirasi masyarakat. Partai politik memiliki kekuatan politik, serta ikut menentukan proses pembentukan kekuasaan pemerintah secara legal (diakui hukum) juga mempunyai hak beraktifitas merebut dan mempertahankan kekuasaan politik.",partai politik digunakan untuk memberikan calon pemilik kursi dalam sebuah pemilu. biasanya partai politik yang sudah mempunyai nama besar di kalangan masyarakat memberikan calon legislatif yang berkualitas. tapi tidak menutup kemungkinan partai politik yang belum mempunyai nama besar tidak bisa mendapat tempat di wakil rakyat ,31.0,0.31,analisis_essay,analisis_essay-21
"Jelaskan fungsi partai politik, berkaitan dengan kekuasaan pemerintahan. (Usahakan jawab dalam 2-4 kalimat) ","Partai politik sebagai organisasi resmi untuk menyalurkan aspirasi masyarakat. Partai politik memiliki kekuatan politik, serta ikut menentukan proses pembentukan kekuasaan pemerintah secara legal (diakui hukum) juga mempunyai hak beraktifitas merebut dan mempertahankan kekuasaan politik.",Partai politik sebagai wadah aspirasi masyarakat untuk menyalurkan calon-calon pemimpin terutama dalam kepemimpinan negara. Mengusung calon-calon pemimpin bangsa melalui pemilihan dan kampanye. Dengan adanya partai politik maka akan terpilih bibit individual yang di usung untuk menjadi calon pemimpin. ,29.0,0.29,analisis_essay,analisis_essay-21
"Jelaskan fungsi partai politik, berkaitan dengan kekuasaan pemerintahan. (Usahakan jawab dalam 2-4 kalimat) ","Partai politik sebagai organisasi resmi untuk menyalurkan aspirasi masyarakat. Partai politik memiliki kekuatan politik, serta ikut menentukan proses pembentukan kekuasaan pemerintah secara legal (diakui hukum) juga mempunyai hak beraktifitas merebut dan mempertahankan kekuasaan politik.","1. Fungsi Partai politik yaitu sebagai wadah masyarakat dalam berpolitik, berdemokrasi dalam sistem pemerintahan, dan sebagai tolak ukur keberhasilan politik di sistem pemerintahan ",28.0,0.28,analisis_essay,analisis_essay-21
"Jelaskan fungsi partai politik, berkaitan dengan kekuasaan pemerintahan. (Usahakan jawab dalam 2-4 kalimat) ","Partai politik sebagai organisasi resmi untuk menyalurkan aspirasi masyarakat. Partai politik memiliki kekuatan politik, serta ikut menentukan proses pembentukan kekuasaan pemerintah secara legal (diakui hukum) juga mempunyai hak beraktifitas merebut dan mempertahankan kekuasaan politik.","sebagai sarana Pendidikan Politik bagi anggota dan masyarakat luas agar menjadi warga Negara Indonesia yang sadar akan hak dan kewajibannya dalam kehidupan bermasyarakat, berbangsa dan bernegara. Penyerap, penghimpun, dan penyalur aspirasi politik masyarakat dalam merumuskan dan menetapkan kebijakan Negara. dan menciptaan iklim yang kondusif bagi persatuan dan kesatuan bangsa Indonesia untuk kesejahteraan masyarakat. ",52.0,0.52,analisis_essay,analisis_essay-21
"Jelaskan fungsi partai politik, berkaitan dengan kekuasaan pemerintahan. (Usahakan jawab dalam 2-4 kalimat) ","Partai politik sebagai organisasi resmi untuk menyalurkan aspirasi masyarakat. Partai politik memiliki kekuatan politik, serta ikut menentukan proses pembentukan kekuasaan pemerintah secara legal (diakui hukum) juga mempunyai hak beraktifitas merebut dan mempertahankan kekuasaan politik.",partai politik kekuasaan dibawah presiden ,10.0,0.1,analisis_essay,analisis_essay-21
"Jelaskan fungsi partai politik, berkaitan dengan kekuasaan pemerintahan. (Usahakan jawab dalam 2-4 kalimat) ","Partai politik sebagai organisasi resmi untuk menyalurkan aspirasi masyarakat. Partai politik memiliki kekuatan politik, serta ikut menentukan proses pembentukan kekuasaan pemerintah secara legal (diakui hukum) juga mempunyai hak beraktifitas merebut dan mempertahankan kekuasaan politik.",masa depan pemerintahan ,7.0,0.07,analisis_essay,analisis_essay-21
Apa yang dimaksud dengan komputer? (Jawab dalam 1-3 kalimat) ,Komputer adalah rangkaian mesin elektronik yang dapat bekerja sama. Sistem ini digunakan untuk memudahkan pekerjaan manusia. Komputer bekerja otomatis berdasarkan urutan instruksi atau program yang diberikan.,"Komputer adalah serangkaian ataupun sekelompok mesin elektronik yang terdiri dari ribuan bahkan jutaan komponen yang dapat saling bekerja sama, serta membentuk sebuah sistem kerja yang rapi dan teliti. Sistem ini kemudian dapat digunakan untuk melaksanakan serangkaian pekerjaan secara otomatis, berdasar urutan instruksi ataupun program yang diberikan kepadanya. ",77.0,0.77,analisis_essay,analisis_essay-31
Apa yang dimaksud dengan komputer? (Jawab dalam 1-3 kalimat) ,Komputer adalah rangkaian mesin elektronik yang dapat bekerja sama. Sistem ini digunakan untuk memudahkan pekerjaan manusia. Komputer bekerja otomatis berdasarkan urutan instruksi atau program yang diberikan.,komputer adalah mesin penghitung ,12.0,0.12,analisis_essay,analisis_essay-31
Apa yang dimaksud dengan komputer? (Jawab dalam 1-3 kalimat) ,Komputer adalah rangkaian mesin elektronik yang dapat bekerja sama. Sistem ini digunakan untuk memudahkan pekerjaan manusia. Komputer bekerja otomatis berdasarkan urutan instruksi atau program yang diberikan.,mesin yang membantu manusia untuk menjalankan segara pekerjaan ,25.0,0.25,analisis_essay,analisis_essay-31
Apa yang dimaksud dengan komputer? (Jawab dalam 1-3 kalimat) ,Komputer adalah rangkaian mesin elektronik yang dapat bekerja sama. Sistem ini digunakan untuk memudahkan pekerjaan manusia. Komputer bekerja otomatis berdasarkan urutan instruksi atau program yang diberikan.,"Komputer adalah alat komputasi yang diciptakan untuk menghitung tambah, kurang, kali, bagi. ",11.0,0.11,analisis_essay,analisis_essay-31
Apa yang dimaksud dengan komputer? (Jawab dalam 1-3 kalimat) ,Komputer adalah rangkaian mesin elektronik yang dapat bekerja sama. Sistem ini digunakan untuk memudahkan pekerjaan manusia. Komputer bekerja otomatis berdasarkan urutan instruksi atau program yang diberikan.,alat untuk memudahkan masnusia ,11.0,0.11,analisis_essay,analisis_essay-31
Apa yang dimaksud dengan komputer? (Jawab dalam 1-3 kalimat) ,Komputer adalah rangkaian mesin elektronik yang dapat bekerja sama. Sistem ini digunakan untuk memudahkan pekerjaan manusia. Komputer bekerja otomatis berdasarkan urutan instruksi atau program yang diberikan.,"Komputer adalah alat yang dipakai untuk mengolah data menurut prosedur yang telah dirumuskan. Kata computer pada awalnya dipergunakan untuk menggambarkan orang yang perkerjaannya melakukan perhitungan aritmatika, dengan atau tanpa alat bantu, tetapi arti kata ini kemudian dipindahkan kepada mesin itu sendiri. Asal mulanya, pengolahan informasi hampir eksklusif berhubungan dengan masalah aritmetika, tetapi komputer modern dipakai untuk banyak tugas yang tidak berhubungan dengan matematika. ",25.0,0.25,analisis_essay,analisis_essay-31
Apa yang dimaksud dengan komputer? (Jawab dalam 1-3 kalimat) ,Komputer adalah rangkaian mesin elektronik yang dapat bekerja sama. Sistem ini digunakan untuk memudahkan pekerjaan manusia. Komputer bekerja otomatis berdasarkan urutan instruksi atau program yang diberikan.,komputer merupakan alat untuk mengolah data. melakukan perhitungan aritmatika dan melakukan segala pekerjaan yang dapat memudahkan manusia ,43.0,0.43,analisis_essay,analisis_essay-31
Apa yang dimaksud dengan komputer? (Jawab dalam 1-3 kalimat) ,Komputer adalah rangkaian mesin elektronik yang dapat bekerja sama. Sistem ini digunakan untuk memudahkan pekerjaan manusia. Komputer bekerja otomatis berdasarkan urutan instruksi atau program yang diberikan.,"Komputer adalah alat yang dipakai untuk mengolah data menurut prosedur yang telah dirumuskan. Kata computer pada awalnya dipergunakan untuk menggambarkan orang yang perkerjaannya melakukan perhitungan aritmatika, dengan atau tanpa alat bantu, tetapi arti kata ini kemudian dipindahkan kepada mesin itu sendiri. ",29.0,0.29,analisis_essay,analisis_essay-31
Apa yang dimaksud dengan komputer? (Jawab dalam 1-3 kalimat) ,Komputer adalah rangkaian mesin elektronik yang dapat bekerja sama. Sistem ini digunakan untuk memudahkan pekerjaan manusia. Komputer bekerja otomatis berdasarkan urutan instruksi atau program yang diberikan.,"Komputer adalah alat yang dipakai untuk mengolah data menurut prosedur yang telah dirumuskan. Kata computer pada awalnya dipergunakan untuk menggambarkan orang yang perkerjaannya melakukan perhitungan aritmatika, dengan atau tanpa alat bantu, tetapi arti kata ini kemudian dipindahkan kepada mesin itu sendiri. ",29.0,0.29,analisis_essay,analisis_essay-31
Apa yang dimaksud dengan komputer? (Jawab dalam 1-3 kalimat) ,Komputer adalah rangkaian mesin elektronik yang dapat bekerja sama. Sistem ini digunakan untuk memudahkan pekerjaan manusia. Komputer bekerja otomatis berdasarkan urutan instruksi atau program yang diberikan.,"Komputer adalah serangkaian ataupun sekelompok mesin elektronik yang terdiri dari ribuan bahkan jutaan komponen yang dapat saling bekerja sama, serta membentuk sebuah sistem kerja yang rapi dan teliti. Sistem ini kemudian dapat digunakan untuk melaksanakan serangkaian pekerjaan secara otomatis, berdasar urutan instruksi ataupun program yang diberikan kepadanya. ",60.0,0.6,analisis_essay,analisis_essay-31
Apa yang dimaksud dengan komputer? (Jawab dalam 1-3 kalimat) ,Komputer adalah rangkaian mesin elektronik yang dapat bekerja sama. Sistem ini digunakan untuk memudahkan pekerjaan manusia. Komputer bekerja otomatis berdasarkan urutan instruksi atau program yang diberikan.,"Komputer adalah alat yang dipakai untuk mengolah data menurut prosedur yang telah dirumuskan. Kata komputer pada awalnya dipergunakan untuk menggambarkan orang yang perkerjaannya melakukan perhitungan aritmatika, dengan atau tanpa alat bantu, tetapi arti kata ini kemudian dipindahkan kepada mesin itu sendiri ",39.0,0.39,analisis_essay,analisis_essay-31
Apa yang dimaksud dengan komputer? (Jawab dalam 1-3 kalimat) ,Komputer adalah rangkaian mesin elektronik yang dapat bekerja sama. Sistem ini digunakan untuk memudahkan pekerjaan manusia. Komputer bekerja otomatis berdasarkan urutan instruksi atau program yang diberikan.,alat yang dipakai untuk mengolah data menurut prosedur yang telah dirumuskan ,25.0,0.25,analisis_essay,analisis_essay-31
Apa yang dimaksud dengan komputer? (Jawab dalam 1-3 kalimat) ,Komputer adalah rangkaian mesin elektronik yang dapat bekerja sama. Sistem ini digunakan untuk memudahkan pekerjaan manusia. Komputer bekerja otomatis berdasarkan urutan instruksi atau program yang diberikan.,komputer adalah barang elektronik pintar yang semakin tahun dikembangkan dengan menambahkan banyak fitur dan komponen tambahan yang kemudian disatu padukan menjadi bentuk. ,19.0,0.19,analisis_essay,analisis_essay-31
Apa yang dimaksud dengan komputer? (Jawab dalam 1-3 kalimat) ,Komputer adalah rangkaian mesin elektronik yang dapat bekerja sama. Sistem ini digunakan untuk memudahkan pekerjaan manusia. Komputer bekerja otomatis berdasarkan urutan instruksi atau program yang diberikan.,"Komputer adalah alat yang dipakai untuk mengolah data menurut prosedur yang telah dirumuskan. Kata computer pada awalnya dipergunakan untuk menggambarkan orang yang perkerjaannya melakukan perhitungan aritmatika, dengan atau tanpa alat bantu, tetapi arti kata ini kemudian dipindahkan kepada mesin itu sendiri. ",31.0,0.31,analisis_essay,analisis_essay-31
Apa yang dimaksud dengan komputer? (Jawab dalam 1-3 kalimat) ,Komputer adalah rangkaian mesin elektronik yang dapat bekerja sama. Sistem ini digunakan untuk memudahkan pekerjaan manusia. Komputer bekerja otomatis berdasarkan urutan instruksi atau program yang diberikan.,alat bantu untuk mempermudah pekerjaan manusia ,28.0,0.28,analisis_essay,analisis_essay-31
Apa yang dimaksud dengan komputer? (Jawab dalam 1-3 kalimat) ,Komputer adalah rangkaian mesin elektronik yang dapat bekerja sama. Sistem ini digunakan untuk memudahkan pekerjaan manusia. Komputer bekerja otomatis berdasarkan urutan instruksi atau program yang diberikan.,komputer adalah alat untuk mempermudah manusia dalam melakukan aktivitas shari hari ,28.0,0.28,analisis_essay,analisis_essay-31
Apa yang dimaksud dengan komputer? (Jawab dalam 1-3 kalimat) ,Komputer adalah rangkaian mesin elektronik yang dapat bekerja sama. Sistem ini digunakan untuk memudahkan pekerjaan manusia. Komputer bekerja otomatis berdasarkan urutan instruksi atau program yang diberikan.,Komputer adalah sebuah perangkat yang saat ini digunakan untuk berbagai keperluan. Fungsi komputer sendiri banyak namun pada dasarnya komputer digunakan sebagai alat berhitung dan mengolah informasi. Komputer bisa menerima inputan dari perangkat inputan seperti keyboard dan mouse kemudian mengeluarkan hasil melalui perangkat output seperti printer dan juga monitor ,28.0,0.28,analisis_essay,analisis_essay-31
Apa yang dimaksud dengan komputer? (Jawab dalam 1-3 kalimat) ,Komputer adalah rangkaian mesin elektronik yang dapat bekerja sama. Sistem ini digunakan untuk memudahkan pekerjaan manusia. Komputer bekerja otomatis berdasarkan urutan instruksi atau program yang diberikan.,serangkaian atau sekelompok mesin elektronik yang terdiri dari ratusan komponen yang saling bekerja sama ,32.0,0.32,analisis_essay,analisis_essay-31
Apa yang dimaksud dengan komputer? (Jawab dalam 1-3 kalimat) ,Komputer adalah rangkaian mesin elektronik yang dapat bekerja sama. Sistem ini digunakan untuk memudahkan pekerjaan manusia. Komputer bekerja otomatis berdasarkan urutan instruksi atau program yang diberikan.,"Komputer adalah serangkaian ataupun sekelompok mesin elektronik yang terdiri dari ribuan bahkan jutaan komponen yang dapat saling bekerja sama, serta membentuk sebuah sistem kerja yang rapi dan teliti. Sistem ini kemudian dapat digunakan untuk melaksanakan serangkaian pekerjaan secara otomatis, berdasar urutan instruksi ataupun program yang diberikan kepadanya. ",60.0,0.6,analisis_essay,analisis_essay-31
Apa yang dimaksud dengan komputer? (Jawab dalam 1-3 kalimat) ,Komputer adalah rangkaian mesin elektronik yang dapat bekerja sama. Sistem ini digunakan untuk memudahkan pekerjaan manusia. Komputer bekerja otomatis berdasarkan urutan instruksi atau program yang diberikan.,alat yang membantu manusia untuk mengerjakan pekerjaan ,25.0,0.25,analisis_essay,analisis_essay-31
Apa yang dimaksud dengan komputer? (Jawab dalam 1-3 kalimat) ,Komputer adalah rangkaian mesin elektronik yang dapat bekerja sama. Sistem ini digunakan untuk memudahkan pekerjaan manusia. Komputer bekerja otomatis berdasarkan urutan instruksi atau program yang diberikan.,"Komputer adalah alat yang dipakai untuk mengolah data menurut prosedur yang telah dirumuskan. Kata computer pada awalnya dipergunakan untuk menggambarkan orang yang perkerjaannya melakukan perhitungan aritmatika, dengan atau tanpa alat bantu, tetapi arti kata ini kemudian dipindahkan kepada mesin itu sendiri. ",30.0,0.3,analisis_essay,analisis_essay-31
Apa yang dimaksud dengan komputer? (Jawab dalam 1-3 kalimat) ,Komputer adalah rangkaian mesin elektronik yang dapat bekerja sama. Sistem ini digunakan untuk memudahkan pekerjaan manusia. Komputer bekerja otomatis berdasarkan urutan instruksi atau program yang diberikan.,Apa yang dimaksud dengan komputer? (Jawab dalam 1-3 kalimat) ,6.0,0.06,analisis_essay,analisis_essay-31
Apa yang dimaksud dengan komputer? (Jawab dalam 1-3 kalimat) ,Komputer adalah rangkaian mesin elektronik yang dapat bekerja sama. Sistem ini digunakan untuk memudahkan pekerjaan manusia. Komputer bekerja otomatis berdasarkan urutan instruksi atau program yang diberikan.,"Komputer adalah alat yang dapat digunakan untuk mengolah suatu data menurut prosedur yang telah dirumuskan dalam komputer itu sendiri. komputer juga dapat digunakan untuk membantu perhitungan aritmetika, serta untuk pengolahan suatu informasi. ",32.0,0.32,analisis_essay,analisis_essay-31
Apa yang dimaksud dengan komputer? (Jawab dalam 1-3 kalimat) ,Komputer adalah rangkaian mesin elektronik yang dapat bekerja sama. Sistem ini digunakan untuk memudahkan pekerjaan manusia. Komputer bekerja otomatis berdasarkan urutan instruksi atau program yang diberikan.,suatu mesin yang bisa mengerti saya ,5.0,0.05,analisis_essay,analisis_essay-31
Apa yang dimaksud dengan komputer? (Jawab dalam 1-3 kalimat) ,Komputer adalah rangkaian mesin elektronik yang dapat bekerja sama. Sistem ini digunakan untuk memudahkan pekerjaan manusia. Komputer bekerja otomatis berdasarkan urutan instruksi atau program yang diberikan.,komputer adalah alat pengolah data menurut prosedur yang telah di rumuskan ,25.0,0.25,analisis_essay,analisis_essay-31
Apa yang dimaksud dengan komputer? (Jawab dalam 1-3 kalimat) ,Komputer adalah rangkaian mesin elektronik yang dapat bekerja sama. Sistem ini digunakan untuk memudahkan pekerjaan manusia. Komputer bekerja otomatis berdasarkan urutan instruksi atau program yang diberikan.,"komputer adalah alat elektronik yang memiliki komputasi yang sangat tinggi dengan spesifikasi seperti menggunakan windows 10 untuk kerjaan kantor, bermain game, menonton film. ",22.0,0.22,analisis_essay,analisis_essay-31
Apa yang dimaksud dengan komputer? (Jawab dalam 1-3 kalimat) ,Komputer adalah rangkaian mesin elektronik yang dapat bekerja sama. Sistem ini digunakan untuk memudahkan pekerjaan manusia. Komputer bekerja otomatis berdasarkan urutan instruksi atau program yang diberikan.,"Komputer adalah alat bantu hitung manusia, yang sekarang sudah dikembangkan dapat membantu banyak tugas manusia. ",30.0,0.3,analisis_essay,analisis_essay-31
Apa yang dimaksud dengan komputer? (Jawab dalam 1-3 kalimat) ,Komputer adalah rangkaian mesin elektronik yang dapat bekerja sama. Sistem ini digunakan untuk memudahkan pekerjaan manusia. Komputer bekerja otomatis berdasarkan urutan instruksi atau program yang diberikan.,"alat elektronik yang dapat menghitung dan menganalisa data secara cepat dan cermat, dapat juga menjalankan aplikasi multimedia. ",21.0,0.21,analisis_essay,analisis_essay-31
Apa yang dimaksud dengan komputer? (Jawab dalam 1-3 kalimat) ,Komputer adalah rangkaian mesin elektronik yang dapat bekerja sama. Sistem ini digunakan untuk memudahkan pekerjaan manusia. Komputer bekerja otomatis berdasarkan urutan instruksi atau program yang diberikan.,alat yang dipakai untuk mengelola data ,11.0,0.11,analisis_essay,analisis_essay-31
Apa yang dimaksud dengan komputer? (Jawab dalam 1-3 kalimat) ,Komputer adalah rangkaian mesin elektronik yang dapat bekerja sama. Sistem ini digunakan untuk memudahkan pekerjaan manusia. Komputer bekerja otomatis berdasarkan urutan instruksi atau program yang diberikan.,"adalah alat yang dipakai untuk mengolah data menurut prosedur yang telah dirumuskan. Kata computer pada awalnya dipergunakan untuk menggambarkan orang yang perkerjaannya melakukan perhitungan aritmatika, dengan atau tanpa alat bantu, tetapi arti kata ini kemudian dipindahkan kepada mesin itu sendiri. Asal mulanya, pengolahan informasi hampir eksklusif berhubungan dengan masalah aritmetika, tetapi komputer modern dipakai untuk banyak tugas yang tidak berhubungan dengan matematika. ",39.0,0.39,analisis_essay,analisis_essay-31
Apa yang dimaksud dengan komputer? (Jawab dalam 1-3 kalimat) ,Komputer adalah rangkaian mesin elektronik yang dapat bekerja sama. Sistem ini digunakan untuk memudahkan pekerjaan manusia. Komputer bekerja otomatis berdasarkan urutan instruksi atau program yang diberikan.,"pada awal komputer adalah mesin hitung untuk memudahkan pekerjaan manusia. saat ini komputer dapat digunakan untuk hal lain seperti bermain game, bekerja, mendengarkan musik dll. ",26.0,0.26,analisis_essay,analisis_essay-31
Apa yang dimaksud dengan komputer? (Jawab dalam 1-3 kalimat) ,Komputer adalah rangkaian mesin elektronik yang dapat bekerja sama. Sistem ini digunakan untuk memudahkan pekerjaan manusia. Komputer bekerja otomatis berdasarkan urutan instruksi atau program yang diberikan.,Komputer adalah mesin hitung. komputer digunakan untuk mengolah data dengan menggunakn mesin. Komputer saat ini sudah berkembang secara pesat. ,21.0,0.21,analisis_essay,analisis_essay-31
Apa yang dimaksud dengan komputer? (Jawab dalam 1-3 kalimat) ,Komputer adalah rangkaian mesin elektronik yang dapat bekerja sama. Sistem ini digunakan untuk memudahkan pekerjaan manusia. Komputer bekerja otomatis berdasarkan urutan instruksi atau program yang diberikan.,"Komputer adalah alat yang dipakai untuk mengolah data menurut prosedur yang telah dirumuskan. Kata computer pada awalnya dipergunakan untuk menggambarkan orang yang perkerjaannya melakukan perhitungan aritmatika, dengan atau tanpa alat bantu, tetapi arti kata ini kemudian dipindahkan kepada mesin itu sendiri. Asal mulanya, pengolahan informasi hampir eksklusif berhubungan dengan masalah aritmetika, tetapi komputer modern dipakai untuk banyak tugas yang tidak berhubungan dengan matematika. ",41.0,0.41,analisis_essay,analisis_essay-31
Apa yang dimaksud dengan komputer? (Jawab dalam 1-3 kalimat) ,Komputer adalah rangkaian mesin elektronik yang dapat bekerja sama. Sistem ini digunakan untuk memudahkan pekerjaan manusia. Komputer bekerja otomatis berdasarkan urutan instruksi atau program yang diberikan.,alat yang dipakai untuk mengolah data menurut prosedur yang telah dirumuskan dimana komputer itu sendiri merupakan perangkat elektronik yang terdiri dari beberapa komponen yang saling bekerja sama membentuk sebuah sistem kerja yang dapat menjalankan pekerjaan secara otomatis berdasar urutan instruksi ataupun program yang diberikan kepadanya sehingga dapat menghasilkan suatu informasi berdasarkan program dan data yang ada. ,29.0,0.29,analisis_essay,analisis_essay-31
Apa yang dimaksud dengan komputer? (Jawab dalam 1-3 kalimat) ,Komputer adalah rangkaian mesin elektronik yang dapat bekerja sama. Sistem ini digunakan untuk memudahkan pekerjaan manusia. Komputer bekerja otomatis berdasarkan urutan instruksi atau program yang diberikan.,Secara umum komputer adalah sekumpulan alat elektronik dimana satu dengan yang lainnya saling bekerja sama terkoordinasi dibawah kontrol program dengan kemampuan dapat menerima data dan mengolah data. ,28.0,0.28,analisis_essay,analisis_essay-31
Apa yang dimaksud dengan komputer? (Jawab dalam 1-3 kalimat) ,Komputer adalah rangkaian mesin elektronik yang dapat bekerja sama. Sistem ini digunakan untuk memudahkan pekerjaan manusia. Komputer bekerja otomatis berdasarkan urutan instruksi atau program yang diberikan.,"Komputer adalah alat yang dipakai untuk mengolah data menurut prosedur yang telah dirumuskan. Kata computer pada awalnya dipergunakan untuk menggambarkan orang yang perkerjaannya melakukan perhitungan aritmatika, dengan atau tanpa alat bantu, tetapi arti kata ini kemudian dipindahkan kepada mesin itu sendiri. ",29.0,0.29,analisis_essay,analisis_essay-31
Apa yang dimaksud dengan komputer? (Jawab dalam 1-3 kalimat) ,Komputer adalah rangkaian mesin elektronik yang dapat bekerja sama. Sistem ini digunakan untuk memudahkan pekerjaan manusia. Komputer bekerja otomatis berdasarkan urutan instruksi atau program yang diberikan.,"Komputer adalah alat yang dipakai untuk mengolah data menurut prosedur yang telah dirumuskan. Kata computer pada awalnya dipergunakan untuk menggambarkan orang yang perkerjaannya melakukan perhitungan aritmatika, dengan atau tanpa alat bantu, tetapi arti kata ini kemudian dipindahkan kepada mesin itu sendiri. Asal mulanya, pengolahan informasi hampir eksklusif berhubungan dengan masalah aritmetika, tetapi komputer modern dipakai untuk banyak tugas yang tidak berhubungan dengan matematika. ",40.0,0.4,analisis_essay,analisis_essay-31
Apa yang dimaksud dengan komputer? (Jawab dalam 1-3 kalimat) ,Komputer adalah rangkaian mesin elektronik yang dapat bekerja sama. Sistem ini digunakan untuk memudahkan pekerjaan manusia. Komputer bekerja otomatis berdasarkan urutan instruksi atau program yang diberikan.,Komputer adalah alat yang dipakai untuk mengolah data menurut prosedur yang telah dirumuskan ,27.0,0.27,analisis_essay,analisis_essay-31
Apa yang dimaksud dengan komputer? (Jawab dalam 1-3 kalimat) ,Komputer adalah rangkaian mesin elektronik yang dapat bekerja sama. Sistem ini digunakan untuk memudahkan pekerjaan manusia. Komputer bekerja otomatis berdasarkan urutan instruksi atau program yang diberikan.,"adalah alat yang dipakai untuk mengolah data menurut prosedur yang telah dirumuskan. Kata computer pada awalnya dipergunakan untuk menggambarkan orang yang perkerjaannya melakukan perhitungan aritmatika, dengan atau tanpa alat bantu, tetapi arti kata ini kemudian dipindahkan kepada mesin itu sendiri. ",28.0,0.28,analisis_essay,analisis_essay-31
Apa yang dimaksud dengan komputer? (Jawab dalam 1-3 kalimat) ,Komputer adalah rangkaian mesin elektronik yang dapat bekerja sama. Sistem ini digunakan untuk memudahkan pekerjaan manusia. Komputer bekerja otomatis berdasarkan urutan instruksi atau program yang diberikan.,"menerima, mengolah dan memberikan informasi ",7.0,0.07,analisis_essay,analisis_essay-31
Apa yang dimaksud dengan komputer? (Jawab dalam 1-3 kalimat) ,Komputer adalah rangkaian mesin elektronik yang dapat bekerja sama. Sistem ini digunakan untuk memudahkan pekerjaan manusia. Komputer bekerja otomatis berdasarkan urutan instruksi atau program yang diberikan.,tempat menerima dan mengolah data ,6.0,0.06,analisis_essay,analisis_essay-31
Apa yang dimaksud dengan komputer? (Jawab dalam 1-3 kalimat) ,Komputer adalah rangkaian mesin elektronik yang dapat bekerja sama. Sistem ini digunakan untuk memudahkan pekerjaan manusia. Komputer bekerja otomatis berdasarkan urutan instruksi atau program yang diberikan.,"Komputer adalah sebuah alat yang digunakan untuk manipulasi data, komputer berisi hardware, software, dan brainware. ",12.0,0.12,analisis_essay,analisis_essay-31
Apa yang dimaksud dengan komputer? (Jawab dalam 1-3 kalimat) ,Komputer adalah rangkaian mesin elektronik yang dapat bekerja sama. Sistem ini digunakan untuk memudahkan pekerjaan manusia. Komputer bekerja otomatis berdasarkan urutan instruksi atau program yang diberikan.,"komputer adalah sebuah mesin yang berfungsi untuk mempermudah pekerjaan manusia yang berawal dari mesin ketik biasa, komputer menggunakan bahasa mesin. ",25.0,0.25,analisis_essay,analisis_essay-31
Apa yang dimaksud dengan komputer? (Jawab dalam 1-3 kalimat) ,Komputer adalah rangkaian mesin elektronik yang dapat bekerja sama. Sistem ini digunakan untuk memudahkan pekerjaan manusia. Komputer bekerja otomatis berdasarkan urutan instruksi atau program yang diberikan.,mesin pegolah kata ,6.0,0.06,analisis_essay,analisis_essay-31
Apa yang dimaksud dengan komputer? (Jawab dalam 1-3 kalimat) ,Komputer adalah rangkaian mesin elektronik yang dapat bekerja sama. Sistem ini digunakan untuk memudahkan pekerjaan manusia. Komputer bekerja otomatis berdasarkan urutan instruksi atau program yang diberikan.,komputer adalah sebuah hardware yg berfungsi membantu manusia untuk bekerja ,22.0,0.22,analisis_essay,analisis_essay-31
Apa yang dimaksud dengan komputer? (Jawab dalam 1-3 kalimat) ,Komputer adalah rangkaian mesin elektronik yang dapat bekerja sama. Sistem ini digunakan untuk memudahkan pekerjaan manusia. Komputer bekerja otomatis berdasarkan urutan instruksi atau program yang diberikan.,alat untuk mempermudah pekerjaan manusia. alat untuk mempersingkat waktu dalam pekerjaan ,22.0,0.22,analisis_essay,analisis_essay-31
Apa yang dimaksud dengan komputer? (Jawab dalam 1-3 kalimat) ,Komputer adalah rangkaian mesin elektronik yang dapat bekerja sama. Sistem ini digunakan untuk memudahkan pekerjaan manusia. Komputer bekerja otomatis berdasarkan urutan instruksi atau program yang diberikan.,komputer adalah alat bantu manusia yang dapat digunakan untuk mempermudah pekerjaan manusia ,25.0,0.25,analisis_essay,analisis_essay-31
Apa yang dimaksud dengan komputer? (Jawab dalam 1-3 kalimat) ,Komputer adalah rangkaian mesin elektronik yang dapat bekerja sama. Sistem ini digunakan untuk memudahkan pekerjaan manusia. Komputer bekerja otomatis berdasarkan urutan instruksi atau program yang diberikan.,"komputer adalah alat komputasi elektronik. yang mana berguna untuk meringankan pekerjaan manusia dalam proses perhitungan, pengolahan data, dan lainnya. ",24.0,0.24,analisis_essay,analisis_essay-31
Apa yang dimaksud dengan komputer? (Jawab dalam 1-3 kalimat) ,Komputer adalah rangkaian mesin elektronik yang dapat bekerja sama. Sistem ini digunakan untuk memudahkan pekerjaan manusia. Komputer bekerja otomatis berdasarkan urutan instruksi atau program yang diberikan.,"alat yang dipakai untuk mengolah data menurut prosedur yang telah dirumuskan. Kata computer pada awalnya dipergunakan untuk menggambarkan orang yang perkerjaannya melakukan perhitungan aritmatika, dengan atau tanpa alat bantu, tetapi arti kata ini kemudian dipindahkan kepada mesin itu sendiri. ",29.0,0.29,analisis_essay,analisis_essay-31
Apa yang dimaksud dengan komputer? (Jawab dalam 1-3 kalimat) ,Komputer adalah rangkaian mesin elektronik yang dapat bekerja sama. Sistem ini digunakan untuk memudahkan pekerjaan manusia. Komputer bekerja otomatis berdasarkan urutan instruksi atau program yang diberikan.,"Serangkaian ataupun sekelompok mesin elektronik yang terdiri dari ribuan bahkan jutaan komponen yang dapat saling bekerja sama, serta membentuk sebuah sistem kerja yang rapi dan teliti. ",27.0,0.27,analisis_essay,analisis_essay-31
Apa yang dimaksud dengan komputer? (Jawab dalam 1-3 kalimat) ,Komputer adalah rangkaian mesin elektronik yang dapat bekerja sama. Sistem ini digunakan untuk memudahkan pekerjaan manusia. Komputer bekerja otomatis berdasarkan urutan instruksi atau program yang diberikan.,komputer adalah alat yang digunakan untuk mengolah data dan angka ,11.0,0.11,analisis_essay,analisis_essay-31
Apa yang dimaksud dengan komputer? (Jawab dalam 1-3 kalimat) ,Komputer adalah rangkaian mesin elektronik yang dapat bekerja sama. Sistem ini digunakan untuk memudahkan pekerjaan manusia. Komputer bekerja otomatis berdasarkan urutan instruksi atau program yang diberikan.,alat elektronik yang terdiri dari hardware dan software untuk mejalankan atau melakukan tugas tertentu ,12.0,0.12,analisis_essay,analisis_essay-31
Briefly describe the divide-and-conquer paradigm.,"Divide a problem into smaller subproblems, solve them recursively, and then combine the solutions into a solution for the original problem.","For example we have an array on n elements, the divide and conquer splits up the array into equal halves and repeats this process until each element is by itself",4.0,0.8,sag,sag-75
Briefly describe the divide-and-conquer paradigm.,"Divide a problem into smaller subproblems, solve them recursively, and then combine the solutions into a solution for the original problem.",Divide and coquer means dividing a problem into 2 plus problems which are solved and then merged back together for a final solution to the whole problem.,5.0,1.0,sag,sag-75
Briefly describe the divide-and-conquer paradigm.,"Divide a problem into smaller subproblems, solve them recursively, and then combine the solutions into a solution for the original problem.",The divide and conquer paradigm divides a problem into smaller and smaller portions that are easier to solve.,4.5,0.9,sag,sag-75
Briefly describe the divide-and-conquer paradigm.,"Divide a problem into smaller subproblems, solve them recursively, and then combine the solutions into a solution for the original problem.","Divide elements, recur then conquer, which works in merge sort and quicksort.",4.0,0.8,sag,sag-75
Briefly describe the divide-and-conquer paradigm.,"Divide a problem into smaller subproblems, solve them recursively, and then combine the solutions into a solution for the original problem.","To divide and conquer, you divide the program in half once or multiple times to the extent that the program as a whole is easier to work in groups to solve the problem.",4.5,0.9,sag,sag-75
Briefly describe the divide-and-conquer paradigm.,"Divide a problem into smaller subproblems, solve them recursively, and then combine the solutions into a solution for the original problem.",to divide one larger string or line of values and sepereate them into smallers lines to easily manipulate them and then replace them in the order in which they should be.,3.5,0.7,sag,sag-75
Briefly describe the divide-and-conquer paradigm.,"Divide a problem into smaller subproblems, solve them recursively, and then combine the solutions into a solution for the original problem.","Split the problem into smaller, more manageable parts, and proceed to address the smaller problems.",4.5,0.9,sag,sag-75
Briefly describe the divide-and-conquer paradigm.,"Divide a problem into smaller subproblems, solve them recursively, and then combine the solutions into a solution for the original problem.",dived and conquer is the breaking up of a large complex program into small easy to solve components.,4.5,0.9,sag,sag-75
Briefly describe the divide-and-conquer paradigm.,"Divide a problem into smaller subproblems, solve them recursively, and then combine the solutions into a solution for the original problem.",Dividing a larger problem into the smallest incident of the problem and solving the smallest incident.,4.5,0.9,sag,sag-75
Briefly describe the divide-and-conquer paradigm.,"Divide a problem into smaller subproblems, solve them recursively, and then combine the solutions into a solution for the original problem.","Break up very large data structures into smaller sub-units, that are easier to manipulate.",4.5,0.9,sag,sag-75
Briefly describe the divide-and-conquer paradigm.,"Divide a problem into smaller subproblems, solve them recursively, and then combine the solutions into a solution for the original problem.",The divide-and-conquer technique is where it takes the sorting algorithm and breaks up the array into smaller elements of the array to tackle the problem and run the algorithm.,4.0,0.8,sag,sag-75
Briefly describe the divide-and-conquer paradigm.,"Divide a problem into smaller subproblems, solve them recursively, and then combine the solutions into a solution for the original problem.","The divide-and-conquer paradigm divides the problem into two pieces and works on each piece separately, allowing for a faster approach to 2 separate smaller problems.",4.5,0.9,sag,sag-75
Briefly describe the divide-and-conquer paradigm.,"Divide a problem into smaller subproblems, solve them recursively, and then combine the solutions into a solution for the original problem.","Take a problem and divide it into a smaller problem and solve that smaller problem, or divide it into a smaller problem and solve it, thus solving the whole problem in the process.",5.0,1.0,sag,sag-75
Briefly describe the divide-and-conquer paradigm.,"Divide a problem into smaller subproblems, solve them recursively, and then combine the solutions into a solution for the original problem.",The idea is to split the problem into half and solve for the smaller split-problems.,4.5,0.9,sag,sag-75
Briefly describe the divide-and-conquer paradigm.,"Divide a problem into smaller subproblems, solve them recursively, and then combine the solutions into a solution for the original problem.","The divide and conquer paradigm, splits a large problem into simpler problems, at which point it solves the simpler problems and merges the simple solutions together to answer the large problem.",5.0,1.0,sag,sag-75
Briefly describe the divide-and-conquer paradigm.,"Divide a problem into smaller subproblems, solve them recursively, and then combine the solutions into a solution for the original problem.","Divide-and-conquer refers to abstraction, the act of separating large, complex problems into smaller, easier problems that can be solved by a relatively simple algorithm.",4.5,0.9,sag,sag-75
Briefly describe the divide-and-conquer paradigm.,"Divide a problem into smaller subproblems, solve them recursively, and then combine the solutions into a solution for the original problem.","It takes a large problem and splits it into two or more easier or faster solutions, and makes for better readability.",4.5,0.9,sag,sag-75
Briefly describe the divide-and-conquer paradigm.,"Divide a problem into smaller subproblems, solve them recursively, and then combine the solutions into a solution for the original problem.",it is the taking of a larger problem and splitting it into simpler smaller problems.,4.5,0.9,sag,sag-75
Briefly describe the divide-and-conquer paradigm.,"Divide a problem into smaller subproblems, solve them recursively, and then combine the solutions into a solution for the original problem.",It divides the problem into singular units and works on the problem piece by piece until the problem is solved.,4.5,0.9,sag,sag-75
Briefly describe the divide-and-conquer paradigm.,"Divide a problem into smaller subproblems, solve them recursively, and then combine the solutions into a solution for the original problem.","smaller parts are easier to compare than comparing the whole, so it divides the problem down in halves until it can easily compare, then works backwards putting it back together to give the solution.",5.0,1.0,sag,sag-75
Briefly describe the divide-and-conquer paradigm.,"Divide a problem into smaller subproblems, solve them recursively, and then combine the solutions into a solution for the original problem.","a divide-and-conquer paradigm. takes some data, divides it into two parts, and works on each part indiviually until the item is found.",4.5,0.9,sag,sag-75
Briefly describe the divide-and-conquer paradigm.,"Divide a problem into smaller subproblems, solve them recursively, and then combine the solutions into a solution for the original problem.","The idea of divide and conquer is to take a large problem, split it into n smaller problems, making the program easier to read and modify.",4.5,0.9,sag,sag-75
Briefly describe the divide-and-conquer paradigm.,"Divide a problem into smaller subproblems, solve them recursively, and then combine the solutions into a solution for the original problem.",the divide and conquer paradigm is a recursive solution that keeps dividing the problem into halves until a base case is reached.,4.5,0.9,sag,sag-75
Briefly describe the divide-and-conquer paradigm.,"Divide a problem into smaller subproblems, solve them recursively, and then combine the solutions into a solution for the original problem.","dividing and conquering means breaking a problem into two smaller problems, solving both of those, and putting the two solutions together.",5.0,1.0,sag,sag-75
Briefly describe the divide-and-conquer paradigm.,"Divide a problem into smaller subproblems, solve them recursively, and then combine the solutions into a solution for the original problem.","Divide the big problem into small problem, solve small problem and join small solved elements of the problem. if there is two ore more elements in the array, divide the array into parts and compare the elements, after comperison, conquer the elements. If array have n element, first half have n divided by 2 elements",5.0,1.0,sag,sag-75
Briefly describe the divide-and-conquer paradigm.,"Divide a problem into smaller subproblems, solve them recursively, and then combine the solutions into a solution for the original problem.","divide the array in half, sort each half, then sort them back in one array",3.0,0.6,sag,sag-75
Briefly describe the divide-and-conquer paradigm.,"Divide a problem into smaller subproblems, solve them recursively, and then combine the solutions into a solution for the original problem.",You take a class and break down everything it is supposed to do into easily managed functions.,3.0,0.6,sag,sag-75
Briefly describe the divide-and-conquer paradigm.,"Divide a problem into smaller subproblems, solve them recursively, and then combine the solutions into a solution for the original problem.","this is shown by the use of. cpp and header files. by splitting the program up into smaller subsections of individual code, it becomes easier to write and keep up with as opposed to having all of your code in one file",3.0,0.6,sag,sag-75
Briefly describe the divide-and-conquer paradigm.,"Divide a problem into smaller subproblems, solve them recursively, and then combine the solutions into a solution for the original problem.","When a problem is too big, split it into smaller problems of the same type, and solve those, then from the solutions of the smaller problem, give the solution to the larger original problem.",5.0,1.0,sag,sag-75
Briefly describe the divide-and-conquer paradigm.,"Divide a problem into smaller subproblems, solve them recursively, and then combine the solutions into a solution for the original problem.",it is the separating of large program into smaller classes then until target is reached.,3.5,0.7,sag,sag-75
What is the experimental approach for measuring the running time of an algorithm?,Implement the algorithm and measure the physical running time.,"Try several sets of data on an algorithm that includes worst case, best case, and random cases. Also try and run the same program on a different computer with the same specs",4.5,0.9,sag,sag-76
What is the experimental approach for measuring the running time of an algorithm?,Implement the algorithm and measure the physical running time.,not answered,0.0,0.0,sag,sag-76
What is the experimental approach for measuring the running time of an algorithm?,Implement the algorithm and measure the physical running time.,time complexity using big O logarthmic Olog nlinear Onexponential On to the power of 2quadratic On to the power of kk is greater than or equal to 1 Polynomial Oa to the power of nn is greater than 1,2.5,0.5,sag,sag-76
What is the experimental approach for measuring the running time of an algorithm?,Implement the algorithm and measure the physical running time.,Using some sort of counting principle of the number of operations performed in an algorithm.,4.5,0.9,sag,sag-76
What is the experimental approach for measuring the running time of an algorithm?,Implement the algorithm and measure the physical running time.,Experimental means you would actually write a prototype of the algorithm and measure the time it takes to run given certain parameters.,5.0,1.0,sag,sag-76
What is the experimental approach for measuring the running time of an algorithm?,Implement the algorithm and measure the physical running time.,measuring the relationship of running an algorithm with different input sizes.,4.5,0.9,sag,sag-76
What is the experimental approach for measuring the running time of an algorithm?,Implement the algorithm and measure the physical running time.,"Oposite of a theoretical assessment of the algorithm to determine runtime, but to run the code first to determine the the runtime. This is not recommended because it is a limited test. It does not include all possibilities of the data, nor the hardware used to process the data.",4.5,0.9,sag,sag-76
What is the experimental approach for measuring the running time of an algorithm?,Implement the algorithm and measure the physical running time.,not answered,0.0,0.0,sag,sag-76
What is the experimental approach for measuring the running time of an algorithm?,Implement the algorithm and measure the physical running time.,The experimental approach for measuring the running time is by using the Big O equation which tells you the running time.,3.0,0.6,sag,sag-76
What is the experimental approach for measuring the running time of an algorithm?,Implement the algorithm and measure the physical running time.,"You create and run the algorithm multiple times, while measuring the amount of time it takes, you then average the results.",5.0,1.0,sag,sag-76
What is the experimental approach for measuring the running time of an algorithm?,Implement the algorithm and measure the physical running time.,keep a value of how many operations it takes and add to this value each time a function is called.,3.5,0.7,sag,sag-76
What is the experimental approach for measuring the running time of an algorithm?,Implement the algorithm and measure the physical running time.,BIG-OH,2.5,0.5,sag,sag-76
What is the experimental approach for measuring the running time of an algorithm?,Implement the algorithm and measure the physical running time.,Running the program with various input data and measuring the running time with system time.,5.0,1.0,sag,sag-76
What is the experimental approach for measuring the running time of an algorithm?,Implement the algorithm and measure the physical running time.,"You run a program with different data sizes, like 10 to the power of x. As you increase x and measure the completion speeds for the program, you can find patterns and attempt the measure the running time. It is very important to keep the same software and hardware however, which makes experimental testing inferior to theoretical in the eyes of most.",4.0,0.8,sag,sag-76
What is the experimental approach for measuring the running time of an algorithm?,Implement the algorithm and measure the physical running time.,to run the program through and see how many times each thing is called and the runtime of each function is based on that.,4.5,0.9,sag,sag-76
What is the experimental approach for measuring the running time of an algorithm?,Implement the algorithm and measure the physical running time.,the number of times a specific segments get called per unit work.,3.0,0.6,sag,sag-76
What is the experimental approach for measuring the running time of an algorithm?,Implement the algorithm and measure the physical running time.,"For every call into memory, add or multiply it into an equation of type On",2.5,0.5,sag,sag-76
What is the experimental approach for measuring the running time of an algorithm?,Implement the algorithm and measure the physical running time.,"adding a time marker at the before the algorithm is called and another time marker immediately after so that you have the change in time, then you can calculate the efficiency by the speed of the computers cpu.",3.5,0.7,sag,sag-76
What is the experimental approach for measuring the running time of an algorithm?,Implement the algorithm and measure the physical running time.,Big Ohnotation,2.5,0.5,sag,sag-76
What is the experimental approach for measuring the running time of an algorithm?,Implement the algorithm and measure the physical running time.,the experimental approach measures actual running time in t. t equals seconds.,5.0,1.0,sag,sag-76
What is the experimental approach for measuring the running time of an algorithm?,Implement the algorithm and measure the physical running time.,running an algorithm on a specific set of data,4.0,0.8,sag,sag-76
What is the experimental approach for measuring the running time of an algorithm?,Implement the algorithm and measure the physical running time.,"In experimental terms, the running time of an algorithm is measured by the number of operations required to complete the function. This number can usually be expressed in big-O notation.",3.5,0.7,sag,sag-76
What is the experimental approach for measuring the running time of an algorithm?,Implement the algorithm and measure the physical running time.,"run the code for n-times and get average values, drop the constant and lowest number. for example if fxequals 3n plus 1 the running time will bef fxequals On",4.0,0.8,sag,sag-76
What is the experimental approach for measuring the running time of an algorithm?,Implement the algorithm and measure the physical running time.,to measure the actual time of the program to run. and calculate the running time using the input and operations done,5.0,1.0,sag,sag-76
What is the experimental approach for measuring the running time of an algorithm?,Implement the algorithm and measure the physical running time.,adding up the number of operations performed based on the worst case possible.,2.5,0.5,sag,sag-76
What is the experimental approach for measuring the running time of an algorithm?,Implement the algorithm and measure the physical running time.,the experimental approach would be to run through the algorithm and see how long it takes,5.0,1.0,sag,sag-76
What is the experimental approach for measuring the running time of an algorithm?,Implement the algorithm and measure the physical running time.,"trying it with different sets of inputs, and measuring the amount of time that the algorithm actually takes.",5.0,1.0,sag,sag-76
What is the experimental approach for measuring the running time of an algorithm?,Implement the algorithm and measure the physical running time.,running the input with various inputs measuring the running time with system time,4.5,0.9,sag,sag-76
Order the following functions by their running time: n to the power of 2; log -LRB- log n -RRB- ; 2 to the power of -LRB- log n -RRB- ; n!; n to the power of 3.,loglog n; 2 to the power oflog n; n to the power of 2; n to the power of 3; n!,"loglog n, 2 to the power oflog n, n to the power of 2, n to the power of 3, n!",5.0,1.0,sag,sag-77
Order the following functions by their running time: n to the power of 2; log -LRB- log n -RRB- ; 2 to the power of -LRB- log n -RRB- ; n!; n to the power of 3.,loglog n; 2 to the power oflog n; n to the power of 2; n to the power of 3; n!,"loglog n, n to the power of 2, n to the power of 3, 2 to the power oflog n, n!",4.0,0.8,sag,sag-77
Order the following functions by their running time: n to the power of 2; log -LRB- log n -RRB- ; 2 to the power of -LRB- log n -RRB- ; n!; n to the power of 3.,loglog n; 2 to the power oflog n; n to the power of 2; n to the power of 3; n!,loglogn2 to the power oflog nn to the power of 2 n to the power of 3 n!,5.0,1.0,sag,sag-77
Order the following functions by their running time: n to the power of 2; log -LRB- log n -RRB- ; 2 to the power of -LRB- log n -RRB- ; n!; n to the power of 3.,loglog n; 2 to the power oflog n; n to the power of 2; n to the power of 3; n!,"loglog n, 2 to the power oflog n, n to the power of 2, n to the power of 3, n!",5.0,1.0,sag,sag-77
Order the following functions by their running time: n to the power of 2; log -LRB- log n -RRB- ; 2 to the power of -LRB- log n -RRB- ; n!; n to the power of 3.,loglog n; 2 to the power oflog n; n to the power of 2; n to the power of 3; n!,"loglog n, 2 to the power oflog n, n to the power of 2, n to the power of 3, n!",5.0,1.0,sag,sag-77
Order the following functions by their running time: n to the power of 2; log -LRB- log n -RRB- ; 2 to the power of -LRB- log n -RRB- ; n!; n to the power of 3.,loglog n; 2 to the power oflog n; n to the power of 2; n to the power of 3; n!,"loglogn , n to the power of 2, n to the power of 3, 2 to the power of logn, n!",4.125,0.825,sag,sag-77
Order the following functions by their running time: n to the power of 2; log -LRB- log n -RRB- ; 2 to the power of -LRB- log n -RRB- ; n!; n to the power of 3.,loglog n; 2 to the power oflog n; n to the power of 2; n to the power of 3; n!,loglogn2 to the power oflognn! n to the power of 3 n to the power of 2,2.0,0.4,sag,sag-77
Order the following functions by their running time: n to the power of 2; log -LRB- log n -RRB- ; 2 to the power of -LRB- log n -RRB- ; n!; n to the power of 3.,loglog n; 2 to the power oflog n; n to the power of 2; n to the power of 3; n!,loglog n; 2 to the power oflog n; n!; n to the power of 2; n to the power of 3;,3.75,0.75,sag,sag-77
Order the following functions by their running time: n to the power of 2; log -LRB- log n -RRB- ; 2 to the power of -LRB- log n -RRB- ; n!; n to the power of 3.,loglog n; 2 to the power oflog n; n to the power of 2; n to the power of 3; n!,"this goes from largest to smallest: n!, n to the power of 3, n to the power of 2, 2 to the power oflog n, loglog n",5.0,1.0,sag,sag-77
Order the following functions by their running time: n to the power of 2; log -LRB- log n -RRB- ; 2 to the power of -LRB- log n -RRB- ; n!; n to the power of 3.,loglog n; 2 to the power oflog n; n to the power of 2; n to the power of 3; n!,loglog n; 2 to the power oflog n; n to the power of 2; n to the power of 3; n!,5.0,1.0,sag,sag-77
Order the following functions by their running time: n to the power of 2; log -LRB- log n -RRB- ; 2 to the power of -LRB- log n -RRB- ; n!; n to the power of 3.,loglog n; 2 to the power oflog n; n to the power of 2; n to the power of 3; n!,"2 to the power oflog n, loglog n, n!, n to the power of 2, n to the power of 3",1.75,0.35,sag,sag-77
Order the following functions by their running time: n to the power of 2; log -LRB- log n -RRB- ; 2 to the power of -LRB- log n -RRB- ; n!; n to the power of 3.,loglog n; 2 to the power oflog n; n to the power of 2; n to the power of 3; n!,loglog n; n!; n to the power of 2; n to the power of 3; n to the power oflog n,2.25,0.45,sag,sag-77
Order the following functions by their running time: n to the power of 2; log -LRB- log n -RRB- ; 2 to the power of -LRB- log n -RRB- ; n!; n to the power of 3.,loglog n; 2 to the power oflog n; n to the power of 2; n to the power of 3; n!,"From least to greatest: loglog n, 2 to the power oflog n, n to the power of 2, n to the power of 3, n!",5.0,1.0,sag,sag-77
Order the following functions by their running time: n to the power of 2; log -LRB- log n -RRB- ; 2 to the power of -LRB- log n -RRB- ; n!; n to the power of 3.,loglog n; 2 to the power oflog n; n to the power of 2; n to the power of 3; n!,"loglog n2 to the power oflog n, is just n n to the power of 2 n to the power of 3 n!",5.0,1.0,sag,sag-77
Order the following functions by their running time: n to the power of 2; log -LRB- log n -RRB- ; 2 to the power of -LRB- log n -RRB- ; n!; n to the power of 3.,loglog n; 2 to the power oflog n; n to the power of 2; n to the power of 3; n!,2 to the power oflog nloglog nn to the power of 2 n to the power of 3 n!,4.0,0.8,sag,sag-77
Order the following functions by their running time: n to the power of 2; log -LRB- log n -RRB- ; 2 to the power of -LRB- log n -RRB- ; n!; n to the power of 3.,loglog n; 2 to the power oflog n; n to the power of 2; n to the power of 3; n!,from lowest to longest. loglog n; 2 to the power oflog n; n!; n to the power of 2; n to the power of 3;,3.625,0.725,sag,sag-77
Order the following functions by their running time: n to the power of 2; log -LRB- log n -RRB- ; 2 to the power of -LRB- log n -RRB- ; n!; n to the power of 3.,loglog n; 2 to the power oflog n; n to the power of 2; n to the power of 3; n!,loglogn 2 to the power of lognn to the power of 2 n to the power of 3 n!,5.0,1.0,sag,sag-77
Order the following functions by their running time: n to the power of 2; log -LRB- log n -RRB- ; 2 to the power of -LRB- log n -RRB- ; n!; n to the power of 3.,loglog n; 2 to the power oflog n; n to the power of 2; n to the power of 3; n!,"loglog n, 2 to the power oflog n, n to the power of 2, n to the power of 3, n!",5.0,1.0,sag,sag-77
Order the following functions by their running time: n to the power of 2; log -LRB- log n -RRB- ; 2 to the power of -LRB- log n -RRB- ; n!; n to the power of 3.,loglog n; 2 to the power oflog n; n to the power of 2; n to the power of 3; n!,"2 to the power oflog n, n to the power of 3, n to the power of 2, loglog n, n!",2.0,0.4,sag,sag-77
Order the following functions by their running time: n to the power of 2; log -LRB- log n -RRB- ; 2 to the power of -LRB- log n -RRB- ; n!; n to the power of 3.,loglog n; 2 to the power oflog n; n to the power of 2; n to the power of 3; n!,"linear, logarithmic, exponential, linear, linear",1.5,0.3,sag,sag-77
Order the following functions by their running time: n to the power of 2; log -LRB- log n -RRB- ; 2 to the power of -LRB- log n -RRB- ; n!; n to the power of 3.,loglog n; 2 to the power oflog n; n to the power of 2; n to the power of 3; n!,"quickest at top, slowest at bottom loglog nn to the power of 2 n to the power of 3 2 to the power oflog nn!",4.0,0.8,sag,sag-77
Order the following functions by their running time: n to the power of 2; log -LRB- log n -RRB- ; 2 to the power of -LRB- log n -RRB- ; n!; n to the power of 3.,loglog n; 2 to the power oflog n; n to the power of 2; n to the power of 3; n!,longest to shortest: n to the power of 3; n!; n to the power of 2; 2 to the power oflog n; loglog n,3.0,0.6,sag,sag-77
Order the following functions by their running time: n to the power of 2; log -LRB- log n -RRB- ; 2 to the power of -LRB- log n -RRB- ; n!; n to the power of 3.,loglog n; 2 to the power oflog n; n to the power of 2; n to the power of 3; n!,2 to the power oflog nn to the power of 2 to the power of 3 loglong nn!,3.25,0.65,sag,sag-77
Order the following functions by their running time: n to the power of 2; log -LRB- log n -RRB- ; 2 to the power of -LRB- log n -RRB- ; n!; n to the power of 3.,loglog n; 2 to the power oflog n; n to the power of 2; n to the power of 3; n!,from lowest to highest 1-longlong n2 minus 2 to the power of logn3 minus n to the power of 2 4 minus N to the power of 3 5 minus n!,5.0,1.0,sag,sag-77
Order the following functions by their running time: n to the power of 2; log -LRB- log n -RRB- ; 2 to the power of -LRB- log n -RRB- ; n!; n to the power of 3.,loglog n; 2 to the power oflog n; n to the power of 2; n to the power of 3; n!,loglog n; n to the power of 2; n to the power of 3; n!; 2 to the power oflog n,4.125,0.825,sag,sag-77
Order the following functions by their running time: n to the power of 2; log -LRB- log n -RRB- ; 2 to the power of -LRB- log n -RRB- ; n!; n to the power of 3.,loglog n; 2 to the power oflog n; n to the power of 2; n to the power of 3; n!,n to the power of 2; n!; n to the power of 3; 2 to the power oflog n; loglog n,2.25,0.45,sag,sag-77
Order the following functions by their running time: n to the power of 2; log -LRB- log n -RRB- ; 2 to the power of -LRB- log n -RRB- ; n!; n to the power of 3.,loglog n; 2 to the power oflog n; n to the power of 2; n to the power of 3; n!,"worst to best: n!, n to the power of 3, n to the power of 2, 2 to the power oflog n, loglog n",5.0,1.0,sag,sag-77
Order the following functions by their running time: n to the power of 2; log -LRB- log n -RRB- ; 2 to the power of -LRB- log n -RRB- ; n!; n to the power of 3.,loglog n; 2 to the power oflog n; n to the power of 2; n to the power of 3; n!,"loglong n, 2 to the power oflog n; n to the power of 2, n to the power of 3;",4.75,0.95,sag,sag-77
"Briefly, how does selection sort work?","It selects the minimum from an array and places it on the first position, then it selects the minimum from the rest of the array and places it on the second position, and so forth.","it scans the list and selects the smallestlargestelement and places it in the front, increment the curPtr by one, scan the list again for the next smallestlargestelement and place it in with respect with the other sorted elements.",5.0,1.0,sag,sag-78
"Briefly, how does selection sort work?","It selects the minimum from an array and places it on the first position, then it selects the minimum from the rest of the array and places it on the second position, and so forth.","Selection sort searches the array for the lowest value and swaps it with the first value in the array. Then searches for the next lowest value and swaps it with the second item in the array, and so on.",5.0,1.0,sag,sag-78
"Briefly, how does selection sort work?","It selects the minimum from an array and places it on the first position, then it selects the minimum from the rest of the array and places it on the second position, and so forth.",Compare the largest element to the front element and swap data according to value if needed.,4.0,0.8,sag,sag-78
"Briefly, how does selection sort work?","It selects the minimum from an array and places it on the first position, then it selects the minimum from the rest of the array and places it on the second position, and so forth.","Selection sort is a sorting algorithm that divides a list in half and has two lists. It then compares the first elements in both these lists and puts these elements in another list, having the smaller element before the bigger one.",2.0,0.4,sag,sag-78
"Briefly, how does selection sort work?","It selects the minimum from an array and places it on the first position, then it selects the minimum from the rest of the array and places it on the second position, and so forth.","Iterate through the listassume list of integers, find the smallest one, and put it in a separate sorted list ... then traverse again and find the next smallest, and move it to the sorted section ... and repeat until you run out of elements to sort.",5.0,1.0,sag,sag-78
"Briefly, how does selection sort work?","It selects the minimum from an array and places it on the first position, then it selects the minimum from the rest of the array and places it on the second position, and so forth.",selection sort selects the smallest element out of the list then the second smallest ... and sorts them acordingly.,5.0,1.0,sag,sag-78
"Briefly, how does selection sort work?","It selects the minimum from an array and places it on the first position, then it selects the minimum from the rest of the array and places it on the second position, and so forth.",You select the smallest element and place it on the left. You select the smallest element and sort it with respect the the item already on the left. You continue this till the end of the collection of items.,5.0,1.0,sag,sag-78
"Briefly, how does selection sort work?","It selects the minimum from an array and places it on the first position, then it selects the minimum from the rest of the array and places it on the second position, and so forth.","A selection sort scrolls through the data structure looking for the lowestor highestunsorted piece of data, moves it to the held spot, increments that spot by one, and starts the process over.",5.0,1.0,sag,sag-78
"Briefly, how does selection sort work?","It selects the minimum from an array and places it on the first position, then it selects the minimum from the rest of the array and places it on the second position, and so forth.",Selection sort works by finding the smallest element and then compares it with the largest and sorts the elements.,2.0,0.4,sag,sag-78
"Briefly, how does selection sort work?","It selects the minimum from an array and places it on the first position, then it selects the minimum from the rest of the array and places it on the second position, and so forth.","Selection sort is usually a recursive sorting method where you divide the elements to be sorted in half repeatedly. You then sort the smallest case, then work your way up, sorting each until they are all sorted.",2.5,0.5,sag,sag-78
"Briefly, how does selection sort work?","It selects the minimum from an array and places it on the first position, then it selects the minimum from the rest of the array and places it on the second position, and so forth.","goes to the middle of the list, checks to see if it is greater or less then the value given and moves through the list accordingly to add the value into the proper place.",2.0,0.4,sag,sag-78
"Briefly, how does selection sort work?","It selects the minimum from an array and places it on the first position, then it selects the minimum from the rest of the array and places it on the second position, and so forth.",selection sort finds the lowest element in the data set and places it behind the pivot point.,4.5,0.9,sag,sag-78
"Briefly, how does selection sort work?","It selects the minimum from an array and places it on the first position, then it selects the minimum from the rest of the array and places it on the second position, and so forth.","Selection sort iterates through the array one element at a time, seeking the least value from the right and replacing the current value with it.",4.5,0.9,sag,sag-78
"Briefly, how does selection sort work?","It selects the minimum from an array and places it on the first position, then it selects the minimum from the rest of the array and places it on the second position, and so forth.","Selection sort traverses an unsorted array looking for the smallest value, when it is found it is put at the beginning of the unsorted array. Performed several times, this will output a sorted array.",5.0,1.0,sag,sag-78
"Briefly, how does selection sort work?","It selects the minimum from an array and places it on the first position, then it selects the minimum from the rest of the array and places it on the second position, and so forth.",it runs through the list and finds the smallestor largestvalue and puts it at the appropriate position,4.5,0.9,sag,sag-78
"Briefly, how does selection sort work?","It selects the minimum from an array and places it on the first position, then it selects the minimum from the rest of the array and places it on the second position, and so forth.","pick a number, and set all values less than that number to the left, while all numbers on the right of that number is larger.",3.0,0.6,sag,sag-78
"Briefly, how does selection sort work?","It selects the minimum from an array and places it on the first position, then it selects the minimum from the rest of the array and places it on the second position, and so forth.",It takes the largest item in the unsorted array and swaps it with last item in the unsorted array.,4.5,0.9,sag,sag-78
"Briefly, how does selection sort work?","It selects the minimum from an array and places it on the first position, then it selects the minimum from the rest of the array and places it on the second position, and so forth.","by selecting the first object and comparing it with the next objects to find one that is smaller, if it does it switches the two. then it comes back the other way and sees if the objects previous to the last one is greater, if it does it switches them. it does this while decreasing the range it looks at until it finishes in the middle.",2.5,0.5,sag,sag-78
"Briefly, how does selection sort work?","It selects the minimum from an array and places it on the first position, then it selects the minimum from the rest of the array and places it on the second position, and so forth.","Selection sorts works by going through a certain list. Goes through the unsorted list and selecting the largest item in the list and placing it in a sorted array. There are two arrays, unsorted and sorted. Complete these steps until the list is sorted.",4.5,0.9,sag,sag-78
"Briefly, how does selection sort work?","It selects the minimum from an array and places it on the first position, then it selects the minimum from the rest of the array and places it on the second position, and so forth.","selection sort works by pulling all of the values off to the side, leaving one value in the list. It will then insert a value into the list. if the value is bigger it will go to the right, if smaller if will go to the left.",2.5,0.5,sag,sag-78
"Briefly, how does selection sort work?","It selects the minimum from an array and places it on the first position, then it selects the minimum from the rest of the array and places it on the second position, and so forth.",selection sort searches for the smallest element of the remaining data organization and places it at the largest point of the new data organization,4.5,0.9,sag,sag-78
"Briefly, how does selection sort work?","It selects the minimum from an array and places it on the first position, then it selects the minimum from the rest of the array and places it on the second position, and so forth.","Selection sort sorts an array one element at at time. It first finds the element with the smallest key and puts it into the first location within its array or list, then finds the next smallest and puts it in the second location, and so on.",5.0,1.0,sag,sag-78
"Briefly, how does selection sort work?","It selects the minimum from an array and places it on the first position, then it selects the minimum from the rest of the array and places it on the second position, and so forth.","select an element compare it with 2nd element if it is greater, swap it",3.0,0.6,sag,sag-78
"Briefly, how does selection sort work?","It selects the minimum from an array and places it on the first position, then it selects the minimum from the rest of the array and places it on the second position, and so forth.","it selects the smallest element in a list and switches it with the element in its correct position, then it selects the next smallest and does the same ...",4.5,0.9,sag,sag-78
"Briefly, how does selection sort work?","It selects the minimum from an array and places it on the first position, then it selects the minimum from the rest of the array and places it on the second position, and so forth.",It starts at the first element and replaces it with the smallest element found to the right. It then repeats with the next element in the list.,4.5,0.9,sag,sag-78
"Briefly, how does selection sort work?","It selects the minimum from an array and places it on the first position, then it selects the minimum from the rest of the array and places it on the second position, and so forth.","selection sort is when you pick a data member and put it in a new array, then you pick another data member and put it in order with the new array, then pick another and insert it in the correct place in the new array, etc etc",3.0,0.6,sag,sag-78
"Briefly, how does selection sort work?","It selects the minimum from an array and places it on the first position, then it selects the minimum from the rest of the array and places it on the second position, and so forth.","it searches through the entire data set for the best element to go in the current position, then it moves up a position and searches through the remainder of the set for the best element for the new position.",4.0,0.8,sag,sag-78
"Briefly, how does selection sort work?","It selects the minimum from an array and places it on the first position, then it selects the minimum from the rest of the array and places it on the second position, and so forth.",selection sort iterates through the array one element a time searching for the right and replacing current value with it.,4.0,0.8,sag,sag-78
What is the advantage of linked lists over arrays?,"Linked lists are dynamic structures, which allow for a variable number of elements to be stored.",A link list can grow to a infinite size as a array has a fixes size.,5.0,1.0,sag,sag-79
What is the advantage of linked lists over arrays?,"Linked lists are dynamic structures, which allow for a variable number of elements to be stored.",The advantage of linked lists is that they are not limited in size like arrays.,5.0,1.0,sag,sag-79
What is the advantage of linked lists over arrays?,"Linked lists are dynamic structures, which allow for a variable number of elements to be stored.",link lists dont have a fixed size,5.0,1.0,sag,sag-79
What is the advantage of linked lists over arrays?,"Linked lists are dynamic structures, which allow for a variable number of elements to be stored.","Linked Lists can be of variable size, where arrays have fixed size.",5.0,1.0,sag,sag-79
What is the advantage of linked lists over arrays?,"Linked lists are dynamic structures, which allow for a variable number of elements to be stored.","Linked lists do not have a definite size. They can be as big or as small as needed, and they do not have to allocate extra memory for elements you do not need. Arrays size must be defined.",5.0,1.0,sag,sag-79
What is the advantage of linked lists over arrays?,"Linked lists are dynamic structures, which allow for a variable number of elements to be stored.","a linked list has a dynamic size, but an array only has a fixed size and takes allot of extra operations to increase its size.",5.0,1.0,sag,sag-79
What is the advantage of linked lists over arrays?,"Linked lists are dynamic structures, which allow for a variable number of elements to be stored.",You do not have to predetermine your list size as you do with arrays. Linked list have the ability to be as large as you want them adding memory as needed.,5.0,1.0,sag,sag-79
What is the advantage of linked lists over arrays?,"Linked lists are dynamic structures, which allow for a variable number of elements to be stored.",The main advantage to a linked list is that it can have it is size adjusted during runtime.,5.0,1.0,sag,sag-79
What is the advantage of linked lists over arrays?,"Linked lists are dynamic structures, which allow for a variable number of elements to be stored.",Linked lists are able to grow in size. So elements can be added to the list.,5.0,1.0,sag,sag-79
What is the advantage of linked lists over arrays?,"Linked lists are dynamic structures, which allow for a variable number of elements to be stored.","Linked lists are not confined to a specific size, and can have elements added and removed far easier. They are also easier to traverse.",5.0,1.0,sag,sag-79
What is the advantage of linked lists over arrays?,"Linked lists are dynamic structures, which allow for a variable number of elements to be stored.",There is no predetermined length,5.0,1.0,sag,sag-79
What is the advantage of linked lists over arrays?,"Linked lists are dynamic structures, which allow for a variable number of elements to be stored.","Inserts into a linked list are far cheaper than an insert into an array. With an array, all items after the one being inserted must me shifted, with a linked list, only the pointers are replaced.",4.5,0.9,sag,sag-79
What is the advantage of linked lists over arrays?,"Linked lists are dynamic structures, which allow for a variable number of elements to be stored.",Linked lists may be dynamically grown.,5.0,1.0,sag,sag-79
What is the advantage of linked lists over arrays?,"Linked lists are dynamic structures, which allow for a variable number of elements to be stored.","Linked lists are very dynamic in that they can change and be added or subtracted to very easily because they are not linear in memory. Arrays are pre-specified in size to be cast over a certain amount of disk space. This makes insertion into Arrays difficult because all elements must be shifted, and if you reach the end of the array, you are done even if you have more data to input. Linked Lists do not run into these problems.",5.0,1.0,sag,sag-79
What is the advantage of linked lists over arrays?,"Linked lists are dynamic structures, which allow for a variable number of elements to be stored.","linked lists have an indefinite size, whereas arrays are a specific size.",5.0,1.0,sag,sag-79
What is the advantage of linked lists over arrays?,"Linked lists are dynamic structures, which allow for a variable number of elements to be stored.","Linked lists have no predefined length, and thus you can have virtually unlimited items in that list.",5.0,1.0,sag,sag-79
What is the advantage of linked lists over arrays?,"Linked lists are dynamic structures, which allow for a variable number of elements to be stored.","They grow dynamically, unlike the fixed size array",5.0,1.0,sag,sag-79
What is the advantage of linked lists over arrays?,"Linked lists are dynamic structures, which allow for a variable number of elements to be stored.","you can add as many nodes as you like without having to specify a list size, if an array gets too big you have to copy its entire contents to another larger array to get more room",5.0,1.0,sag,sag-79
What is the advantage of linked lists over arrays?,"Linked lists are dynamic structures, which allow for a variable number of elements to be stored.",Linkded list does not have a fixed size. Arrays have a fixed size.,5.0,1.0,sag,sag-79
What is the advantage of linked lists over arrays?,"Linked lists are dynamic structures, which allow for a variable number of elements to be stored.","Linked lists have a dynamic size, where as arrays have a static size.",5.0,1.0,sag,sag-79
What is the advantage of linked lists over arrays?,"Linked lists are dynamic structures, which allow for a variable number of elements to be stored.",linked lists do not have a memory constraint other than total memory,5.0,1.0,sag,sag-79
What is the advantage of linked lists over arrays?,"Linked lists are dynamic structures, which allow for a variable number of elements to be stored.","The primary advantage of linked lists over arrays is their ability to become larger or smaller as data is added and removed from the list, whereas arrays may waste memory for small data sets, and run out of space for large data sets.",5.0,1.0,sag,sag-79
What is the advantage of linked lists over arrays?,"Linked lists are dynamic structures, which allow for a variable number of elements to be stored.","Array have fixed size, in Link List are flexible for adding or deleting an element.",5.0,1.0,sag,sag-79
What is the advantage of linked lists over arrays?,"Linked lists are dynamic structures, which allow for a variable number of elements to be stored.",they are resizeable,5.0,1.0,sag,sag-79
What is the advantage of linked lists over arrays?,"Linked lists are dynamic structures, which allow for a variable number of elements to be stored.",Linked lists can be dynamically allocated and their size can change as needed.,5.0,1.0,sag,sag-79
What is the advantage of linked lists over arrays?,"Linked lists are dynamic structures, which allow for a variable number of elements to be stored.","linked lists do not have to have a specified size, they are easier to add to and remove from",5.0,1.0,sag,sag-79
What is the advantage of linked lists over arrays?,"Linked lists are dynamic structures, which allow for a variable number of elements to be stored.","they dont have a fixed size, no shiftnig needs to be done for insertion or deletion.",5.0,1.0,sag,sag-79
What is the advantage of linked lists over arrays?,"Linked lists are dynamic structures, which allow for a variable number of elements to be stored.",linked list many be dynamically grown. It has not limit,5.0,1.0,sag,sag-79
What are the main operations associated with a stack?,push and pop,push and pop,5.0,1.0,sag,sag-80
What are the main operations associated with a stack?,push and pop,"Pop, which removes the head, or least recently inserted node from the stack. Push, which inserts a new node at the head of the stack.",5.0,1.0,sag,sag-80
What are the main operations associated with a stack?,push and pop,Push and pop,5.0,1.0,sag,sag-80
What are the main operations associated with a stack?,push and pop,The Push function and the Pop function.,5.0,1.0,sag,sag-80
What are the main operations associated with a stack?,push and pop,push and pop,5.0,1.0,sag,sag-80
What are the main operations associated with a stack?,push and pop,push puts an element on the stack pop-takes an element off the stack,5.0,1.0,sag,sag-80
What are the main operations associated with a stack?,push and pop,Push and pop.,5.0,1.0,sag,sag-80
What are the main operations associated with a stack?,push and pop,Push and Pop,5.0,1.0,sag,sag-80
What are the main operations associated with a stack?,push and pop,push and pop.,5.0,1.0,sag,sag-80
What are the main operations associated with a stack?,push and pop,"Push and Pop. Push adds an element to the stack, while Pop removes the top element from a stack.",5.0,1.0,sag,sag-80
What are the main operations associated with a stack?,push and pop,pop and push,5.0,1.0,sag,sag-80
What are the main operations associated with a stack?,push and pop,"push, pop, search, isEmpty",4.5,0.9,sag,sag-80
What are the main operations associated with a stack?,push and pop,push and pop,5.0,1.0,sag,sag-80
What are the main operations associated with a stack?,push and pop,"Push, Pop, isEmpty, isFull Maybe List to show all elements or an operation to count how many elements in the stack.",5.0,1.0,sag,sag-80
What are the main operations associated with a stack?,push and pop,"pop, push",5.0,1.0,sag,sag-80
What are the main operations associated with a stack?,push and pop,"isempty, push and pop, along with usually,",5.0,1.0,sag,sag-80
What are the main operations associated with a stack?,push and pop,push and pop,5.0,1.0,sag,sag-80
What are the main operations associated with a stack?,push and pop,push and pop. push puts objects into the stack and pop takes them out following the first in last out rule.,5.0,1.0,sag,sag-80
What are the main operations associated with a stack?,push and pop,"The main operations in a stack are push and pop. Push adds an item to the top of the stack, pop removes the top item from the stack.",5.0,1.0,sag,sag-80
What are the main operations associated with a stack?,push and pop,push and pop,5.0,1.0,sag,sag-80
What are the main operations associated with a stack?,push and pop,"push, which adds an item to the top of the stack, and pop, which takes the first item off the top to the stack",5.0,1.0,sag,sag-80
What are the main operations associated with a stack?,push and pop,"the main functions defined for a stack are push, which puts an element on the top of the stack, and pop, which removes an item from the top.",5.0,1.0,sag,sag-80
What are the main operations associated with a stack?,push and pop,Push Pop Full IsEmpty,5.0,1.0,sag,sag-80
What are the main operations associated with a stack?,push and pop,pop and push to remove an element and to insert an element,5.0,1.0,sag,sag-80
What are the main operations associated with a stack?,push and pop,"Push, Pop",5.0,1.0,sag,sag-80
What are the main operations associated with a stack?,push and pop,push and pop,5.0,1.0,sag,sag-80
What are the main operations associated with a stack?,push and pop,push Add an element to the top of the stack pop remove the top element from the stack,5.0,1.0,sag,sag-80
What are the main operations associated with a stack?,push and pop,push and pop,5.0,1.0,sag,sag-80
What is the Euler tour traversal of a tree?,"A walk around the tree, starting with the root, where each node is seen three times: from the left, from below, from the right.",When you traverse a tree of any size you will visit each node three times. Its on the order of 3n or Onrunning time.,4.0,0.8,sag,sag-81
What is the Euler tour traversal of a tree?,"A walk around the tree, starting with the root, where each node is seen three times: from the left, from below, from the right.","The Euler tour traversal of a tree begins at the root and visits each node in the tree from the left, then bottom, then right sides.",5.0,1.0,sag,sag-81
What is the Euler tour traversal of a tree?,"A walk around the tree, starting with the root, where each node is seen three times: from the left, from below, from the right.",Where you visit the in order according to its data value.,3.0,0.6,sag,sag-81
What is the Euler tour traversal of a tree?,"A walk around the tree, starting with the root, where each node is seen three times: from the left, from below, from the right.","It is a tree that shows how it functions. It contains parents, children, siblings, ancestors and descendents. The use of tree type algorithm is also an alternative sorting algorithm.",2.0,0.4,sag,sag-81
What is the Euler tour traversal of a tree?,"A walk around the tree, starting with the root, where each node is seen three times: from the left, from below, from the right.","Start from the root, circle around the whole tree, naming each node as you see it.",4.5,0.9,sag,sag-81
What is the Euler tour traversal of a tree?,"A walk around the tree, starting with the root, where each node is seen three times: from the left, from below, from the right.",it is where you visit the parent then you vistit the children,1.5,0.3,sag,sag-81
What is the Euler tour traversal of a tree?,"A walk around the tree, starting with the root, where each node is seen three times: from the left, from below, from the right.","To start from the root, traveling left and visiting ever child along the way till you return to the root from the right.",4.0,0.8,sag,sag-81
What is the Euler tour traversal of a tree?,"A walk around the tree, starting with the root, where each node is seen three times: from the left, from below, from the right.","Traversing a tree down to it is terminal child and then all of it is siblings, then it traverses up the terminal child 's parent and all of it is siblingsrepeating the first step if those siblings have childrenuntil the root node has been visited.",4.0,0.8,sag,sag-81
What is the Euler tour traversal of a tree?,"A walk around the tree, starting with the root, where each node is seen three times: from the left, from below, from the right.",The Euler tour traversal of a tree the function that iteratively keeps track of the pointer on each node.,3.0,0.6,sag,sag-81
What is the Euler tour traversal of a tree?,"A walk around the tree, starting with the root, where each node is seen three times: from the left, from below, from the right.","You travel the outside edge of the tree, clockwise, while naming each node.",4.0,0.8,sag,sag-81
What is the Euler tour traversal of a tree?,"A walk around the tree, starting with the root, where each node is seen three times: from the left, from below, from the right.",children to root,2.0,0.4,sag,sag-81
What is the Euler tour traversal of a tree?,"A walk around the tree, starting with the root, where each node is seen three times: from the left, from below, from the right.",go to the bottom of the left sub tree and visit the parent and then its children,3.0,0.6,sag,sag-81
What is the Euler tour traversal of a tree?,"A walk around the tree, starting with the root, where each node is seen three times: from the left, from below, from the right.",The Euler tour traverses through the tree in a rubber-band style shape.,3.5,0.7,sag,sag-81
What is the Euler tour traversal of a tree?,"A walk around the tree, starting with the root, where each node is seen three times: from the left, from below, from the right.","The Euler tour traversal of a tree is a specific way of navigating a tree that involves following the tree starting at the very top and moving along the left side of the tree first, cupping in to visit the parents of children nodes. It allows for each node to be visited from the left, the right and the bottom. The Euler tour first progresses to a left child if there is one, then progresses to it is parent, then it is next child, then it is parent 's parent.",4.5,0.9,sag,sag-81
What is the Euler tour traversal of a tree?,"A walk around the tree, starting with the root, where each node is seen three times: from the left, from below, from the right.",it runs through the parents and the children in order,3.0,0.6,sag,sag-81
What is the Euler tour traversal of a tree?,"A walk around the tree, starting with the root, where each node is seen three times: from the left, from below, from the right.","it starts node on the left of the root and then proceeds to visits each node in a left to right order, visits the root, and then proceeds to repeat the previous step on the right side of the tree.",3.5,0.7,sag,sag-81
What is the Euler tour traversal of a tree?,"A walk around the tree, starting with the root, where each node is seen three times: from the left, from below, from the right.","Travel from the root to the farthest left child Backup, travel the leftmost children in the right side repeat until reaching the rightmost child.",4.5,0.9,sag,sag-81
What is the Euler tour traversal of a tree?,"A walk around the tree, starting with the root, where each node is seen three times: from the left, from below, from the right.","has preorder, in order, and postorder of a tree. preorder equals puts the parent node in front of the child nodes. in order equals puts the parent node between the left child and right child nodes. postorder equals puts the parent node after the child nodes.",3.5,0.7,sag,sag-81
What is the Euler tour traversal of a tree?,"A walk around the tree, starting with the root, where each node is seen three times: from the left, from below, from the right.","The Euler traveral is when you go through a tree looking for nodes to put in the order of left, root, right. Like inOrder traversal.",4.0,0.8,sag,sag-81
What is the Euler tour traversal of a tree?,"A walk around the tree, starting with the root, where each node is seen three times: from the left, from below, from the right.","An Euler traversal is a traversal that begins with the root, and travels around the outside of the tree. Each element in the tree is visited 3 times. From the left, from the bottom and from the right.",5.0,1.0,sag,sag-81
What is the Euler tour traversal of a tree?,"A walk around the tree, starting with the root, where each node is seen three times: from the left, from below, from the right.",Euler tour traversal of a tree traverses down each branch straight to one leaf then starts again at the root and repeats until all elements have been traversed.,4.0,0.8,sag,sag-81
What is the Euler tour traversal of a tree?,"A walk around the tree, starting with the root, where each node is seen three times: from the left, from below, from the right.","The Euler tour visits every node in a tree, starting with the root and working around the tree counterclockwise. in-order, post-order, and pre-order traversals can be seen as variations of the Euler tour traversal.",4.5,0.9,sag,sag-81
What is the Euler tour traversal of a tree?,"A walk around the tree, starting with the root, where each node is seen three times: from the left, from below, from the right.",not answered,0.0,0.0,sag,sag-81
What is the Euler tour traversal of a tree?,"A walk around the tree, starting with the root, where each node is seen three times: from the left, from below, from the right.",to traverse going down to the left then go to the right of last children and back to the top .. kind of like going around the tree,5.0,1.0,sag,sag-81
What is the Euler tour traversal of a tree?,"A walk around the tree, starting with the root, where each node is seen three times: from the left, from below, from the right.","You recursively visit every node on the list. You visit the node from the left, the bottom, and from the right.",5.0,1.0,sag,sag-81
What is the Euler tour traversal of a tree?,"A walk around the tree, starting with the root, where each node is seen three times: from the left, from below, from the right.","the euler tour is a way to traverse a tree where you come into contact with each node three times, from the left, from the right, and from the bottom",5.0,1.0,sag,sag-81
What is the Euler tour traversal of a tree?,"A walk around the tree, starting with the root, where each node is seen three times: from the left, from below, from the right.",traversing a tree level by level,1.5,0.3,sag,sag-81
What is the Euler tour traversal of a tree?,"A walk around the tree, starting with the root, where each node is seen three times: from the left, from below, from the right.",The Euler traversal through the tree in a rubber band style shape.,3.5,0.7,sag,sag-81
How do you delete a node from a binary search tree?,"Find the node, then replace it with the leftmost node from its right subtreeor the rightmost node from its left subtree.","if root, set root to NULL else if deleting right leaf, set rightPtr of parent node to NULL else if deleting left leaf, set leftPtr of parent node to NULL else if deleting a left or right subtree child node, set the max leaf child in the left subtree as the new child node.",4.5,0.9,sag,sag-82
How do you delete a node from a binary search tree?,"Find the node, then replace it with the leftmost node from its right subtreeor the rightmost node from its left subtree.","Traverse the tree and find the node, if the node has no children, simply delete it; otherwise set the node 's data equal to the data of one of its children then set the pointer for that child to NULL.",3.5,0.7,sag,sag-82
How do you delete a node from a binary search tree?,"Find the node, then replace it with the leftmost node from its right subtreeor the rightmost node from its left subtree.",first attaching the elements from the node to be deleting to alternate nodes and then deleting that node. delete node;,3.5,0.7,sag,sag-82
How do you delete a node from a binary search tree?,"Find the node, then replace it with the leftmost node from its right subtreeor the rightmost node from its left subtree.","If you delete a node from a tree, you have to link that nodes parents to the children of that node.",3.5,0.7,sag,sag-82
How do you delete a node from a binary search tree?,"Find the node, then replace it with the leftmost node from its right subtreeor the rightmost node from its left subtree.",Must delete the information that the node containsto free up memory or garbage collectand also delete the pointerin that node 's parentthat points to the node you wish to delete.,2.0,0.4,sag,sag-82
How do you delete a node from a binary search tree?,"Find the node, then replace it with the leftmost node from its right subtreeor the rightmost node from its left subtree.",you replace the node with the largest element of its left subtree or replace it with the smallest element of the right subtree.,5.0,1.0,sag,sag-82
How do you delete a node from a binary search tree?,"Find the node, then replace it with the leftmost node from its right subtreeor the rightmost node from its left subtree.","You traverse the tree till you find the node you are wanting to delete. If the node has no children you delete it. If the node has children, before you delete, you find the left-most of its children and attach it to the root then you can delete the node.",4.0,0.8,sag,sag-82
How do you delete a node from a binary search tree?,"Find the node, then replace it with the leftmost node from its right subtreeor the rightmost node from its left subtree.",Link the to-be-deleted 's left child to the to-be-deleted 's parent 's left child pointer.,4.5,0.9,sag,sag-82
How do you delete a node from a binary search tree?,"Find the node, then replace it with the leftmost node from its right subtreeor the rightmost node from its left subtree.",The way you delete a node from a binary search tree is first you have take the root and then see the nodes that are coming from the root. And delete the nodes and set the root to NULL.,2.0,0.4,sag,sag-82
How do you delete a node from a binary search tree?,"Find the node, then replace it with the leftmost node from its right subtreeor the rightmost node from its left subtree.",You remove the element from the tree and move the next highest element from the left into its place.,4.5,0.9,sag,sag-82
How do you delete a node from a binary search tree?,"Find the node, then replace it with the leftmost node from its right subtreeor the rightmost node from its left subtree.",delete node;,1.5,0.3,sag,sag-82
How do you delete a node from a binary search tree?,"Find the node, then replace it with the leftmost node from its right subtreeor the rightmost node from its left subtree.","the deletion of a node depends upon if it has children and if it is an AVL binary search tree. Assuming it is not an AVL tree, and the node being deleted has no children, you just set its pointer to null. If it has a left child or a right child exclusively, that child replaces the deleted node, if it has two children, the left most child of the right sub treeor right most child of the left subtreewill replace it",5.0,1.0,sag,sag-82
How do you delete a node from a binary search tree?,"Find the node, then replace it with the leftmost node from its right subtreeor the rightmost node from its left subtree.","If the node is a leaf, just set it is parent 's pointer to null and delete it, if it has a single child, set the parent 's pointer to the child and delete; if it has two children, set the node to one of the middle children and remove that child from its previous position as a leafrightmost child of the left subtree or leftmost child of the right subtree.",5.0,1.0,sag,sag-82
How do you delete a node from a binary search tree?,"Find the node, then replace it with the leftmost node from its right subtreeor the rightmost node from its left subtree.","In a binary search tree, you must first establish a proper replacement for the node you are about to delete, usually a child from the soon to be deleted node. Once that replacement node has been found, you simply reassign it to where the node that is going to be deleted is. After the deleted node has been usurped, you remove the deleted node from memory so it may be used again.",4.0,0.8,sag,sag-82
How do you delete a node from a binary search tree?,"Find the node, then replace it with the leftmost node from its right subtreeor the rightmost node from its left subtree.",It all depends on where the node is located. If its a child it can just be deleted but for a node inside the tree it must be replaced with another node that works in its place.,3.5,0.7,sag,sag-82
How do you delete a node from a binary search tree?,"Find the node, then replace it with the leftmost node from its right subtreeor the rightmost node from its left subtree.","if the node has no children, delete it right away, otherwise, put either the furthest right node on the left side or the furthest left node on the right side in that place and perform a the above on that node to guarantee that it is children get handled properly.",5.0,1.0,sag,sag-82
How do you delete a node from a binary search tree?,"Find the node, then replace it with the leftmost node from its right subtreeor the rightmost node from its left subtree.",Create a temp Node Set temp 's values to the Node after head or NULL in the case of only head Node in the list. Set head equal to temp. Delete temp,2.0,0.4,sag,sag-82
How do you delete a node from a binary search tree?,"Find the node, then replace it with the leftmost node from its right subtreeor the rightmost node from its left subtree.","by searching down the tree until you find the node, and replacing the link to that node with the greatest child node on the left subtree or the least child node on the right subtree.",4.5,0.9,sag,sag-82
How do you delete a node from a binary search tree?,"Find the node, then replace it with the leftmost node from its right subtreeor the rightmost node from its left subtree.","Set the nodes to NULL, where that it does not point to anything, and the use the DELETE opertator to clear space from memory.",1.5,0.3,sag,sag-82
How do you delete a node from a binary search tree?,"Find the node, then replace it with the leftmost node from its right subtreeor the rightmost node from its left subtree.","You must first traverse the tree to find the appropriate value. Then you must make sure that the node is a leaf node. If it is, then you can delete the pointer to that specific node.",3.0,0.6,sag,sag-82
How do you delete a node from a binary search tree?,"Find the node, then replace it with the leftmost node from its right subtreeor the rightmost node from its left subtree.","if the node is a leaf, you set it is parent 's pointer to null. if the node is in the tree you must replace the node with one in the tree: either the largest in the left of the tree or the smallest in the right of the tree. this can be done recursively if needed.",5.0,1.0,sag,sag-82
How do you delete a node from a binary search tree?,"Find the node, then replace it with the leftmost node from its right subtreeor the rightmost node from its left subtree.","if the node is a leaf it can simply be deallocated or deleted from memory, and its parent 's reference to it changed to NULL. If the node has a single child, the pointer to it should be made to point to its child before deleting the node. Should the node have two children, the easiest solution may be to copy the node 's entire subtree to a new array or tree, delete the node and all descendants, then add the elements taken from the subtree back into the main tree.",4.5,0.9,sag,sag-82
How do you delete a node from a binary search tree?,"Find the node, then replace it with the leftmost node from its right subtreeor the rightmost node from its left subtree.",not answered,0.0,0.0,sag,sag-82
How do you delete a node from a binary search tree?,"Find the node, then replace it with the leftmost node from its right subtreeor the rightmost node from its left subtree.",you cannot delete a node because that can cause a node to have more than 2 children,1.5,0.3,sag,sag-82
How do you delete a node from a binary search tree?,"Find the node, then replace it with the leftmost node from its right subtreeor the rightmost node from its left subtree.","You search the tree for the node using recursion. When you find the node, you determine whether it is a leaf or a internal node. If it is a leaf, you just delete it and set the parent pointer to that node to NULL. If it is a node, you replace the node with either of the children nodes.",4.0,0.8,sag,sag-82
How do you delete a node from a binary search tree?,"Find the node, then replace it with the leftmost node from its right subtreeor the rightmost node from its left subtree.","to delete the node, you would have to link the children nodes that are connected to the node to be deleted to the remaining nodes of the tree in such a way that nodes on the right of the parent node are larger than the parent and nodes on the left of the parent node are smaller",4.0,0.8,sag,sag-82
How do you delete a node from a binary search tree?,"Find the node, then replace it with the leftmost node from its right subtreeor the rightmost node from its left subtree.","if it has no children, you just delete it. if it only has one child, just replace the node with whichever child it has. if it has both children, replace it with one of its children, and send the other child down along the other side of the new node.",4.0,0.8,sag,sag-82
How do you delete a node from a binary search tree?,"Find the node, then replace it with the leftmost node from its right subtreeor the rightmost node from its left subtree.",pointer to the child and delete it has 2 children set the node to the child and delete it. the node to th middle will then take its place,3.0,0.6,sag,sag-82
